date,bowl,team_a,team_b,away_team,home_team,neutral_site,favorite,dk_spread,dk_total,adv_stats_coverage,model_home_margin,model_home_winprob,model_margin_fav,model_winprob_fav,fastai_winprob_fav,ensemble_winprob_fav,edge_vs_spread,pick_against_spread,massey_margin_fav,massey_edge_vs_spread,rf_total,rf_margin_fav,sp_plus_diff,fpi_diff,elo_diff,srs_diff,away_norm,home_norm,your_home_spread,dk_home_spread,lineopen,line,road,home,linehow,linedokter,linebihl,linemidweek,linekeep,linecong,linebillings,lineharville,linebig200,linepiratings,linepimean,linepibias,linefei,linerwp,linemassey,lineclean,linecraig,linedonchess,linefluker,linesag,linesagpred,linesaggm,linesagr,lineversus,linedwig,linefpi,linetalis,linecfp,linepig,linefidler,neutral,linekerns,linel2,linepfz,linemoore,lineelo,lineborn,linelaz,linekam,linel2hf,linepayne,linepaynep,linepaynewl,lineteamrank,linelog,linecons,lineloud,linecurry,linedunk,linewayward,linedoi,lineargh,lineround,lineavg,linestd,linemedian,phcover,phwin,lineca,lineopen_road_aligned,lineopen_home_spread,line_road_aligned,line_home_spread,linehow_road_aligned,linehow_home_spread,linedokter_road_aligned,linedokter_home_spread,linebihl_road_aligned,linebihl_home_spread,linemidweek_road_aligned,linemidweek_home_spread,linekeep_road_aligned,linekeep_home_spread,linecong_road_aligned,linecong_home_spread,linebillings_road_aligned,linebillings_home_spread,lineharville_road_aligned,lineharville_home_spread,linebig200_road_aligned,linebig200_home_spread,linepiratings_road_aligned,linepiratings_home_spread,linepimean_road_aligned,linepimean_home_spread,linepibias_road_aligned,linepibias_home_spread,linefei_road_aligned,linefei_home_spread,linerwp_road_aligned,linerwp_home_spread,linemassey_road_aligned,linemassey_home_spread,lineclean_road_aligned,lineclean_home_spread,linecraig_road_aligned,linecraig_home_spread,linedonchess_road_aligned,linedonchess_home_spread,linefluker_road_aligned,linefluker_home_spread,linesag_road_aligned,linesag_home_spread,linesagpred_road_aligned,linesagpred_home_spread,linesaggm_road_aligned,linesaggm_home_spread,linesagr_road_aligned,linesagr_home_spread,lineversus_road_aligned,lineversus_home_spread,linedwig_road_aligned,linedwig_home_spread,linefpi_road_aligned,linefpi_home_spread,linetalis_road_aligned,linetalis_home_spread,linecfp_road_aligned,linecfp_home_spread,linepig_road_aligned,linepig_home_spread,linefidler_road_aligned,linefidler_home_spread,linekerns_road_aligned,linekerns_home_spread,linel2_road_aligned,linel2_home_spread,linepfz_road_aligned,linepfz_home_spread,linemoore_road_aligned,linemoore_home_spread,lineelo_road_aligned,lineelo_home_spread,lineborn_road_aligned,lineborn_home_spread,linelaz_road_aligned,linelaz_home_spread,linekam_road_aligned,linekam_home_spread,linel2hf_road_aligned,linel2hf_home_spread,linepayne_road_aligned,linepayne_home_spread,linepaynep_road_aligned,linepaynep_home_spread,linepaynewl_road_aligned,linepaynewl_home_spread,lineteamrank_road_aligned,lineteamrank_home_spread,linelog_road_aligned,linelog_home_spread,linecons_road_aligned,linecons_home_spread,lineloud_road_aligned,lineloud_home_spread,linecurry_road_aligned,linecurry_home_spread,linedunk_road_aligned,linedunk_home_spread,linewayward_road_aligned,linewayward_home_spread,linedoi_road_aligned,linedoi_home_spread,lineargh_road_aligned,lineargh_home_spread,lineround_road_aligned,lineround_home_spread,lineavg_road_aligned,lineavg_home_spread,linemedian_road_aligned,linemedian_home_spread,lineca_road_aligned,lineca_home_spread,edge_vs_dk,abs_edge_vs_dk,open_home_spread,current_home_spread,edge_vs_market,abs_edge_vs_market,ratings_sources_home,ratings_count,ratings_mean_home,ratings_median_home,ratings_std,ratings_z,dk_vs_market_conflict,flag_high_dispersion,flag_outlier_market,flag_outlier_ratings,robust_edge,move_from_open_raw,flag_move_data_issue,move_from_open,flag_big_move,agreement_rate,agreement_n,disagree_sources,clv_direction,your_vs_median,your_vs_linesag,your_vs_linemassey,your_vs_lineelo,your_vs_linemoore,tier,tier_reasons,flags,total_pick,total_edge
2025-12-17,68 Ventures Bowl,Louisiana,Delaware,Louisiana,Delaware,True,Louisiana,-3.0,61.5,1.0,2.48,0.4659,-2.48,0.5341,,0.5341,-5.48,Delaware,7.79,4.79,,4.84,4.0,6.51,88.0,5.1,louisiana,delaware,-2.48,3.0,-3.5,-3.0,Louisiana-Lafayette,Delaware,-2.0,-3.0,-1.67,-3.0,-3.14,-4.69,-4.728,-3.2,0.25,-6.6,-6.3,-6.5,-3.0,-1.58,-8.16,-8.0,,-3.3,,-6.37,-6.42,-5.18,-8.36,-1.51,-4.0,,-2.12,,,-6.67,1.0,4.475,-1.554278562,1.14,-1.28,-3.709334409,,-0.032,-6.6798,10.029624135,,,,-3.4,-0.05179347,-3.2025,-1.0,-10.84,-12.774,-5.63,1.5,,,-4.006348999,3.4595836762,-3.4,0.4824999466,0.4029729274,-3.0,-3.5,3.5,-3.0,3.0,-2.0,2.0,-3.0,3.0,-1.67,1.67,-3.0,3.0,-3.14,3.14,-4.69,4.69,-4.728,4.728,-3.2,3.2,0.25,-0.25,-6.6,6.6,-6.3,6.3,-6.5,6.5,-3.0,3.0,-1.58,1.58,-8.16,8.16,-8.0,8.0,,,-3.3,3.3,,,-6.37,6.37,-6.42,6.42,-5.18,5.18,-8.36,8.36,-1.51,1.51,-4.0,4.0,,,-2.12,2.12,,,,,-6.67,6.67,4.475,-4.475,-1.554278562,1.554278562,1.14,-1.14,-1.28,1.28,-3.709334409,3.709334409,,,-0.032,0.032,-6.6798,6.6798,10.029624135,-10.029624135,,,,,,,-3.4,3.4,-0.05179347,0.05179347,-3.2025,3.2025,-1.0,1.0,-10.84,10.84,-12.774,12.774,-5.63,5.63,1.5,-1.5,,,,,-4.006348999,4.006348999,-3.4,3.4,-3.0,3.0,-5.48,5.48,3.5,3.0,-5.48,5.48,linesag|linemassey|lineelo|linemoore,4,4.879833602250001,5.039667204500001,2.612898668873256,-2.8167313527790716,False,False,True,True,2.097287608310929,-0.5,False,-0.5,False,0.25,4,"linesag, linemassey, lineelo",TOWARD_YOU,-7.519667204500001,-8.85,-10.64,-6.189334409000001,-3.76,A,EDGE_DK=-5.48|EDGE_MKT=-5.48|OUTLIER_MKT|RATINGS_Z=-2.82,OUTLIER_MARKET|OUTLIER_RATINGS,,
2025-12-17,Cure Bowl,Old Dominion,South Florida,Old Dominion,South Florida,True,South Florida,-2.5,52.5,1.0,3.4,0.5635,3.4,0.5635,,0.5635,0.9,South Florida,7.44,4.94,,0.81,6.2,7.15,116.0,10.2,olddominion,usf,-3.4,-2.5,7.5,3.0,Old Dominion,South Florida,3.5,7.13,9.55,3.0,15.09,13.01,6.023,5.78,5.297,5.5,6.1,5.7,10.2,4.86,7.5,4.0,,3.6,,9.2,8.65,8.7,11.23,12.88,,,12.23,,,9.54,1.0,15.125,12.423001355,7.88,11.1,9.202252534,,0.081,3.0515,18.964489223,,,,9.4,1.8199204764,9.45,6.0,7.28,12.149,7.1,15.5,,,8.4725487191,3.6903636944,8.675,0.5941556778,0.6977400841,4.0,7.5,-7.5,3.0,-3.0,3.5,-3.5,7.13,-7.13,9.55,-9.55,3.0,-3.0,15.09,-15.09,13.01,-13.01,6.023,-6.023,5.78,-5.78,5.297,-5.297,5.5,-5.5,6.1,-6.1,5.7,-5.7,10.2,-10.2,4.86,-4.86,7.5,-7.5,4.0,-4.0,,,3.6,-3.6,,,9.2,-9.2,8.65,-8.65,8.7,-8.7,11.23,-11.23,12.88,-12.88,,,,,12.23,-12.23,,,,,9.54,-9.54,15.125,-15.125,12.423001355,-12.423001355,7.88,-7.88,11.1,-11.1,9.202252534,-9.202252534,,,0.081,-0.081,3.0515,-3.0515,18.964489223,-18.964489223,,,,,,,9.4,-9.4,1.8199204764,-1.8199204764,9.45,-9.45,6.0,-6.0,7.28,-7.28,12.149,-12.149,7.1,-7.1,15.5,-15.5,,,,,8.4725487191,-8.4725487191,8.675,-8.675,4.0,-4.0,-0.8999999999999999,0.8999999999999999,-7.5,-3.0,-0.3999999999999999,0.3999999999999999,linesag|linemassey|lineelo|linemoore,4,-9.2505631335,-9.201126267,1.273752188617557,4.593172192975621,False,False,False,True,0.7065738595329114,4.5,False,4.5,True,1.0,4,,TOWARD_YOU,5.801126266999999,5.799999999999999,4.1,5.802252533999999,7.699999999999999,X-REVIEW,EDGE_DK=-0.90|EDGE_MKT=-0.40|BIG_MOVE=4.50|RATINGS_Z=4.59,OUTLIER_RATINGS|BIG_MOVE,,
2025-12-18,Xbox Bowl,Missouri State,Arkansas State,Missouri State,Arkansas State,True,Arkansas State,-1.5,54.5,1.0,2.34,0.5764,2.34,0.5764,,0.5764,0.84,Arkansas State,1.55,0.05,,1.57,-2.1,0.45,-64.0,-4.3,missouristate,arkansasstate,-2.34,-1.5,,,,,,,,,,,,,,,,,,,,,,,,,,,,,,,,,,,,,,,,,,,,,,,,,,,,,,,,,,,,,,,,,,,,,,,,,,,,,,,,,,,,,,,,,,,,,,,,,,,,,,,,,,,,,,,,,,,,,,,,,,,,,,,,,,,,,,,,,,,,,,,,,,,,,,,,,,,,,,,,,,,,,,,,,,,,,,,,,,-0.8399999999999999,0.8399999999999999,,,,,linesag|linemassey|lineelo|linemoore,0,,,,,False,False,False,False,,,False,,False,,0,,,,,,,,C,EDGE_DK=-0.84,,,
2025-12-19,CFP First Round,Alabama,Oklahoma,Alabama,Oklahoma,False,Alabama,-1.5,40.5,1.0,3.14,0.7906,-3.14,0.2094,,0.2094,-4.64,Oklahoma,13.44,11.94,,-0.66,1.5,4.47,142.0,1.6,alabama,oklahoma,-3.14,1.5,-2.0,-1.0,Alabama,Oklahoma,4.5,1.72,2.17,-1.0,,0.38,6.558,-1.32,2.812,1.4,1.3,1.5,0.2,3.32,-2.49,-5.0,,0.2,,1.14,0.07,0.62,2.45,1.68,2.0,,2.93,,,1.77,0.0,1.075,1.801426074,3.32,2.99,4.289692199,,3.015,1.5727,5.286933874,,,,-1.5,0.8414395072,4.9,,8.49,5.466,1.56,1.5,,,1.8997171742,2.4637995166,1.7,0.5505901163,0.5468867496,0.0,-2.0,2.0,-1.0,1.0,4.5,-4.5,1.72,-1.72,2.17,-2.17,-1.0,1.0,,,0.38,-0.38,6.558,-6.558,-1.32,1.32,2.812,-2.812,1.4,-1.4,1.3,-1.3,1.5,-1.5,0.2,-0.2,3.32,-3.32,-2.49,2.49,-5.0,5.0,,,0.2,-0.2,,,1.14,-1.14,0.07,-0.07,0.62,-0.62,2.45,-2.45,1.68,-1.68,2.0,-2.0,,,2.93,-2.93,,,,,1.77,-1.77,1.075,-1.075,1.801426074,-1.801426074,3.32,-3.32,2.99,-2.99,4.289692199,-4.289692199,,,3.015,-3.015,1.5727,-1.5727,5.286933874,-5.286933874,,,,,,,-1.5,1.5,0.8414395072,-0.8414395072,4.9,-4.9,,,8.49,-8.49,5.466,-5.466,1.56,-1.56,1.5,-1.5,,,,,1.8997171742,-1.8997171742,1.7,-1.7,0.0,-0.0,-4.640000000000001,4.640000000000001,2.0,1.0,-4.140000000000001,4.140000000000001,linesag|linemassey|lineelo|linemoore,4,-1.48242304975,-2.065,2.552006405185981,-0.6495191183225897,False,False,True,False,1.8181772547948811,-1.0,False,-1.0,False,0.75,4,linemassey,TOWARD_YOU,-1.0750000000000002,-2.0,-5.630000000000001,1.149692199,-0.1499999999999999,A,EDGE_DK=-4.64|EDGE_MKT=-4.14|OUTLIER_MKT|RATINGS_Z=-0.65,OUTLIER_MARKET,,
2025-12-19,Gasparilla Bowl,Memphis,NC State,Memphis,NC State,True,NC State,-4.5,58.5,1.0,2.87,0.6267,2.87,0.6267,,0.6267,-1.63,Memphis,-2.19,-6.69,,6.41,-10.6,-3.88,-179.0,-2.0,memphis,ncstate,-2.87,-4.5,5.5,4.5,Memphis,NC St.,-1.5,3.56,1.71,4.5,1.74,2.78,0.143,4.38,8.757,-1.4,5.6,6.2,1.7,1.32,-0.02,-9.5,,3.3,,6.02,5.57,6.36,6.8,3.09,4.0,,1.3,,,1.19,1.0,-6.925,1.237936193,-4.48,2.91,4.278950925,,0.155,-0.2916,7.144250448,,,,2.8,0.6041588304,2.8,,8.29,8.683,1.86,4.0,,,2.3896834356,3.9052922016,2.8,0.4634558406,0.5578946629,4.5,5.5,-5.5,4.5,-4.5,-1.5,1.5,3.56,-3.56,1.71,-1.71,4.5,-4.5,1.74,-1.74,2.78,-2.78,0.143,-0.143,4.38,-4.38,8.757,-8.757,-1.4,1.4,5.6,-5.6,6.2,-6.2,1.7,-1.7,1.32,-1.32,-0.02,0.02,-9.5,9.5,,,3.3,-3.3,,,6.02,-6.02,5.57,-5.57,6.36,-6.36,6.8,-6.8,3.09,-3.09,4.0,-4.0,,,1.3,-1.3,,,,,1.19,-1.19,-6.925,6.925,1.237936193,-1.237936193,-4.48,4.48,2.91,-2.91,4.278950925,-4.278950925,,,0.155,-0.155,-0.2916,0.2916,7.144250448,-7.144250448,,,,,,,2.8,-2.8,0.6041588304,-0.6041588304,2.8,-2.8,,,8.29,-8.29,8.683,-8.683,1.86,-1.86,4.0,-4.0,,,,,2.3896834356,-2.3896834356,2.8,-2.8,4.5,-4.5,1.63,1.63,-5.5,-4.5,1.63,1.63,linesag|linemassey|lineelo|linemoore,4,-3.29723773125,-3.5944754625,2.209706676973426,0.1933459022874364,False,False,False,False,0.7376544665342487,1.0,False,1.0,False,0.75,4,linesag,TOWARD_YOU,0.7244754625000001,3.1499999999999995,-2.89,1.408950925,0.04,C,EDGE_DK=1.63|EDGE_MKT=1.63|RATINGS_Z=0.19,,,
2025-12-19,Myrtle Beach Bowl,Kennesaw State,Western Michigan,Kennesaw State,Western Michigan,True,Western Michigan,-3.5,48.5,1.0,2.69,0.8405,2.69,0.8405,,0.8405,-0.81,Kennesaw State,4.99,1.49,,0.73,-1.7,1.74,22.0,1.1,kennesawstate,westernmichigan,-2.69,-3.5,,,,,,,,,,,,,,,,,,,,,,,,,,,,,,,,,,,,,,,,,,,,,,,,,,,,,,,,,,,,,,,,,,,,,,,,,,,,,,,,,,,,,,,,,,,,,,,,,,,,,,,,,,,,,,,,,,,,,,,,,,,,,,,,,,,,,,,,,,,,,,,,,,,,,,,,,,,,,,,,,,,,,,,,,,,,,,,,,,0.81,0.81,,,,,linesag|linemassey|lineelo|linemoore,0,,,,,False,False,False,False,,,False,,False,,0,,,,,,,,C,EDGE_DK=0.81,,,
2025-12-20,CFP First Round,Miami,Texas A&M,Miami,Texas A&M,False,Texas A&M,-3.5,50.5,1.0,3.22,0.7746,3.22,0.7746,,0.7746,-0.28,Miami,8.58,5.08,,1.54,2.4,0.6,-11.0,0.3,miami,texasaandm,-3.22,-3.5,,,,,,,,,,,,,,,,,,,,,,,,,,,,,,,,,,,,,,,,,,,,,,,,,,,,,,,,,,,,,,,,,,,,,,,,,,,,,,,,,,,,,,,,,,,,,,,,,,,,,,,,,,,,,,,,,,,,,,,,,,,,,,,,,,,,,,,,,,,,,,,,,,,,,,,,,,,,,,,,,,,,,,,,,,,,,,,,,,0.2799999999999998,0.2799999999999998,,,,,linesag|linemassey|lineelo|linemoore,0,,,,,False,False,False,False,,,False,,False,,0,,,,,,,,C,EDGE_DK=0.28,,,
2025-12-20,CFP First Round,Tulane,Ole Miss,Tulane,Ole Miss,False,Ole Miss,-17.5,56.5,1.0,3.12,0.7659,3.12,0.7659,,0.7659,-14.38,Tulane,12.3,-5.2,,1.14,16.1,14.53,384.0,11.7,tulane,olemiss,-3.12,-17.5,,,,,,,,,,,,,,,,,,,,,,,,,,,,,,,,,,,,,,,,,,,,,,,,,,,,,,,,,,,,,,,,,,,,,,,,,,,,,,,,,,,,,,,,,,,,,,,,,,,,,,,,,,,,,,,,,,,,,,,,,,,,,,,,,,,,,,,,,,,,,,,,,,,,,,,,,,,,,,,,,,,,,,,,,,,,,,,,,,14.38,14.38,,,,,linesag|linemassey|lineelo|linemoore,0,,,,,False,False,False,False,,,False,,False,,0,,,,,,,,C,EDGE_DK=14.38,,,
2025-12-20,CFP First Round,James Madison,Oregon,James Madison,Oregon,False,Oregon,-21.0,47.5,1.0,3.63,0.5173,3.63,0.5173,,0.5173,-17.37,James Madison,11.61,-9.39,,-2.3,14.1,16.42,212.0,14.0,jamesmadison,oregon,-3.63,-21.0,21.0,21.5,James Madison,Oregon,10.5,21.52,16.55,21.5,,19.99,15.453,23.11,23.729,25.4,22.9,23.9,25.6,12.25,24.66,7.5,,23.0,,18.39,17.06,19.19,20.82,24.7,20.0,,20.16,,,16.57,0.0,25.675,21.805690421,13.04,8.96,16.306133845,,3.198,21.0719,21.447654072,,,,21.0,13.108780714,9.1,,20.35,19.591,15.28,22.0,,,18.620270119,5.6240944186,20.08,0.4509415838,0.8647151856,21.5,21.0,-21.0,21.5,-21.5,10.5,-10.5,21.52,-21.52,16.55,-16.55,21.5,-21.5,,,19.99,-19.99,15.453,-15.453,23.11,-23.11,23.729,-23.729,25.4,-25.4,22.9,-22.9,23.9,-23.9,25.6,-25.6,12.25,-12.25,24.66,-24.66,7.5,-7.5,,,23.0,-23.0,,,18.39,-18.39,17.06,-17.06,19.19,-19.19,20.82,-20.82,24.7,-24.7,20.0,-20.0,,,20.16,-20.16,,,,,16.57,-16.57,25.675,-25.675,21.805690421,-21.805690421,13.04,-13.04,8.96,-8.96,16.306133845,-16.306133845,,,3.198,-3.198,21.0719,-21.0719,21.447654072,-21.447654072,,,,,,,21.0,-21.0,13.108780714,-13.108780714,9.1,-9.1,,,20.35,-20.35,19.591,-19.591,15.28,-15.28,22.0,-22.0,,,,,18.620270119,-18.620270119,20.08,-20.08,21.5,-21.5,17.37,17.37,-21.0,-21.5,17.87,17.87,linesag|linemassey|lineelo|linemoore,4,-17.07903346125,-17.348066922500003,5.60592911766341,2.399073049081942,False,True,True,True,3.0985051069000917,-0.5,False,-0.5,False,0.75,4,linemassey,AWAY_FROM_YOU,13.718066922500004,14.760000000000002,21.03,12.676133845000004,5.330000000000001,X-REVIEW,EDGE_DK=17.37|EDGE_MKT=17.87|OUTLIER_MKT|RATINGS_Z=2.40,OUTLIER_MARKET|OUTLIER_RATINGS|HIGH_STD_RATINGS,,
2025-12-22,Potato Bowl,Washington State,Utah State,Washington State,Utah State,True,Utah State,-2.5,50.5,1.0,2.71,0.5126,2.71,0.5126,,0.5126,0.21,Utah State,-7.68,-10.18,,1.49,-1.5,-1.93,-53.0,-5.3,washingtonstate,utahstate,-2.71,-2.5,-1.0,2.5,Washington St.,Utah St.,-2.5,,-4.91,2.5,-5.17,-5.69,-3.126,-6.77,-5.45,,,,,-5.22,-7.56,-7.5,,1.7,,-5.77,-5.46,-5.6,-7.06,-4.22,-6.0,,-4.43,,,6.99,1.0,-9.075,-5.071414217,-1.31,-2.22,-4.743666999,,-0.068,-7.4671,10.742917178,,,,-4.0,-0.028659721,-4.2,,-4.1,-3.777,-5.62,-1.0,,,-4.262443163,3.078586082,-4.990707109,0.3837807544,0.3964313252,1.0,-1.0,1.0,2.5,-2.5,-2.5,2.5,,,-4.91,4.91,2.5,-2.5,-5.17,5.17,-5.69,5.69,-3.126,3.126,-6.77,6.77,-5.45,5.45,,,,,,,,,-5.22,5.22,-7.56,7.56,-7.5,7.5,,,1.7,-1.7,,,-5.77,5.77,-5.46,5.46,-5.6,5.6,-7.06,7.06,-4.22,4.22,-6.0,6.0,,,-4.43,4.43,,,,,6.99,-6.99,-9.075,9.075,-5.071414217,5.071414217,-1.31,1.31,-2.22,2.22,-4.743666999,4.743666999,,,-0.068,0.068,-7.4671,7.4671,10.742917178,-10.742917178,,,,,,,-4.0,4.0,-0.028659721,0.028659721,-4.2,4.2,,,-4.1,4.1,-3.777,3.777,-5.62,5.62,-1.0,1.0,,,,,-4.262443163,4.262443163,-4.990707109,4.990707109,1.0,-1.0,-0.2099999999999999,0.2099999999999999,1.0,-2.5,-0.2099999999999999,0.2099999999999999,linesag|linemassey|lineelo|linemoore,4,5.073416749749999,5.2568334995,1.9312590796437856,-4.03022920735504,False,False,False,True,0.1087373528562174,-3.5,False,-3.5,True,0.0,4,"linesag, linemassey, lineelo, linemoore",TOWARD_YOU,-7.9668334995,-8.48,-10.27,-7.453666999,-4.93,C,EDGE_DK=-0.21|EDGE_MKT=-0.21|BIG_MOVE=-3.50|RATINGS_Z=-4.03,OUTLIER_RATINGS|BIG_MOVE,,
2025-12-23,Boca Raton Bowl,Toledo,Louisville,Toledo,Louisville,True,Louisville,-6.5,45.5,1.0,3.28,0.4797,3.28,0.4797,,0.4797,-3.22,Toledo,10.97,4.47,,0.8,0.7,3.06,-11.0,0.0,toledo,louisville,-3.28,-6.5,9.5,7.0,Toledo,Louisville,3.0,,5.94,7.0,1.04,7.66,10.766,9.48,,,,,,5.92,12.87,1.5,,10.3,,8.02,7.83,11.82,4.84,6.05,5.0,,4.01,,,3.49,1.0,8.05,5.439521435,-1.19,0.54,2.712957008,,0.201,7.1135,12.967731667,,,,6.9,1.9057359992,10.15,,,6.251,5.14,8.5,,,5.9781326148,3.5613213483,5.995,0.4822423103,0.6428447522,7.0,9.5,-9.5,7.0,-7.0,3.0,-3.0,,,5.94,-5.94,7.0,-7.0,1.04,-1.04,7.66,-7.66,10.766,-10.766,9.48,-9.48,,,,,,,,,,,5.92,-5.92,12.87,-12.87,1.5,-1.5,,,10.3,-10.3,,,8.02,-8.02,7.83,-7.83,11.82,-11.82,4.84,-4.84,6.05,-6.05,5.0,-5.0,,,4.01,-4.01,,,,,3.49,-3.49,8.05,-8.05,5.439521435,-5.439521435,-1.19,1.19,0.54,-0.54,2.712957008,-2.712957008,,,0.201,-0.201,7.1135,-7.1135,12.967731667,-12.967731667,,,,,,,6.9,-6.9,1.9057359992,-1.9057359992,10.15,-10.15,,,,,6.251,-6.251,5.14,-5.14,8.5,-8.5,,,,,5.9781326148,-5.9781326148,5.995,-5.995,7.0,-7.0,3.22,3.22,-9.5,-7.0,3.72,3.72,linesag|linemassey|lineelo|linemoore,4,-6.035739252,-5.366478504,4.792922971807554,0.5749600542736719,False,True,False,False,0.6718238575792597,2.5,False,2.5,False,0.5,4,"linesag, linemassey",TOWARD_YOU,2.086478504,4.74,9.59,-0.5670429919999997,-2.74,B,EDGE_DK=3.22|EDGE_MKT=3.72|RATINGS_Z=0.57,HIGH_STD_RATINGS,,
2025-12-23,Frisco Bowl,UNLV,Ohio,UNLV,Ohio,True,UNLV,-5.5,65.5,1.0,2.92,0.6213,-2.92,0.3787,,0.3787,-8.42,Ohio,-4.29,-9.79,,-0.7,8.4,3.76,91.0,3.4,unlv,ohio,-2.92,5.5,-4.0,-5.0,UNLV,Ohio,-6.5,,-5.62,-5.0,-8.94,1.74,-8.871,-2.98,,,,,,-4.6,-4.59,1.0,,-3.5,,-5.04,-4.91,-5.16,-5.65,-5.82,-7.0,,-6.3,,,-5.17,1.0,-6.65,-6.317899632,-1.21,-2.52,-5.009477106,,-0.057,-7.7631,0.9987926226,,,,-3.6,-1.055721565,-8.75,,,-8.396,-6.33,-3.0,,,-4.917149225,2.7432553613,-5.165,0.5014473312,0.3805418587,-5.0,-4.0,4.0,-5.0,5.0,-6.5,6.5,,,-5.62,5.62,-5.0,5.0,-8.94,8.94,1.74,-1.74,-8.871,8.871,-2.98,2.98,,,,,,,,,,,-4.6,4.6,-4.59,4.59,1.0,-1.0,,,-3.5,3.5,,,-5.04,5.04,-4.91,4.91,-5.16,5.16,-5.65,5.65,-5.82,5.82,-7.0,7.0,,,-6.3,6.3,,,,,-5.17,5.17,-6.65,6.65,-6.317899632,6.317899632,-1.21,1.21,-2.52,2.52,-5.009477106,5.009477106,,,-0.057,0.057,-7.7631,7.7631,0.9987926226,-0.9987926226,,,,,,,-3.6,3.6,-1.055721565,1.055721565,-8.75,8.75,,,,,-8.396,8.396,-6.33,6.33,-3.0,3.0,,,,,-4.917149225,4.917149225,-5.165,5.165,-5.0,5.0,-8.42,8.42,4.0,5.0,-7.92,7.92,linesag|linemassey|lineelo|linemoore,4,4.2898692765,4.799738553,1.0371893797305778,-6.951352778383489,False,False,True,True,8.118093151114982,1.0,False,1.0,False,1.0,4,,AWAY_FROM_YOU,-7.719738553,-7.96,-7.51,-7.929477106,-5.4399999999999995,X-REVIEW,EDGE_DK=-8.42|EDGE_MKT=-7.92|OUTLIER_MKT|RATINGS_Z=-6.95,OUTLIER_MARKET|OUTLIER_RATINGS,,
2025-12-23,New Orleans Bowl,Western Kentucky,Southern Miss,Western Kentucky,Southern Miss,True,Western Kentucky,-4.5,57.5,1.0,2.85,0.672,-2.85,0.328,,0.328,-7.35,Southern Miss,10.74,6.24,,-2.99,5.3,-0.84,104.0,2.9,westernkentucky,southernmiss,-2.85,4.5,-3.0,-4.0,Western Kentucky,Southern Miss.,-4.0,,-2.0,-4.0,-4.89,-6.91,-7.397,-5.55,,,,,,-2.24,-8.31,-8.5,,-2.2,,-2.47,-3.05,-1.7,-2.95,-4.87,-4.0,,-4.62,,,-2.25,1.0,5.875,-2.349120801,-2.96,2.45,-4.979566329,,0.026,-3.9179,-9.674244667,,,,-3.1,-0.557103916,-4.9,,,2.238,-5.51,0.5,,,-3.151152904,3.1499989326,-3.075,0.5147913044,0.4231002617,-4.0,-3.0,3.0,-4.0,4.0,-4.0,4.0,,,-2.0,2.0,-4.0,4.0,-4.89,4.89,-6.91,6.91,-7.397,7.397,-5.55,5.55,,,,,,,,,,,-2.24,2.24,-8.31,8.31,-8.5,8.5,,,-2.2,2.2,,,-2.47,2.47,-3.05,3.05,-1.7,1.7,-2.95,2.95,-4.87,4.87,-4.0,4.0,,,-4.62,4.62,,,,,-2.25,2.25,5.875,-5.875,-2.349120801,2.349120801,-2.96,2.96,2.45,-2.45,-4.979566329,4.979566329,,,0.026,-0.026,-3.9179,3.9179,-9.674244667,9.674244667,,,,,,,-3.1,3.1,-0.557103916,0.557103916,-4.9,4.9,,,,,2.238,-2.238,-5.51,5.51,0.5,-0.5,,,,,-3.151152904,3.151152904,-3.075,3.075,-4.0,4.0,-7.35,7.35,3.0,4.0,-6.85,6.85,linesag|linemassey|lineelo|linemoore,4,3.3273915822500006,3.7247831645,3.9264946790489192,-1.5732586154290416,False,False,True,False,1.8718986273477711,1.0,False,1.0,False,0.5,4,"linemassey, lineelo",AWAY_FROM_YOU,-6.574783164499999,-5.32,-11.16,-7.829566329,-0.3999999999999999,X-REVIEW,EDGE_DK=-7.35|EDGE_MKT=-6.85|OUTLIER_MKT|RATINGS_Z=-1.57,OUTLIER_MARKET,,
2025-12-24,Hawai'i Bowl,California,Hawai'i,California,Hawai'i,False,California,-1.5,54.5,1.0,2.59,0.5545,-2.59,0.4455,,0.4455,-4.09,Hawai'i,11.92,10.42,,0.73,-3.0,1.01,-70.0,-2.0,california,hawaii,-2.59,1.5,-2.5,-1.5,California,Hawaii,5.5,,3.04,-1.5,-1.97,1.79,-4.248,-4.92,,,,,,2.06,-5.54,-5.5,,-1.5,,0.05,-1.08,0.92,-0.02,2.38,-1.0,,-0.05,,,-1.75,1.0,-0.575,1.6298480684,3.01,-2.0,2.599491893,,-0.092,-6.4797,11.513828735,,,,-2.7,-0.82017336,-0.35,,,-0.46,0.36,5.0,,,-0.396512001,2.9991108734,-0.221,0.5192424581,0.4902467431,-1.5,-2.5,2.5,-1.5,1.5,5.5,-5.5,,,3.04,-3.04,-1.5,1.5,-1.97,1.97,1.79,-1.79,-4.248,4.248,-4.92,4.92,,,,,,,,,,,2.06,-2.06,-5.54,5.54,-5.5,5.5,,,-1.5,1.5,,,0.05,-0.05,-1.08,1.08,0.92,-0.92,-0.02,0.02,2.38,-2.38,-1.0,1.0,,,-0.05,0.05,,,,,-1.75,1.75,-0.575,0.575,1.6298480684,-1.6298480684,3.01,-3.01,-2.0,2.0,2.599491893,-2.599491893,,,-0.092,0.092,-6.4797,6.4797,11.513828735,-11.513828735,,,,,,,-2.7,2.7,-0.82017336,0.82017336,-0.35,0.35,,,,,-0.46,0.46,0.36,-0.36,5.0,-5.0,,,,,-0.396512001,0.396512001,-0.221,0.221,-1.5,1.5,-4.09,4.09,2.5,1.5,-4.09,4.09,linesag|linemassey|lineelo|linemoore,4,1.22262702675,0.975,2.9779267416952417,-1.280295775368735,False,False,True,False,1.3734387561433727,-1.0,False,-1.0,False,0.5,4,"linemassey, linemoore",TOWARD_YOU,-3.565,-2.54,-8.129999999999999,0.0094918930000003,-4.59,A,EDGE_DK=-4.09|EDGE_MKT=-4.09|OUTLIER_MKT|RATINGS_Z=-1.28,OUTLIER_MARKET,,
2025-12-26,First Responder Bowl,Florida International,UTSA,Florida International,UTSA,True,UTSA,-9.5,59.5,1.0,2.77,0.6595,2.77,0.6595,,0.6595,-6.73,Florida International,9.65,0.15,,1.45,12.0,12.04,242.0,11.7,fiu,utsa,-2.77,-9.5,8.5,8.5,Florida Intl.,Texas-San Antonio,3.0,,9.3,8.5,11.19,13.54,6.392,7.7,,,,,,5.57,14.22,7.0,,9.7,,10.37,11.85,11.57,8.45,12.26,10.0,,10.81,,,8.64,1.0,35.7,12.146507515,4.93,5.48,5.571917626,,0.119,9.0496,20.156187207,,,,10.4,0.788476872,6.65,,,12.138,10.98,14.0,,,9.9575675047,5.8913929671,9.85,0.5248077693,0.7210739624,8.5,8.5,-8.5,8.5,-8.5,3.0,-3.0,,,9.3,-9.3,8.5,-8.5,11.19,-11.19,13.54,-13.54,6.392,-6.392,7.7,-7.7,,,,,,,,,,,5.57,-5.57,14.22,-14.22,7.0,-7.0,,,9.7,-9.7,,,10.37,-10.37,11.85,-11.85,11.57,-11.57,8.45,-8.45,12.26,-12.26,10.0,-10.0,,,10.81,-10.81,,,,,8.64,-8.64,35.7,-35.7,12.146507515,-12.146507515,4.93,-4.93,5.48,-5.48,5.571917626,-5.571917626,,,0.119,-0.119,9.0496,-9.0496,20.156187207,-20.156187207,,,,,,,10.4,-10.4,0.788476872,-0.788476872,6.65,-6.65,,,,,12.138,-12.138,10.98,-10.98,14.0,-14.0,,,,,9.9575675047,-9.9575675047,9.85,-9.85,8.5,-8.5,6.73,6.73,-8.5,-8.5,5.73,5.73,linesag|linemassey|lineelo|linemoore,4,-8.9104794065,-7.970958812999999,3.648129418492685,1.6831857377025543,False,False,True,False,1.844781044741737,0.0,False,0.0,False,0.5,4,"linesag, linemassey",NEUTRAL,5.200958813,7.6,11.45,2.8019176260000003,2.7100000000000004,A,EDGE_DK=6.73|EDGE_MKT=5.73|OUTLIER_MKT|RATINGS_Z=1.68,OUTLIER_MARKET,,
2025-12-26,GameAbove Sports Bowl,Central Michigan,Northwestern,Central Michigan,Northwestern,True,Northwestern,-10.5,43.5,1.0,2.69,0.5214,2.69,0.5214,,0.5214,-7.81,Central Michigan,15.72,5.22,,0.16,6.3,13.01,240.0,9.1,centralmichigan,northwestern,-2.69,-10.5,,,,,,,,,,,,,,,,,,,,,,,,,,,,,,,,,,,,,,,,,,,,,,,,,,,,,,,,,,,,,,,,,,,,,,,,,,,,,,,,,,,,,,,,,,,,,,,,,,,,,,,,,,,,,,,,,,,,,,,,,,,,,,,,,,,,,,,,,,,,,,,,,,,,,,,,,,,,,,,,,,,,,,,,,,,,,,,,,,7.81,7.81,,,,,linesag|linemassey|lineelo|linemoore,0,,,,,False,False,False,False,,,False,,False,,0,,,,,,,,C,EDGE_DK=7.81,,,
2025-12-26,Rate Bowl,New Mexico,Minnesota,New Mexico,Minnesota,True,Minnesota,-2.5,45.5,1.0,2.65,0.5481,2.65,0.5481,,0.5481,0.15,Minnesota,19.15,16.65,,-2.53,-0.2,2.79,0.0,-0.7,newmexico,minnesota,-2.65,-2.5,3.0,2.5,New Mexico,Minnesota,-4.5,,0.27,2.5,0.18,14.68,2.664,8.56,,,,,,0.37,11.41,0.5,,2.2,,8.44,8.85,7.6,9.82,3.3,6.0,,0.51,,,7.42,1.0,-2.1,-0.340259401,0.69,3.25,0.608899505,,0.082,5.2301,7.909524405,,,,8.9,0.2740516076,-0.2345,,,5.207,2.03,2.5,,,3.8032413368,4.486390917,2.582,0.5224844488,0.5908409282,2.5,3.0,-3.0,2.5,-2.5,-4.5,4.5,,,0.27,-0.27,2.5,-2.5,0.18,-0.18,14.68,-14.68,2.664,-2.664,8.56,-8.56,,,,,,,,,,,0.37,-0.37,11.41,-11.41,0.5,-0.5,,,2.2,-2.2,,,8.44,-8.44,8.85,-8.85,7.6,-7.6,9.82,-9.82,3.3,-3.3,6.0,-6.0,,,0.51,-0.51,,,,,7.42,-7.42,-2.1,2.1,-0.340259401,0.340259401,0.69,-0.69,3.25,-3.25,0.608899505,-0.608899505,,,0.082,-0.082,5.2301,-5.2301,7.909524405,-7.909524405,,,,,,,8.9,-8.9,0.2740516076,-0.2740516076,-0.2345,0.2345,,,,,5.207,-5.207,2.03,-2.03,2.5,-2.5,,,,,3.8032413368,-3.8032413368,2.582,-2.582,2.5,-2.5,-0.1499999999999999,0.1499999999999999,-3.0,-2.5,-0.1499999999999999,0.1499999999999999,linesag|linemassey|lineelo|linemoore,4,-5.92722487625,-5.845,4.237539960656475,0.7733791083216821,False,True,False,False,0.0353978962777172,0.5,False,0.5,False,0.75,4,lineelo,TOWARD_YOU,3.195,5.789999999999999,8.76,-2.041100495,0.6000000000000001,C,EDGE_DK=-0.15|EDGE_MKT=-0.15|RATINGS_Z=0.77,HIGH_STD_RATINGS,,
2025-12-27,Arizona Bowl,Miami (OH),Fresno State,Miami (OH),Fresno State,True,Fresno State,-4.5,42.5,1.0,2.7,0.6625,2.7,0.6625,,0.6625,-1.8,Miami (OH),6.55,2.05,,1.28,1.8,-2.23,27.0,-0.7,miamioh,fresnostate,-2.7,-4.5,,,,,,,,,,,,,,,,,,,,,,,,,,,,,,,,,,,,,,,,,,,,,,,,,,,,,,,,,,,,,,,,,,,,,,,,,,,,,,,,,,,,,,,,,,,,,,,,,,,,,,,,,,,,,,,,,,,,,,,,,,,,,,,,,,,,,,,,,,,,,,,,,,,,,,,,,,,,,,,,,,,,,,,,,,,,,,,,,,1.7999999999999998,1.7999999999999998,,,,,linesag|linemassey|lineelo|linemoore,0,,,,,False,False,False,False,,,False,,False,,0,,,,,,,,C,EDGE_DK=1.80,,,
2025-12-27,Fenway Bowl,UConn,Army,UConn,Army,True,Army,-8.5,44.5,1.0,2.82,0.5439,2.82,0.5439,,0.5439,-5.68,UConn,12.63,4.13,,1.93,-8.8,-3.72,-50.0,-2.2,uconn,army,-2.82,-8.5,,,,,,,,,,,,,,,,,,,,,,,,,,,,,,,,,,,,,,,,,,,,,,,,,,,,,,,,,,,,,,,,,,,,,,,,,,,,,,,,,,,,,,,,,,,,,,,,,,,,,,,,,,,,,,,,,,,,,,,,,,,,,,,,,,,,,,,,,,,,,,,,,,,,,,,,,,,,,,,,,,,,,,,,,,,,,,,,,,5.68,5.68,,,,,linesag|linemassey|lineelo|linemoore,0,,,,,False,False,False,False,,,False,,False,,0,,,,,,,,C,EDGE_DK=5.68,,,
2025-12-27,Gator Bowl,Virginia,Missouri,Virginia,Missouri,True,Missouri,-7.0,47.5,1.0,3.14,0.3115,3.14,0.3115,,0.3115,-3.86,Virginia,10.34,3.34,,0.1,4.4,7.44,144.0,3.2,virginia,missouri,-3.14,-7.0,7.0,6.5,Virginia,Missouri,-3.0,,2.83,6.5,4.02,10.52,5.333,4.37,,,,,,1.49,9.18,9.5,,7.0,,5.92,5.25,4.16,9.41,5.54,8.0,,3.63,,,8.36,1.0,10.475,4.636702493,2.87,4.39,8.417849229,,0.021,1.3061,7.8483489974,,,,7.2,0.8950133056,1.05,,,11.985,5.16,7.5,,,5.5508217241,3.4728032922,5.2915,0.4834949777,0.6331862375,6.5,7.0,-7.0,6.5,-6.5,-3.0,3.0,,,2.83,-2.83,6.5,-6.5,4.02,-4.02,10.52,-10.52,5.333,-5.333,4.37,-4.37,,,,,,,,,,,1.49,-1.49,9.18,-9.18,9.5,-9.5,,,7.0,-7.0,,,5.92,-5.92,5.25,-5.25,4.16,-4.16,9.41,-9.41,5.54,-5.54,8.0,-8.0,,,3.63,-3.63,,,,,8.36,-8.36,10.475,-10.475,4.636702493,-4.636702493,2.87,-2.87,4.39,-4.39,8.417849229,-8.417849229,,,0.021,-0.021,1.3061,-1.3061,7.8483489974,-7.8483489974,,,,,,,7.2,-7.2,0.8950133056,-0.8950133056,1.05,-1.05,,,,,11.985,-11.985,5.16,-5.16,7.5,-7.5,,,,,5.5508217241,-5.5508217241,5.2915,-5.2915,6.5,-6.5,3.86,3.86,-7.0,-6.5,3.36,3.36,linesag|linemassey|lineelo|linemoore,4,-6.97696230725,-7.1689246145,1.919575050305856,1.9988602720371031,False,False,False,False,2.0108617266019193,0.5,False,0.5,False,0.5,4,"linemassey, lineelo",TOWARD_YOU,4.028924614499999,2.78,6.039999999999999,5.277849228999999,1.2499999999999996,B,EDGE_DK=3.86|EDGE_MKT=3.36|RATINGS_Z=2.00,,,
2025-12-27,Military Bowl,Pittsburgh,East Carolina,Pittsburgh,East Carolina,True,Pittsburgh,-8.5,57.5,1.0,3.06,0.5833,-3.06,0.4167,,0.4167,-11.56,East Carolina,10.51,2.01,,-1.08,5.7,6.73,200.0,8.1,pittsburgh,eastcarolina,-3.06,8.5,-6.0,-7.0,Pittsburgh,East Carolina,-0.5,,-4.13,-7.0,-6.14,-10.44,-6.88,-9.33,,,,,,-3.19,-6.09,3.5,,-4.8,,-8.76,-8.45,-9.03,-9.76,-5.75,-6.0,,-4.75,,,-5.31,1.0,-2.025,-5.254636584,6.67,-0.46,-4.086359493,,-0.082,-6.4584,-5.012355654,,,,-7.6,-0.263468724,-3.801,,,-4.789,-3.79,-1.5,,,-4.632879869,3.8433756921,-5.027318292,0.5409949021,0.3887449218,-7.0,-6.0,6.0,-7.0,7.0,-0.5,0.5,,,-4.13,4.13,-7.0,7.0,-6.14,6.14,-10.44,10.44,-6.88,6.88,-9.33,9.33,,,,,,,,,,,-3.19,3.19,-6.09,6.09,3.5,-3.5,,,-4.8,4.8,,,-8.76,8.76,-8.45,8.45,-9.03,9.03,-9.76,9.76,-5.75,5.75,-6.0,6.0,,,-4.75,4.75,,,,,-5.31,5.31,-2.025,2.025,-5.254636584,5.254636584,6.67,-6.67,-0.46,0.46,-4.086359493,4.086359493,,,-0.082,0.082,-6.4584,6.4584,-5.012355654,5.012355654,,,,,,,-7.6,7.6,-0.263468724,0.263468724,-3.801,3.801,,,,,-4.789,4.789,-3.79,3.79,-1.5,1.5,,,,,-4.632879869,4.632879869,-5.027318292,5.027318292,-7.0,7.0,-11.56,11.56,6.0,7.0,-10.06,10.06,linesag|linemassey|lineelo|linemoore,4,4.84908987325,5.0881797465,3.02823973252649,-2.611777987158028,False,False,True,True,3.8173992223381146,1.0,False,1.0,False,0.75,4,linesag,AWAY_FROM_YOU,-8.1481797465,-11.82,-9.15,-7.146359493,-3.52,X-REVIEW,EDGE_DK=-11.56|EDGE_MKT=-10.06|OUTLIER_MKT|RATINGS_Z=-2.61,OUTLIER_MARKET|OUTLIER_RATINGS,,
2025-12-27,New Mexico Bowl,North Texas,San Diego State,North Texas,San Diego State,True,North Texas,-3.0,54.5,1.0,3.2,0.5846,-3.2,0.4154,,0.4154,-6.2,San Diego State,-4.44,-7.44,,-0.92,9.2,6.4,211.0,7.9,northtexas,sandiegostate,-3.2,3.0,,,,,,,,,,,,,,,,,,,,,,,,,,,,,,,,,,,,,,,,,,,,,,,,,,,,,,,,,,,,,,,,,,,,,,,,,,,,,,,,,,,,,,,,,,,,,,,,,,,,,,,,,,,,,,,,,,,,,,,,,,,,,,,,,,,,,,,,,,,,,,,,,,,,,,,,,,,,,,,,,,,,,,,,,,,,,,,,,,-6.2,6.2,,,,,linesag|linemassey|lineelo|linemoore,0,,,,,False,False,False,False,,,False,,False,,0,,,,,,,,C,EDGE_DK=-6.20,,,
2025-12-27,Pinstripe Bowl,Penn State,Clemson,Penn State,Clemson,True,Clemson,-3.5,48.5,1.0,2.99,0.6802,2.99,0.6802,,0.6802,-0.51,Penn State,-0.33,-3.83,,2.73,-7.2,-7.35,-248.0,-9.0,pennstate,clemson,-2.99,-3.5,-1.0,3.5,Penn St.,Clemson,-3.0,,-6.66,3.5,-7.54,-1.92,1.25,-7.44,,,,,,-4.03,-8.47,-0.5,,2.5,,-4.5,-4.99,-5.24,-3.51,-10.53,-11.0,,-9.17,,,-3.09,1.0,-3.925,-9.499940118,0.75,2.66,-3.945146338,,-0.106,-4.6444,-8.754561018,,,,-5.9,-0.292661197,-1.75,,,0.013,-4.4,-6.5,,,-4.169582882,3.7328720614,-4.215,0.3692665586,0.3994661999,2.0,-1.0,1.0,3.5,-3.5,-3.0,3.0,,,-6.66,6.66,3.5,-3.5,-7.54,7.54,-1.92,1.92,1.25,-1.25,-7.44,7.44,,,,,,,,,,,-4.03,4.03,-8.47,8.47,-0.5,0.5,,,2.5,-2.5,,,-4.5,4.5,-4.99,4.99,-5.24,5.24,-3.51,3.51,-10.53,10.53,-11.0,11.0,,,-9.17,9.17,,,,,-3.09,3.09,-3.925,3.925,-9.499940118,9.499940118,0.75,-0.75,2.66,-2.66,-3.945146338,3.945146338,,,-0.106,0.106,-4.6444,4.6444,-8.754561018,8.754561018,,,,,,,-5.9,5.9,-0.292661197,0.292661197,-1.75,1.75,,,,,0.013,-0.013,-4.4,4.4,-6.5,6.5,,,,,-4.169582882,4.169582882,-4.215,4.215,2.0,-2.0,0.5099999999999998,0.5099999999999998,1.0,-3.5,0.5099999999999998,0.5099999999999998,linesag|linemassey|lineelo|linemoore,4,3.5637865845,4.222573169,3.994633285696764,-1.6406478682202377,False,False,False,False,0.1276712938396904,-4.5,False,-4.5,True,1.0,4,,TOWARD_YOU,-7.212573169000001,-7.49,-11.46,-6.935146338,-0.33,X-REVIEW,EDGE_DK=0.51|EDGE_MKT=0.51|BIG_MOVE=-4.50|RATINGS_Z=-1.64,BIG_MOVE,,
2025-12-27,Pop-Tarts Bowl,Georgia Tech,BYU,Georgia Tech,BYU,True,BYU,-4.5,56.5,1.0,3.04,0.8401,3.04,0.8401,,0.8401,-1.46,Georgia Tech,2.05,-2.45,,-2.33,8.5,10.88,208.0,12.4,georgiatech,byu,-3.04,-4.5,2.5,4.5,Georgia Tech,BYU,12.0,,11.61,4.5,10.44,4.22,8.0,8.52,,,,,,9.08,8.89,8.0,,4.0,,4.57,3.59,5.33,5.42,11.2,17.0,,10.61,,,7.0,1.0,-4.625,13.072951019,12.03,11.32,15.041773596,,0.075,7.0992,20.416088959,,,,8.3,2.3256003912,8.4,,,6.537,8.78,16.5,,,8.4003641538,4.5772519364,8.46,0.5669581779,0.6937843293,5.0,2.5,-2.5,4.5,-4.5,12.0,-12.0,,,11.61,-11.61,4.5,-4.5,10.44,-10.44,4.22,-4.22,8.0,-8.0,8.52,-8.52,,,,,,,,,,,9.08,-9.08,8.89,-8.89,8.0,-8.0,,,4.0,-4.0,,,4.57,-4.57,3.59,-3.59,5.33,-5.33,5.42,-5.42,11.2,-11.2,17.0,-17.0,,,10.61,-10.61,,,,,7.0,-7.0,-4.625,4.625,13.072951019,-13.072951019,12.03,-12.03,11.32,-11.32,15.041773596,-15.041773596,,,0.075,-0.075,7.0992,-7.0992,20.416088959,-20.416088959,,,,,,,8.3,-8.3,2.3256003912,-2.3256003912,8.4,-8.4,,,,,6.537,-6.537,8.78,-8.78,16.5,-16.5,,,,,8.4003641538,-8.4003641538,8.46,-8.46,5.0,-5.0,1.46,1.46,-2.5,-4.5,1.46,1.46,linesag|linemassey|lineelo|linemoore,4,-9.955443399,-10.105,3.8036475858888426,1.8181083401773637,False,False,False,False,0.383842079749043,-2.0,False,-2.0,False,0.0,4,"linesag, linemassey, lineelo, linemoore",AWAY_FROM_YOU,7.065,1.5300000000000002,5.8500000000000005,12.001773596,8.280000000000001,C,EDGE_DK=1.46|EDGE_MKT=1.46|RATINGS_Z=1.82,,,
2025-12-27,Texas Bowl,LSU,Houston,LSU,Houston,True,Houston,-3.0,41.5,1.0,2.65,0.5479,2.65,0.5479,,0.5479,-0.35,LSU,-16.61,-19.61,,4.28,-2.9,-8.26,-211.0,-3.5,lsu,houston,-2.65,-3.0,3.0,3.0,LSU,Houston,3.0,,0.3,3.0,-3.64,-11.69,-3.839,-2.86,,,,,,3.45,-5.02,-6.5,,2.1,,-5.32,-5.77,-4.9,-6.23,-3.21,-1.0,,-1.46,,,-5.13,1.0,-8.1,-3.761634076,0.44,-4.24,-2.209484019,,-0.184,-7.122,-9.879052956,,,,-8.3,-0.73213418,-2.5515,,,-5.796,-5.88,-0.5,,,-3.53078727,3.4900893055,-3.800317038,0.3879343323,0.4143329351,2.0,3.0,-3.0,3.0,-3.0,3.0,-3.0,,,0.3,-0.3,3.0,-3.0,-3.64,3.64,-11.69,11.69,-3.839,3.839,-2.86,2.86,,,,,,,,,,,3.45,-3.45,-5.02,5.02,-6.5,6.5,,,2.1,-2.1,,,-5.32,5.32,-5.77,5.77,-4.9,4.9,-6.23,6.23,-3.21,3.21,-1.0,1.0,,,-1.46,1.46,,,,,-5.13,5.13,-8.1,8.1,-3.761634076,3.761634076,0.44,-0.44,-4.24,4.24,-2.209484019,2.209484019,,,-0.184,0.184,-7.122,7.122,-9.879052956,9.879052956,,,,,,,-8.3,8.3,-0.73213418,0.73213418,-2.5515,2.5515,,,,,-5.796,5.796,-5.88,5.88,-0.5,0.5,,,,,-3.53078727,3.53078727,-3.800317038,3.800317038,2.0,-2.0,0.3500000000000001,0.3500000000000001,-3.0,-3.0,0.3500000000000001,0.3500000000000001,linesag|linemassey|lineelo|linemoore,4,4.19737100475,4.63,1.2135203154616216,-5.642568086835257,False,False,False,True,0.2884170916140456,0.0,False,0.0,False,1.0,4,,NEUTRAL,-7.279999999999999,-7.970000000000001,-7.67,-4.859484019,-6.890000000000001,C,EDGE_DK=0.35|EDGE_MKT=0.35|RATINGS_Z=-5.64,OUTLIER_RATINGS,,
2025-12-29,Birmingham Bowl,Georgia Southern,App State,Georgia Southern,App State,True,Georgia Southern,-7.0,59.5,1.0,2.38,0.5588,-2.38,0.4412,,0.4412,-9.38,App State,-10.53,-17.53,,-1.67,-1.5,0.69,-2.0,-0.7,georgiasouthern,appalachianstate,-2.38,7.0,-2.0,-4.5,Georgia Southern,Appalachian St.,-5.5,,-0.81,-4.5,-0.82,-7.67,-3.057,-2.46,,,,,3.8,,0.83,-5.0,,-2.1,,-3.06,-2.23,-4.06,-3.2,-1.06,,,,,,-1.3,1.0,3.125,0.339880543,1.48,-5.74,-2.744878853,,-0.049,0.7236,-5.211252823,,,,-1.8,-1.575476776,-3.92,,,-2.574,1.08,2.5,,,-1.617014225,2.7670819402,-1.95,0.5502236303,0.4601860648,-4.0,-2.0,2.0,-4.5,4.5,-5.5,5.5,,,-0.81,0.81,-4.5,4.5,-0.82,0.82,-7.67,7.67,-3.057,3.057,-2.46,2.46,,,,,,,,,3.8,-3.8,,,0.83,-0.83,-5.0,5.0,,,-2.1,2.1,,,-3.06,3.06,-2.23,2.23,-4.06,4.06,-3.2,3.2,-1.06,1.06,,,,,,,,,,,-1.3,1.3,3.125,-3.125,0.339880543,-0.339880543,1.48,-1.48,-5.74,5.74,-2.744878853,2.744878853,,,-0.049,0.049,0.7236,-0.7236,-5.211252823,5.211252823,,,,,,,-1.8,1.8,-1.575476776,1.575476776,-3.92,3.92,,,,,-2.574,2.574,1.08,-1.08,2.5,-2.5,,,,,-1.617014225,1.617014225,-1.95,1.95,-4.0,4.0,-9.38,9.38,2.0,4.5,-6.88,6.88,linesag|linemassey|lineelo|linemoore,4,2.67871971325,2.9024394265,2.33625248576807,-2.1653137852464974,False,False,True,True,4.014977001476026,2.5,False,2.5,False,1.0,4,,AWAY_FROM_YOU,-5.2824394265,-5.4399999999999995,-1.5499999999999998,-5.124878853,-8.120000000000001,X-REVIEW,EDGE_DK=-9.38|EDGE_MKT=-6.88|OUTLIER_MKT|RATINGS_Z=-2.17,OUTLIER_MARKET|OUTLIER_RATINGS,,
2025-12-30,Alamo Bowl,USC,TCU,USC,TCU,True,USC,-4.5,57.5,1.0,3.07,0.7886,-3.07,0.2114,,0.2114,-7.57,TCU,2.57,-1.93,,0.3,9.6,10.97,296.0,9.0,usc,tcu,-3.07,4.5,-5.5,-4.5,USC,TCU,-9.0,,-8.52,-4.5,-11.97,-4.13,-5.009,-9.39,,,,,,,-6.85,-1.0,,-6.8,,-7.18,-7.39,-6.2,-8.91,-13.58,-9.0,,,,,-7.16,1.0,-15.55,-11.92651871,-10.36,-2.76,-6.147686169,,-0.042,-6.3957,-8.786359906,,,,-11.1,-1.351582292,-5.453,,,-11.073,-8.76,-8.5,,,-7.862746603,3.5130760991,-7.945,0.4417336974,0.3149787841,-5.5,-5.5,5.5,-4.5,4.5,-9.0,9.0,,,-8.52,8.52,-4.5,4.5,-11.97,11.97,-4.13,4.13,-5.009,5.009,-9.39,9.39,,,,,,,,,,,,,-6.85,6.85,-1.0,1.0,,,-6.8,6.8,,,-7.18,7.18,-7.39,7.39,-6.2,6.2,-8.91,8.91,-13.58,13.58,-9.0,9.0,,,,,,,,,-7.16,7.16,-15.55,15.55,-11.92651871,11.92651871,-10.36,10.36,-2.76,2.76,-6.147686169,6.147686169,,,-0.042,0.042,-6.3957,6.3957,-8.786359906,8.786359906,,,,,,,-11.1,11.1,-1.351582292,1.351582292,-5.453,5.453,,,,,-11.073,11.073,-8.76,8.76,-8.5,8.5,,,,,-7.862746603,7.862746603,-7.945,7.945,-5.5,5.5,-7.57,7.57,5.5,4.5,-7.57,7.57,linesag|linemassey|lineelo|linemoore,4,5.734421542249999,6.4988430845,1.7572836663178788,-5.010244908665388,False,False,True,True,4.307784875655156,-1.0,False,-1.0,False,0.25,4,"linesag, linemassey, lineelo",TOWARD_YOU,-9.5688430845,-10.25,-9.92,-9.217686169,-5.83,X-REVIEW,EDGE_DK=-7.57|EDGE_MKT=-7.57|OUTLIER_MKT|RATINGS_Z=-5.01,OUTLIER_MARKET|OUTLIER_RATINGS,,
2025-12-30,Independence Bowl,Coastal Carolina,Louisiana Tech,Coastal Carolina,Louisiana Tech,True,Louisiana Tech,-8.5,50.5,1.0,2.57,0.5795,2.57,0.5795,,0.5795,-5.93,Coastal Carolina,7.07,-1.43,,1.2,10.0,6.21,179.0,6.9,coastalcarolina,louisianatech,-2.57,-8.5,7.0,9.0,Coastal Carolina,Louisiana Tech,5.0,,9.17,9.0,11.06,6.31,-3.246,7.71,,,,,,,4.32,2.0,,5.1,,7.27,8.9,3.68,10.11,13.52,14.0,,,,,7.9,1.0,16.325,13.52672277,13.36,11.23,2.038003874,,-0.039,6.5069,25.506759124,,,,9.5,0.0140948308,6.44,,,0.917,5.15,16.5,,,7.6520938087,4.9862194426,7.49,0.476848091,0.6766070772,9.0,7.0,-7.0,9.0,-9.0,5.0,-5.0,,,9.17,-9.17,9.0,-9.0,11.06,-11.06,6.31,-6.31,-3.246,3.246,7.71,-7.71,,,,,,,,,,,,,4.32,-4.32,2.0,-2.0,,,5.1,-5.1,,,7.27,-7.27,8.9,-8.9,3.68,-3.68,10.11,-10.11,13.52,-13.52,14.0,-14.0,,,,,,,,,7.9,-7.9,16.325,-16.325,13.52672277,-13.52672277,13.36,-13.36,11.23,-11.23,2.038003874,-2.038003874,,,-0.039,0.039,6.5069,-6.5069,25.506759124,-25.506759124,,,,,,,9.5,-9.5,0.0140948308,-0.0140948308,6.44,-6.44,,,,,0.917,-0.917,5.15,-5.15,16.5,-16.5,,,,,7.6520938087,-7.6520938087,7.49,-7.49,9.0,-9.0,5.93,5.93,-7.0,-9.0,6.43,6.43,linesag|linemassey|lineelo|linemoore,4,-6.2145009685,-5.795,3.4388068657780586,1.0598155438064714,False,False,True,False,1.724435314763828,-2.0,False,-2.0,False,0.75,4,linemoore,AWAY_FROM_YOU,3.225,4.699999999999999,1.7500000000000004,-0.5319961259999997,8.66,X-REVIEW,EDGE_DK=5.93|EDGE_MKT=6.43|OUTLIER_MKT|RATINGS_Z=1.06,OUTLIER_MARKET,,
2025-12-30,Music City Bowl,Tennessee,Illinois,Tennessee,Illinois,True,Tennessee,-2.5,61.5,1.0,2.95,0.5913,-2.95,0.4087,,0.4087,-5.45,Illinois,11.94,9.44,,-3.95,6.8,7.88,280.0,3.8,tennessee,illinois,-2.95,2.5,-6.5,-2.5,Tennessee,Illinois,0.5,,-1.27,-2.5,-1.2,-1.58,-2.677,-3.38,,,,,,,-9.59,-3.5,,-4.2,,-6.06,-5.96,-5.15,-7.51,-4.15,-2.0,,,,,-7.21,1.0,-8.755,0.637329974,-6.18,-4.52,-3.620166489,,0.048,-3.6174,-2.09486849,,,,-3.1,-0.553323728,-1.4105,,,-6.287,-4.16,3.0,,,-3.675062018,2.9549472103,-3.618783245,0.4795053612,0.4103169635,-2.5,-6.5,6.5,-2.5,2.5,0.5,-0.5,,,-1.27,1.27,-2.5,2.5,-1.2,1.2,-1.58,1.58,-2.677,2.677,-3.38,3.38,,,,,,,,,,,,,-9.59,9.59,-3.5,3.5,,,-4.2,4.2,,,-6.06,6.06,-5.96,5.96,-5.15,5.15,-7.51,7.51,-4.15,4.15,-2.0,2.0,,,,,,,,,-7.21,7.21,-8.755,8.755,0.637329974,-0.637329974,-6.18,6.18,-4.52,4.52,-3.620166489,3.620166489,,,0.048,-0.048,-3.6174,3.6174,-2.09486849,2.09486849,,,,,,,-3.1,3.1,-0.553323728,0.553323728,-1.4105,1.4105,,,,,-6.287,6.287,-4.16,4.16,3.0,-3.0,,,,,-3.675062018,3.675062018,-3.618783245,3.618783245,-2.5,2.5,-5.45,5.45,6.5,2.5,-5.45,5.45,linesag|linemassey|lineelo|linemoore,4,5.947541622249999,5.289999999999999,2.276768544148369,-3.907969321307602,False,False,True,True,2.3937435423584463,-4.0,False,-4.0,True,0.0,4,"linesag, linemassey, lineelo, linemoore",TOWARD_YOU,-8.239999999999998,-9.01,-12.54,-6.570166489,-7.47,X-REVIEW,EDGE_DK=-5.45|EDGE_MKT=-5.45|OUTLIER_MKT|BIG_MOVE=-4.00|RATINGS_Z=-3.91,OUTLIER_MARKET|OUTLIER_RATINGS|BIG_MOVE,,
2025-12-31,Citrus Bowl,Michigan,Texas,Michigan,Texas,True,Texas,-7.5,46.5,1.0,2.93,0.7549,2.93,0.7549,,0.7549,-4.57,Michigan,-7.52,-15.02,,1.39,-0.3,2.39,55.0,-1.0,michigan,texas,-2.93,-7.5,4.5,7.5,Michigan,Texas,1.0,,-1.27,7.5,-2.48,10.7,,0.9,,,,,,,1.58,6.0,,3.3,,4.98,3.68,4.92,7.0,-1.75,2.0,,,,,4.53,1.0,4.1,-2.02827326,-0.43,7.39,5.184891145,,-0.028,2.2948,8.820902345,,,,1.8,1.1915075356,0.9835,,,7.243,0.86,1.5,,,2.739256218,3.2670613469,2.0,0.4176767567,0.5668558112,6.5,4.5,-4.5,7.5,-7.5,1.0,-1.0,,,-1.27,1.27,7.5,-7.5,-2.48,2.48,10.7,-10.7,,,0.9,-0.9,,,,,,,,,,,,,1.58,-1.58,6.0,-6.0,,,3.3,-3.3,,,4.98,-4.98,3.68,-3.68,4.92,-4.92,7.0,-7.0,-1.75,1.75,2.0,-2.0,,,,,,,,,4.53,-4.53,4.1,-4.1,-2.02827326,2.02827326,-0.43,0.43,7.39,-7.39,5.184891145,-5.184891145,,,-0.028,0.028,2.2948,-2.2948,8.820902345,-8.820902345,,,,,,,1.8,-1.8,1.1915075356,-1.1915075356,0.9835,-0.9835,,,,,7.243,-7.243,0.86,-0.86,1.5,-1.5,,,,,2.739256218,-2.739256218,2.0,-2.0,6.5,-6.5,4.57,4.57,-4.5,-7.5,4.57,4.57,linesag|linemassey|lineelo|linemoore,4,-4.78372278625,-5.0824455725,2.077015972660631,0.8924932743176762,False,False,True,False,2.200271957536218,-3.0,False,-3.0,True,1.0,4,,AWAY_FROM_YOU,2.1524455725,2.0500000000000003,-1.35,2.254891145,4.459999999999999,A,EDGE_DK=4.57|EDGE_MKT=4.57|OUTLIER_MKT|BIG_MOVE=-3.00|RATINGS_Z=0.89,OUTLIER_MARKET|BIG_MOVE,,
2025-12-31,Las Vegas Bowl,Nebraska,Utah,Nebraska,Utah,True,Utah,-16.5,50.5,1.0,3.11,0.6344,3.11,0.6344,,0.6344,-13.39,Nebraska,9.89,-6.61,,1.0,12.6,12.41,360.0,18.4,nebraska,utah,-3.11,-16.5,14.0,16.5,Nebraska,Utah,15.5,,16.12,16.5,19.55,10.65,,11.6,,,,,,,13.72,1.0,,17.5,,12.39,11.05,10.85,16.98,17.03,23.0,,,,,15.24,1.0,14.025,17.4879223,19.37,22.66,16.504754049,,0.02,13.6917,26.656800442,,,,13.5,1.8022293876,12.95,,,18.511,14.62,21.0,,,14.685939865,5.3127709895,15.24,0.4689520704,0.8089913761,16.5,14.0,-14.0,16.5,-16.5,15.5,-15.5,,,16.12,-16.12,16.5,-16.5,19.55,-19.55,10.65,-10.65,,,11.6,-11.6,,,,,,,,,,,,,13.72,-13.72,1.0,-1.0,,,17.5,-17.5,,,12.39,-12.39,11.05,-11.05,10.85,-10.85,16.98,-16.98,17.03,-17.03,23.0,-23.0,,,,,,,,,15.24,-15.24,14.025,-14.025,17.4879223,-17.4879223,19.37,-19.37,22.66,-22.66,16.504754049,-16.504754049,,,0.02,-0.02,13.6917,-13.6917,26.656800442,-26.656800442,,,,,,,13.5,-13.5,1.8022293876,-1.8022293876,12.95,-12.95,,,,,18.511,-18.511,14.62,-14.62,21.0,-21.0,,,,,14.685939865,-14.685939865,15.24,-15.24,16.5,-16.5,13.39,13.39,-14.0,-16.5,13.39,13.39,linesag|linemassey|lineelo|linemoore,4,-16.31868851225,-15.1123770245,3.950779264228179,3.3433121996580177,False,False,True,True,3.389204788340879,-2.5,False,-2.5,False,0.5,4,"lineelo, linemoore",AWAY_FROM_YOU,12.0023770245,9.28,10.61,13.394754049,19.55,X-REVIEW,EDGE_DK=13.39|EDGE_MKT=13.39|OUTLIER_MKT|RATINGS_Z=3.34,OUTLIER_MARKET|OUTLIER_RATINGS,,
2025-12-31,ReliaQuest Bowl,Iowa,Vanderbilt,Iowa,Vanderbilt,True,Vanderbilt,-5.5,47.5,1.0,3.2,0.5594,3.2,0.5594,,0.5594,-2.3,Iowa,-10.32,-15.82,,1.31,3.9,3.58,-75.0,5.1,iowa,vanderbilt,-3.2,-5.5,4.0,5.0,Iowa,Vanderbilt,4.0,,0.38,5.0,1.7,0.87,,1.29,,,,,,,-1.81,-4.0,,3.3,,2.9,1.3,2.93,5.56,2.15,1.0,,,,,4.15,1.0,11.03,-0.145359008,2.26,9.06,4.807557791,,-0.01,-1.2444,-11.82689212,,,,0.5,1.4525547372,1.7535,,,5.031,-2.19,3.5,,,2.2248999549,3.2202869014,1.7535,0.4517710638,0.554420263,4.5,4.0,-4.0,5.0,-5.0,4.0,-4.0,,,0.38,-0.38,5.0,-5.0,1.7,-1.7,0.87,-0.87,,,1.29,-1.29,,,,,,,,,,,,,-1.81,1.81,-4.0,4.0,,,3.3,-3.3,,,2.9,-2.9,1.3,-1.3,2.93,-2.93,5.56,-5.56,2.15,-2.15,1.0,-1.0,,,,,,,,,4.15,-4.15,11.03,-11.03,-0.145359008,0.145359008,2.26,-2.26,9.06,-9.06,4.807557791,-4.807557791,,,-0.01,0.01,-1.2444,1.2444,-11.82689212,11.82689212,,,,,,,0.5,-0.5,1.4525547372,-1.4525547372,1.7535,-1.7535,,,,,5.031,-5.031,-2.19,2.19,3.5,-3.5,,,,,2.2248999549,-2.2248999549,1.7535,-1.7535,4.5,-4.5,2.3,2.3,-4.0,-5.0,1.7999999999999998,1.7999999999999998,linesag|linemassey|lineelo|linemoore,4,-3.73938944775,-3.8537788955,3.903529753506069,0.13817992478872,False,False,False,False,0.5892103161079246,-1.0,False,-1.0,False,0.75,4,linemoore,AWAY_FROM_YOU,0.6537788954999995,-0.3000000000000002,-5.01,1.6075577909999996,5.86,C,EDGE_DK=2.30|EDGE_MKT=1.80|RATINGS_Z=0.14,,,
2025-12-31,Sun Bowl,Arizona State,Duke,Arizona State,Duke,True,Duke,-2.5,49.5,1.0,2.74,0.3811,2.74,0.3811,,0.3811,0.24,Duke,-5.15,-7.65,,0.7,-2.8,-3.46,-80.0,-4.9,arizonastate,duke,-2.74,-2.5,,,,,,,,,,,,,,,,,,,,,,,,,,,,,,,,,,,,,,,,,,,,,,,,,,,,,,,,,,,,,,,,,,,,,,,,,,,,,,,,,,,,,,,,,,,,,,,,,,,,,,,,,,,,,,,,,,,,,,,,,,,,,,,,,,,,,,,,,,,,,,,,,,,,,,,,,,,,,,,,,,,,,,,,,,,,,,,,,,-0.2400000000000002,0.2400000000000002,,,,,linesag|linemassey|lineelo|linemoore,0,,,,,False,False,False,False,,,False,,False,,0,,,,,,,,C,EDGE_DK=-0.24,,,
2026-01-02,Armed Forces Bowl,Rice,Texas State,Rice,Texas State,True,Texas State,-10.5,59.5,1.0,2.57,0.5206,2.57,0.5206,,0.5206,-7.93,Rice,1.75,-8.75,,-0.82,11.0,12.13,389.0,9.5,rice,texasstate,-2.57,-10.5,,,,,,,,,,,,,,,,,,,,,,,,,,,,,,,,,,,,,,,,,,,,,,,,,,,,,,,,,,,,,,,,,,,,,,,,,,,,,,,,,,,,,,,,,,,,,,,,,,,,,,,,,,,,,,,,,,,,,,,,,,,,,,,,,,,,,,,,,,,,,,,,,,,,,,,,,,,,,,,,,,,,,,,,,,,,,,,,,,7.93,7.93,,,,,linesag|linemassey|lineelo|linemoore,0,,,,,False,False,False,False,,,False,,False,,0,,,,,,,,C,EDGE_DK=7.93,,,
2026-01-02,Duke's Mayo Bowl,Wake Forest,Mississippi State,Wake Forest,Mississippi State,True,Mississippi State,-4.0,56.5,1.0,2.76,0.4635,2.76,0.4635,,0.4635,-1.24,Wake Forest,5.53,1.53,,0.76,-0.7,4.91,-50.0,1.7,wakeforest,mississippistate,-2.76,-4.0,,,,,,,,,,,,,,,,,,,,,,,,,,,,,,,,,,,,,,,,,,,,,,,,,,,,,,,,,,,,,,,,,,,,,,,,,,,,,,,,,,,,,,,,,,,,,,,,,,,,,,,,,,,,,,,,,,,,,,,,,,,,,,,,,,,,,,,,,,,,,,,,,,,,,,,,,,,,,,,,,,,,,,,,,,,,,,,,,,1.2400000000000002,1.2400000000000002,,,,,linesag|linemassey|lineelo|linemoore,0,,,,,False,False,False,False,,,False,,False,,0,,,,,,,,C,EDGE_DK=1.24,,,
2026-01-02,Holiday Bowl,Arizona,SMU,Arizona,SMU,True,Arizona,-3.0,51.5,1.0,3.18,0.6733,-3.18,0.3267,,0.3267,-6.18,SMU,-4.81,-7.81,,-3.44,-1.8,-3.39,-209.0,1.2,arizona,smu,-3.18,3.0,-1.5,-3.0,Arizona,SMU,-3.5,,-2.74,-3.0,1.93,6.41,-4.29,-0.6,,,,,,,1.26,16.0,,-2.4,,4.15,4.49,5.04,3.03,-3.76,-5.0,,,,,0.63,1.0,0.425,-2.25366271,0.09,-6.84,-4.69327171,,-0.028,1.4317,5.791832971,,,,0.3,-1.266379976,-3.85,,,-1.923,1.66,0.5,,,0.1953130564,4.5332535799,0.195,0.5549602115,0.5047024074,-3.0,-1.5,1.5,-3.0,3.0,-3.5,3.5,,,-2.74,2.74,-3.0,3.0,1.93,-1.93,6.41,-6.41,-4.29,4.29,-0.6,0.6,,,,,,,,,,,,,1.26,-1.26,16.0,-16.0,,,-2.4,2.4,,,4.15,-4.15,4.49,-4.49,5.04,-5.04,3.03,-3.03,-3.76,3.76,-5.0,5.0,,,,,,,,,0.63,-0.63,0.425,-0.425,-2.25366271,2.25366271,0.09,-0.09,-6.84,6.84,-4.69327171,4.69327171,,,-0.028,0.028,1.4317,-1.4317,5.791832971,-5.791832971,,,,,,,0.3,-0.3,-1.266379976,1.266379976,-3.85,3.85,,,,,-1.923,1.923,1.66,-1.66,0.5,-0.5,,,,,0.1953130564,-0.1953130564,0.195,-0.195,-3.0,3.0,-6.18,6.18,1.5,3.0,-6.18,6.18,linesag|linemassey|lineelo|linemoore,4,1.5308179275,1.7166358550000005,4.422919998012194,-1.0650922760568124,False,True,True,False,1.3972669645341755,1.5,False,1.5,False,0.5,4,"lineelo, linemoore",AWAY_FROM_YOU,-4.896635855,0.9700000000000002,-1.92,-7.873271710000001,-10.02,X-REVIEW,EDGE_DK=-6.18|EDGE_MKT=-6.18|OUTLIER_MKT|RATINGS_Z=-1.07,OUTLIER_MARKET|HIGH_STD_RATINGS,,
2026-01-02,Liberty Bowl,Navy,Cincinnati,Navy,Cincinnati,True,Navy,-6.5,53.5,1.0,2.98,0.798,-2.98,0.202,,0.202,-9.48,Cincinnati,-0.87,-7.37,,-1.43,-6.0,-9.53,-84.0,-8.0,navy,cincinnati,-2.98,6.5,6.5,-7.0,Navy,Cincinnati,-7.0,,4.33,-7.0,2.28,-0.46,,8.64,,,,,,,7.95,-10.0,,-2.3,,3.17,4.54,0.28,4.85,8.19,11.0,,,,,6.33,1.0,5.85,6.790130294,0.48,3.86,0.664203981,,0.064,5.4948,7.0601375149,,,,8.3,-1.282268342,-1.316,,,1.111,2.33,10.5,,,3.1825234917,4.9570099178,3.86,0.6695846666,0.5756114645,-5.5,6.5,-6.5,-7.0,7.0,-7.0,7.0,,,4.33,-4.33,-7.0,7.0,2.28,-2.28,-0.46,0.46,,,8.64,-8.64,,,,,,,,,,,,,7.95,-7.95,-10.0,10.0,,,-2.3,2.3,,,3.17,-3.17,4.54,-4.54,0.28,-0.28,4.85,-4.85,8.19,-8.19,11.0,-11.0,,,,,,,,,6.33,-6.33,5.85,-5.85,6.790130294,-6.790130294,0.48,-0.48,3.86,-3.86,0.664203981,-0.664203981,,,0.064,-0.064,5.4948,-5.4948,7.0601375149,-7.0601375149,,,,,,,8.3,-8.3,-1.282268342,1.282268342,-1.316,1.316,,,,,1.111,-1.111,2.33,-2.33,10.5,-10.5,,,,,3.1825234917,-3.1825234917,3.86,-3.86,-5.5,5.5,-9.48,9.48,-6.5,7.0,-9.98,9.98,linesag|linemassey|lineelo|linemoore,4,-3.91105099525,-3.5149999999999997,2.6175793865035013,0.3556915981423873,False,False,True,False,3.621666662291054,13.5,True,,False,1.0,4,,,0.5349999999999997,0.1899999999999999,4.970000000000001,-2.315796019,0.8799999999999999,X-REVIEW,EDGE_DK=-9.48|EDGE_MKT=-9.98|MOVE_DATA_ISSUE|OUTLIER_MKT|RATINGS_Z=0.36,OUTLIER_MARKET|MOVE_DATA_ISSUE,,
