season,team,conference,firstDowns,firstDownsOpponent,fourthDownConversions,fourthDownConversionsOpponent,fourthDowns,fourthDownsOpponent,fumblesLost,fumblesLostOpponent,fumblesRecovered,fumblesRecoveredOpponent,games,interceptionTDs,interceptionTDsOpponent,interceptionYards,interceptionYardsOpponent,interceptions,interceptionsOpponent,kickReturnTDs,kickReturnTDsOpponent,kickReturnYards,kickReturnYardsOpponent,kickReturns,kickReturnsOpponent,netPassingYards,netPassingYardsOpponent,passAttempts,passAttemptsOpponent,passCompletions,passCompletionsOpponent,passesIntercepted,passesInterceptedOpponent,passingTDs,passingTDsOpponent,penalties,penaltiesOpponent,penaltyYards,penaltyYardsOpponent,possessionTime,possessionTimeOpponent,puntReturnTDs,puntReturnTDsOpponent,puntReturnYards,puntReturnYardsOpponent,puntReturns,puntReturnsOpponent,rushingAttempts,rushingAttemptsOpponent,rushingTDs,rushingTDsOpponent,rushingYards,rushingYardsOpponent,sacks,sacksOpponent,tacklesForLoss,tacklesForLossOpponent,thirdDownConversions,thirdDownConversionsOpponent,thirdDowns,thirdDownsOpponent,totalYards,totalYardsOpponent,turnovers,turnoversOpponent
2025,Air Force,Mountain West,228,212,18,7,26,12,4,3,3,4,10,0,0,67,55,6,7,0,0,172,338,8,20,1587,2748,149,284,89,196,7,6,11,15,43,59,375,490,20187,15813,0,0,8,39,3,7,538,312,29,24,2712,1731,10,11,31,37,62,60,125,117,4299,4479,10,10
2025,Akron,Mid-American,221,219,11,4,24,16,6,8,8,6,11,1,0,88,116,8,10,0,2,622,500,31,27,2452,2612,376,329,200,205,10,8,19,19,64,64,509,578,19956,19644,0,0,46,214,8,21,393,387,9,18,1494,1740,22,30,65,64,49,48,156,136,3946,4352,14,18
2025,Alabama,SEC,221,162,16,11,25,16,7,8,8,7,10,2,1,137,87,2,8,0,1,259,272,15,15,2947,1620,357,264,240,164,8,2,26,7,49,59,419,528,19525,16475,0,0,113,77,13,6,320,318,12,12,1088,1327,20,20,55,46,65,44,139,123,4035,2947,9,16
2025,App State,Sun Belt,212,228,18,10,28,18,6,2,2,6,10,0,3,84,174,11,10,0,0,463,210,23,11,2738,2744,413,363,238,225,10,11,20,18,71,53,688,505,16737,19256,1,0,199,112,17,15,298,357,9,17,1158,1379,23,25,61,46,47,61,143,144,3896,4123,17,12
2025,Arizona,Big 12,218,164,14,14,23,25,4,6,6,4,10,1,1,211,143,6,14,0,0,178,19,9,1,2584,1595,334,295,211,154,14,6,24,8,55,54,485,517,18118,17882,0,0,170,85,17,9,345,367,15,14,1549,1471,18,27,66,55,51,50,132,147,4133,3066,10,20
2025,Arizona State,Big 12,217,193,16,14,27,28,5,5,5,5,10,0,0,12,28,4,7,0,0,251,413,15,21,2194,2257,341,324,201,200,7,4,15,14,80,56,628,533,19831,16169,0,0,84,185,8,13,385,334,12,16,1809,1182,27,26,64,62,52,48,153,137,4003,3439,9,12
2025,Arkansas,SEC,235,237,8,10,15,14,8,2,2,8,10,1,1,160,100,10,6,0,1,228,260,10,10,2646,2453,302,301,188,190,6,10,20,17,68,61,618,490,17284,18716,1,0,112,30,17,5,347,385,22,20,2057,1827,20,24,58,50,56,55,115,129,4703,4280,18,8
2025,Arkansas State,Sun Belt,225,209,12,6,20,13,7,5,6,7,10,1,0,71,90,11,7,1,0,503,240,23,14,2470,2409,387,292,260,198,7,11,14,15,67,86,587,795,18384,17616,0,0,103,66,19,9,354,373,11,20,1312,1802,25,22,53,68,64,56,153,133,3782,4211,18,12
2025,Army,American Athletic,175,167,29,14,42,25,5,5,5,5,9,0,0,31,69,3,6,0,1,37,416,3,18,727,1772,86,253,45,162,6,3,4,10,29,44,239,338,19223,13177,0,0,78,12,7,5,552,298,21,13,2347,1272,8,4,33,35,57,49,138,112,3074,3044,8,11
2025,Auburn,SEC,208,193,10,11,20,18,3,5,5,3,10,1,1,193,91,3,9,1,0,361,239,15,11,1836,2413,298,310,185,198,9,3,8,11,79,59,640,528,18299,17701,0,0,54,48,13,8,386,334,17,11,1694,922,26,39,69,66,50,48,136,135,3530,3335,6,14
2025,Ball State,Mid-American,143,208,7,13,13,26,6,4,4,6,10,0,0,29,-1,6,7,1,0,462,386,23,22,1273,2278,222,303,128,192,7,6,9,16,45,59,384,538,17539,18461,0,1,14,157,10,18,370,376,9,18,1372,1738,20,36,46,76,46,59,141,138,2645,4016,12,11
2025,Baylor,Big 12,252,216,22,6,40,12,10,2,2,10,10,1,1,92,142,9,7,0,1,606,477,29,22,3244,1950,431,288,264,179,7,9,29,15,58,64,583,643,17682,18318,0,0,114,30,16,10,338,397,10,23,1406,1980,10,18,39,49,55,56,144,135,4650,3930,19,9
2025,Boise State,Mountain West,211,155,16,8,28,17,5,5,5,5,10,3,0,171,35,9,11,0,1,233,222,14,8,2291,1527,314,255,186,143,11,9,17,10,72,74,622,603,19379,16621,0,0,34,72,8,9,386,348,20,18,1833,1702,18,18,56,55,64,45,147,134,4124,3229,14,16
2025,Boston College,ACC,230,239,16,10,30,17,9,6,6,9,11,1,1,76,91,12,6,0,0,376,455,20,22,3066,3003,428,356,269,230,6,12,20,23,67,73,565,654,19462,20138,0,0,135,39,13,13,347,378,12,24,1111,1955,15,35,42,68,58,59,152,140,4177,4958,21,12
2025,Bowling Green,Mid-American,165,176,4,7,15,16,2,7,7,2,10,0,1,4,170,10,5,1,0,738,361,26,20,1549,2021,251,258,150,158,5,10,9,12,71,65,627,558,18538,17462,0,2,72,194,16,9,379,340,10,17,1454,1478,15,26,59,62,53,41,143,121,3003,3499,12,12
2025,Buffalo,Mid-American,193,179,7,13,20,22,7,6,7,7,10,0,1,147,80,11,6,0,0,369,284,18,14,2175,1905,335,296,195,168,6,11,15,14,53,50,459,370,17054,18946,1,0,222,65,20,16,348,403,13,11,1452,1372,30,15,67,52,52,57,146,162,3627,3277,18,12
2025,BYU,Big 12,221,177,17,10,26,26,6,4,4,6,10,3,0,251,27,4,14,0,0,403,161,17,11,2218,1913,285,300,177,169,14,4,13,8,60,62,495,473,19506,16494,0,0,203,21,22,5,385,346,24,11,1962,1302,25,9,60,44,51,41,130,133,4180,3215,10,18
2025,California,ACC,189,191,11,8,19,14,2,5,6,2,10,0,2,93,187,10,7,0,0,303,594,14,31,2627,1995,376,315,229,191,7,10,15,7,73,73,560,637,17566,18434,0,0,203,114,21,16,294,336,16,20,795,1556,17,25,51,54,53,54,138,138,3422,3551,12,12
2025,Central Michigan,Mid-American,174,197,11,7,17,18,6,6,6,6,10,2,0,150,45,4,12,0,0,232,538,14,28,1629,2095,175,321,124,190,12,4,13,14,62,65,511,572,19189,16773,0,0,64,59,8,9,425,340,15,14,1800,1539,22,15,47,57,43,61,124,142,3429,3634,10,18
2025,Charlotte,American Athletic,173,255,11,14,24,24,10,7,7,10,10,0,2,65,226,9,4,1,0,536,158,21,9,2175,2691,324,330,191,220,4,9,14,24,62,47,526,510,17310,18690,0,0,82,132,8,16,325,406,5,22,946,2061,12,22,42,60,56,58,147,134,3121,4752,19,11
2025,Cincinnati,Big 12,207,221,13,20,16,33,5,7,7,5,10,1,0,116,35,4,2,0,0,224,278,10,16,2313,2324,272,327,164,217,2,4,23,14,73,54,690,423,14741,21259,0,1,42,98,11,9,321,385,20,12,1963,1579,20,3,51,31,44,55,107,145,4276,3903,9,9
2025,Clemson,ACC,209,195,18,10,31,21,8,5,5,8,10,0,1,33,94,6,6,0,1,204,206,10,6,2783,2424,359,365,240,223,6,6,18,13,44,66,443,581,18468,17532,0,0,80,23,15,8,314,298,15,10,1209,1130,25,15,64,48,44,42,131,134,3992,3552,14,11
2025,Coastal Carolina,Sun Belt,183,220,7,10,12,27,7,8,7,8,10,0,1,70,151,10,10,1,1,440,426,18,17,1544,2393,274,344,148,211,10,10,13,18,64,71,516,594,17193,18807,0,1,102,287,12,22,395,393,15,15,1946,1997,17,18,54,55,53,56,143,146,3490,4390,17,18
2025,Colorado,Big 12,178,221,6,14,14,24,5,6,7,5,10,0,0,50,182,10,5,0,0,591,109,24,5,2096,2098,292,280,176,157,5,10,16,16,60,61,521,575,17380,18620,0,0,49,199,8,19,347,417,12,19,1234,2120,13,32,52,79,55,49,142,135,3330,4218,15,11
2025,Colorado State,Mountain West,186,202,12,10,26,16,7,7,7,7,10,0,0,69,89,9,8,0,0,288,242,14,10,1975,2295,311,286,189,178,8,9,11,16,62,71,584,617,16786,19214,1,0,209,110,14,19,337,371,11,20,1248,1865,13,29,42,67,44,55,137,129,3223,4160,16,15
2025,Delaware,Conference USA,239,214,14,13,27,15,8,2,2,9,10,1,2,47,82,8,6,0,0,487,252,20,13,3070,2303,427,322,262,205,6,8,18,13,56,72,512,705,18105,17895,1,0,94,84,6,10,312,345,16,22,1109,1688,19,23,58,59,63,56,146,138,4179,3991,16,8
2025,Duke,ACC,225,222,17,12,23,20,8,5,5,8,10,1,0,167,5,4,10,1,0,498,276,18,15,3029,2733,362,314,244,214,10,4,25,13,68,62,669,569,16659,19341,1,0,116,29,10,11,292,359,15,23,1299,1465,20,21,74,49,48,59,121,133,4328,4198,12,15
2025,East Carolina,American Athletic,249,178,9,11,24,28,4,8,8,4,10,1,1,100,47,5,6,0,0,218,545,11,26,2867,2197,360,330,238,208,6,5,16,10,66,57,552,511,17608,18392,0,0,80,33,11,5,429,334,26,10,1796,1194,22,13,82,49,78,43,153,143,4663,3391,9,14
2025,Eastern Michigan,Mid-American,222,228,10,10,17,18,1,2,2,1,11,0,1,42,89,8,7,0,0,464,469,23,20,2490,2100,363,279,223,171,7,8,16,16,63,67,556,606,18546,21016,0,0,55,168,6,17,366,452,15,25,1579,2492,12,10,45,41,68,70,161,152,4069,4592,9,9
2025,Florida,SEC,187,182,6,10,16,15,4,6,6,4,10,0,1,62,195,13,9,0,0,185,153,12,8,2171,2231,333,284,208,180,9,13,14,10,53,66,449,540,17901,18099,0,0,145,49,11,7,309,370,8,17,1224,1443,20,16,50,52,44,60,129,144,3395,3674,17,15
2025,Florida Atlantic,American Athletic,239,216,37,15,55,28,6,4,4,6,10,0,1,28,124,16,3,0,0,571,261,26,14,3293,2118,475,294,311,185,3,16,26,15,67,69,571,613,16822,19178,2,0,244,107,15,9,300,418,9,28,1030,1992,19,16,56,57,59,66,160,155,4323,4110,22,7
2025,Florida International,Conference USA,203,206,15,10,25,25,7,5,5,7,10,0,0,126,32,8,10,0,0,459,738,22,37,2137,2600,328,363,207,227,10,8,13,20,68,59,596,527,19187,16813,0,2,84,138,11,17,375,322,21,14,1777,1468,20,17,46,51,57,62,150,145,3914,4068,15,15
2025,Florida State,ACC,245,177,14,14,24,23,7,2,2,7,10,0,0,127,101,6,11,0,0,204,10,8,2,2598,1969,279,276,167,170,11,6,17,15,53,68,479,567,17567,18433,0,0,112,26,10,1,434,373,30,9,2279,1254,25,20,63,51,70,53,134,143,4877,3223,13,13
2025,Fresno State,Mountain West,200,161,5,10,14,17,5,3,4,5,10,2,1,183,116,11,13,0,0,322,316,15,20,1840,1636,298,281,186,163,13,11,11,16,63,76,565,673,18928,17071,1,0,158,18,20,6,353,321,18,6,1605,1278,19,15,56,57,51,48,130,135,3445,2914,16,16
2025,Georgia,SEC,251,172,9,8,12,18,5,3,3,5,10,0,0,0,86,5,5,0,0,205,167,10,11,2381,2146,304,319,212,197,5,5,20,11,46,63,431,477,19790,16210,0,0,122,33,12,5,410,304,23,12,1906,926,13,11,41,52,60,52,129,135,4287,3072,10,8
2025,Georgia Southern,Sun Belt,221,253,6,9,11,19,3,6,6,3,10,0,1,25,100,7,7,1,2,653,708,28,28,2485,2448,323,328,202,212,7,7,21,13,58,74,565,616,17161,18839,0,0,74,82,9,10,356,390,16,28,1555,2221,11,25,47,51,60,64,135,135,4040,4669,10,13
2025,Georgia State,Sun Belt,194,236,15,11,30,18,6,1,1,6,10,0,1,25,71,9,2,0,0,440,152,25,5,2535,2422,387,275,245,183,2,9,20,21,88,63,680,564,18283,17717,0,1,10,303,5,21,302,405,8,28,1204,2150,13,17,49,54,61,58,147,127,3739,4572,15,3
2025,Georgia Tech,ACC,248,208,4,14,9,20,7,4,4,6,10,0,0,45,0,3,2,0,0,246,200,15,11,2721,2432,286,320,207,195,2,3,12,15,57,64,437,546,17629,18374,0,0,136,56,13,8,378,355,28,16,2248,1664,19,8,48,43,60,55,117,140,4969,4096,10,6
2025,Hawai'i,Mountain West,216,178,9,6,15,18,5,5,5,6,10,2,2,134,237,10,7,1,0,276,556,10,29,3024,2161,442,292,284,165,7,10,23,11,72,71,601,630,19747,16247,0,1,52,206,7,11,283,318,7,14,1072,1333,24,26,46,46,73,42,157,123,4096,3494,15,12
2025,Houston,Big 12,209,171,12,11,22,21,4,3,3,5,10,2,2,139,232,8,8,0,0,336,495,17,22,2221,1976,280,298,178,180,8,8,19,10,51,74,436,612,18758,17242,0,0,124,160,20,14,412,364,13,15,1669,1355,22,18,46,52,64,51,150,150,3890,3331,12,11
2025,Illinois,Big Ten,216,210,12,12,16,22,4,8,8,4,10,0,0,-1,49,6,3,0,0,168,198,8,9,2457,2463,287,360,199,229,3,6,22,18,48,62,409,544,18505,17495,1,1,185,37,10,8,353,305,17,11,1405,1193,17,25,43,56,52,59,116,131,3862,3656,10,11
2025,Indiana,Big Ten,281,132,7,12,15,20,1,7,7,1,11,1,1,85,140,6,15,0,0,189,408,9,21,2856,1832,303,305,220,188,15,6,34,6,42,47,306,396,22622,16963,2,0,359,78,20,10,444,296,24,5,2471,907,33,15,93,44,76,37,134,140,5327,2739,7,22
2025,Iowa,Big Ten,174,150,11,3,16,15,3,2,2,3,10,1,0,161,31,6,10,1,0,422,186,16,14,1336,1574,226,268,143,156,10,6,8,5,26,34,254,294,18822,17178,2,0,437,46,17,5,382,317,22,10,1766,1087,19,13,49,41,56,45,127,126,3102,2661,9,12
2025,Iowa State,Big 12,211,183,13,10,21,23,4,6,6,4,10,0,1,116,98,9,9,0,0,128,810,9,38,2303,2229,305,324,183,198,9,9,12,13,47,71,396,634,18409,17591,1,0,212,13,7,4,380,324,20,12,1638,1508,10,19,51,46,52,55,133,138,3941,3737,13,15
2025,Jacksonville State,Conference USA,216,215,11,12,18,26,3,7,7,4,10,1,1,233,49,5,9,0,1,156,477,11,23,1576,2532,233,331,139,201,9,5,8,16,59,67,556,574,18428,17572,0,0,19,96,5,11,470,358,26,16,2613,1460,19,11,50,53,58,54,143,138,4189,3992,8,16
2025,James Madison,Sun Belt,236,141,5,8,12,18,5,2,2,5,10,0,0,95,27,7,10,1,0,348,431,16,21,2157,1680,271,283,166,142,10,7,18,12,74,57,698,461,21093,14907,0,0,180,25,21,4,441,312,31,4,2447,896,25,16,57,48,71,42,137,139,4604,2576,12,12
2025,Kansas,Big 12,204,191,16,15,25,22,5,5,5,5,10,0,0,32,11,4,4,1,0,452,235,18,12,2262,2075,289,306,185,194,4,4,21,13,52,55,420,477,18611,17389,0,0,134,84,20,16,354,357,14,17,1615,1696,23,19,65,47,45,55,125,146,3877,3771,9,9
2025,Kansas State,Big 12,169,199,13,15,26,30,8,12,12,8,10,1,1,86,90,6,12,1,0,627,398,24,17,2163,2238,302,332,182,190,12,6,17,12,35,48,334,372,17194,18806,0,0,70,73,15,14,313,386,15,16,1389,1523,22,10,59,59,50,56,134,148,3552,3761,14,24
2025,Kennesaw State,Conference USA,209,212,7,12,13,23,4,4,4,5,10,0,1,29,155,9,5,0,0,288,524,16,29,2321,2289,298,325,178,198,5,9,15,13,77,72,687,632,16733,19302,1,0,208,46,22,7,381,386,15,15,1675,1592,25,11,66,43,54,56,135,148,3996,3881,13,9
2025,Kent State,Mid-American,131,247,11,5,24,16,5,3,3,5,10,0,1,109,56,5,5,2,0,488,240,24,13,1973,2682,243,357,138,215,5,5,18,23,66,60,525,582,16686,19314,0,1,147,200,14,22,323,393,7,16,858,1826,24,22,60,59,36,67,134,149,2831,4508,10,8
2025,Kentucky,SEC,208,185,10,10,19,24,8,2,2,8,10,0,2,163,135,9,11,0,0,225,125,12,7,2039,2158,292,293,187,172,11,9,13,8,46,62,373,547,19220,16780,0,0,53,127,12,10,386,362,19,17,1600,1293,20,21,56,57,56,56,131,137,3639,3451,17,13
2025,Liberty,Conference USA,197,191,12,11,22,19,7,7,7,7,10,0,0,110,44,9,6,1,0,486,342,23,19,1993,2003,273,306,154,176,6,9,9,13,58,51,500,447,18464,17536,0,0,30,75,10,9,399,351,18,15,1742,1630,15,21,42,45,56,59,142,142,3735,3633,16,13
2025,Louisiana,Sun Belt,193,209,6,9,13,16,2,6,6,2,10,1,2,91,180,13,8,0,0,429,554,23,32,1591,2169,249,273,132,189,8,13,11,14,62,74,499,750,17613,18387,0,0,21,123,8,17,392,405,20,22,1860,1932,16,17,42,58,60,59,143,131,3451,4101,15,14
2025,Louisiana Tech,Conference USA,191,203,5,6,12,18,4,2,2,4,10,5,0,308,72,8,15,1,0,488,97,22,5,1815,2375,260,383,166,216,15,8,7,14,75,78,742,656,17526,18474,0,0,208,150,22,16,382,319,18,9,1649,1303,13,21,53,55,52,62,133,149,3464,3678,12,17
2025,Louisville,ACC,194,162,4,9,9,24,7,5,5,7,10,0,3,28,249,8,12,0,0,305,242,13,13,2433,1880,353,317,226,182,12,8,13,11,69,69,652,538,18233,17767,2,0,431,30,21,8,305,325,21,10,1566,1099,20,19,52,52,51,45,134,142,3999,2979,15,17
2025,LSU,SEC,198,183,6,12,8,20,5,4,4,5,10,1,0,141,7,5,12,0,0,338,267,17,12,2402,1982,349,298,235,175,12,5,15,8,69,75,582,653,18404,17596,0,2,129,335,10,21,282,332,9,14,1074,1314,22,23,50,62,52,46,132,132,3474,3296,10,16
2025,Marshall,Sun Belt,214,190,7,8,15,15,7,7,7,6,10,3,0,219,34,4,13,0,0,388,183,19,8,1987,2651,270,302,175,170,13,4,17,20,73,57,632,485,18751,17249,0,0,201,68,19,13,441,368,19,19,2076,1472,25,15,63,49,50,56,143,147,4063,4123,11,20
2025,Maryland,Big Ten,172,220,7,15,19,30,5,2,2,5,10,4,0,322,50,7,18,0,0,239,753,16,33,2333,2211,387,321,224,199,18,7,13,19,60,49,554,426,16267,19733,0,0,109,68,16,8,263,396,8,9,1120,1722,25,4,55,37,49,55,142,143,3453,3933,12,20
2025,Massachusetts,Mid-American,153,241,5,9,20,13,5,4,4,5,10,1,0,86,50,7,4,0,1,102,526,5,20,1668,2394,352,279,186,190,4,7,4,26,59,49,470,436,16110,19890,0,1,43,340,10,18,284,417,6,21,795,2024,11,27,34,75,42,61,148,128,2463,4418,12,8
2025,Memphis,American Athletic,260,210,14,10,20,19,2,6,6,2,11,2,0,113,77,8,12,1,0,157,287,8,18,2643,2632,342,357,239,219,12,8,14,13,60,71,511,562,21248,18351,0,0,118,22,13,6,406,367,34,17,2116,1401,17,26,68,65,58,60,139,155,4759,4033,10,18
2025,Miami,ACC,226,160,9,8,16,18,1,7,7,1,10,2,0,195,47,9,11,0,0,239,107,11,5,2699,1891,315,323,228,190,11,9,19,10,77,41,636,339,20113,15887,0,0,184,40,12,8,358,300,22,6,1576,819,25,9,64,33,57,40,123,134,4275,2710,10,18
2025,Miami (OH),Mid-American,178,189,11,7,18,15,2,4,4,2,10,1,1,144,190,10,12,1,1,384,559,14,20,1940,1995,259,330,138,186,12,10,12,17,59,49,524,354,18553,17447,1,0,132,76,14,7,352,327,11,9,1524,1267,26,16,56,37,44,65,124,140,3464,3262,12,16
2025,Michigan,Big Ten,207,172,2,11,11,20,7,5,4,7,10,0,0,10,45,6,11,0,0,202,251,14,15,1951,2018,256,323,155,209,11,6,7,10,43,45,380,347,17910,18090,0,0,42,64,15,13,385,319,28,11,2243,967,25,15,62,38,55,49,124,137,4194,2985,13,16
2025,Michigan State,Big Ten,183,192,11,11,25,20,6,3,4,6,10,0,1,0,44,4,3,0,0,179,243,8,15,2125,2170,297,284,188,192,3,4,14,19,55,52,479,392,18016,17825,0,1,140,232,10,22,330,332,16,20,1231,1554,17,35,47,81,46,53,130,124,3356,3724,10,6
2025,Middle Tennessee,Conference USA,191,215,6,8,24,11,4,3,4,5,10,0,0,73,107,7,7,0,0,302,164,15,9,2651,2482,422,286,253,187,7,7,19,27,69,45,628,429,17112,18888,0,0,78,137,11,11,249,382,7,16,882,1594,19,27,52,52,52,55,145,133,3533,4076,11,10
2025,Minnesota,Big Ten,178,176,4,4,11,8,1,5,5,2,10,2,1,92,132,7,6,0,0,274,69,15,6,1968,2162,316,284,195,191,6,7,12,13,34,55,280,495,18169,17456,0,1,101,179,18,15,294,316,12,14,1053,1160,33,18,73,50,51,47,130,121,3021,3322,8,11
2025,Mississippi State,SEC,239,230,13,7,25,14,6,5,5,6,11,0,3,120,111,8,12,0,0,102,168,7,10,2666,2231,332,329,212,196,12,8,19,17,81,96,674,793,18955,20345,0,1,135,154,12,12,465,416,26,16,1675,2098,20,36,54,84,70,60,161,152,4341,4329,14,17
2025,Missouri,SEC,242,158,12,7,16,13,5,4,4,5,10,3,0,142,76,8,7,0,0,264,511,13,30,2092,1699,295,281,193,159,7,8,15,12,55,62,529,473,19536,16464,0,0,141,56,15,7,431,319,27,11,2419,1049,30,22,72,49,69,42,139,135,4511,2748,13,11
2025,Missouri State,Conference USA,197,205,7,5,10,13,5,7,8,5,10,0,1,109,141,8,8,0,0,455,275,24,18,2649,2221,336,334,212,216,8,8,21,11,72,69,658,685,18770,17230,0,1,94,207,13,15,318,307,9,19,1118,1434,17,39,39,84,45,55,134,136,3767,3655,13,15
2025,Navy,American Athletic,205,209,13,22,21,28,5,7,7,5,10,0,0,30,7,5,5,0,0,408,491,19,25,1400,2639,144,306,85,203,5,5,8,18,63,39,547,303,19213,16787,0,0,58,45,6,6,479,350,35,18,3088,1461,20,6,45,30,57,55,116,133,4488,4100,10,12
2025,NC State,ACC,201,218,7,8,18,17,3,2,2,3,10,1,1,76,252,10,6,0,1,292,488,16,20,2620,2999,331,367,227,237,6,10,20,18,58,66,553,610,17760,18240,0,0,49,163,12,12,306,321,20,17,1477,1413,14,15,51,58,50,64,124,142,4097,4412,13,8
2025,Nebraska,Big Ten,216,168,6,12,16,19,3,6,6,3,10,0,1,21,78,6,6,1,0,514,355,17,23,2482,1346,289,255,215,144,6,6,22,5,44,49,419,407,18578,17422,1,0,313,1,23,3,340,338,16,18,1399,1631,18,27,53,49,52,47,113,133,3881,2977,9,12
2025,Nevada,Mountain West,167,200,11,12,20,21,7,4,5,7,10,2,2,177,96,17,9,1,1,367,282,15,9,1560,2220,256,293,148,193,9,17,9,10,50,64,436,562,17776,18230,0,1,113,108,13,11,342,368,7,19,1457,1510,19,15,53,55,43,50,130,135,3017,3730,24,13
2025,New Mexico,Mountain West,201,198,17,12,26,24,12,5,5,12,10,0,1,99,44,9,7,1,0,476,276,21,15,2342,2626,282,349,188,246,7,9,16,16,59,77,492,669,18061,17939,1,0,36,37,10,10,351,308,18,12,1512,1068,25,20,59,42,49,56,124,138,3854,3694,21,12
2025,New Mexico State,Conference USA,193,219,6,6,15,14,6,7,7,6,10,1,1,164,166,13,14,0,1,266,249,14,13,2417,2432,383,335,217,220,14,13,12,20,62,81,557,750,17699,18269,0,0,87,83,16,16,290,381,7,11,651,1535,15,30,49,68,64,60,156,147,3068,3967,19,21
2025,North Carolina,ACC,161,199,11,15,14,22,8,6,6,7,10,0,1,70,45,6,6,0,0,352,209,19,11,1808,2159,292,321,184,204,6,6,10,12,56,54,519,523,17393,18605,0,0,126,143,16,17,297,347,9,12,1091,1142,28,15,52,54,43,60,131,143,2899,3301,14,12
2025,Northern Illinois,Mid-American,146,194,18,12,30,20,4,3,3,4,10,0,0,24,43,6,7,1,2,476,384,19,13,1081,1848,219,286,118,172,7,6,7,9,47,63,405,520,17559,18441,0,0,87,146,9,19,396,381,11,14,1746,1613,13,17,36,48,47,60,147,143,2827,3461,10,10
2025,North Texas,American Athletic,253,194,14,15,22,25,6,12,12,6,10,0,0,217,62,4,12,0,0,399,667,17,35,3063,1731,347,275,238,160,12,4,24,12,55,71,447,607,17324,18676,0,0,83,17,13,4,358,418,35,17,1819,2029,22,13,58,41,59,65,125,146,4882,3760,10,24
2025,Northwestern,Big Ten,194,181,11,7,18,15,6,7,7,6,10,0,0,100,92,9,8,0,1,162,413,8,22,1713,1910,276,274,160,171,8,9,11,8,39,45,309,457,19281,16719,0,0,27,40,14,9,355,325,13,15,1704,1502,16,12,38,35,58,57,135,124,3417,3412,15,15
2025,Notre Dame,FBS Independents,230,188,13,10,27,25,4,2,2,4,10,1,1,171,92,6,17,2,0,492,213,16,9,2657,2240,271,343,185,193,17,6,21,12,58,71,547,627,18169,17831,1,0,162,11,15,2,356,320,28,7,1937,998,27,11,51,46,50,48,110,141,4594,3238,10,19
2025,Ohio,Mid-American,218,186,10,14,20,22,3,3,3,3,10,1,0,133,76,9,8,1,0,331,555,13,24,2076,2161,266,274,168,181,8,9,12,15,65,46,478,394,18890,16925,0,1,162,112,11,13,398,327,22,12,2037,1553,15,21,44,39,53,39,123,124,4113,3714,12,11
2025,Ohio State,Big Ten,235,128,9,9,13,23,2,4,4,2,10,0,0,48,4,4,6,1,0,157,242,4,14,2795,1312,295,255,236,156,6,4,26,5,42,40,372,303,19944,16056,0,0,189,4,16,3,336,295,20,3,1624,814,25,6,61,32,60,35,107,127,4419,2126,6,10
2025,Oklahoma,SEC,195,154,7,10,12,21,5,4,4,4,10,1,0,164,26,7,6,0,0,17,296,4,18,2268,1962,321,316,202,187,6,7,11,8,68,44,605,347,17735,18265,0,1,203,197,17,17,340,327,17,6,1310,825,37,23,103,54,54,46,135,148,3578,2787,12,10
2025,Oklahoma State,Big 12,163,221,8,14,22,18,6,5,6,6,10,1,3,89,173,8,4,0,1,155,368,11,17,1763,2631,303,295,174,197,4,8,6,24,58,51,513,438,17460,18540,0,0,65,125,13,19,350,373,8,18,1290,1650,18,17,56,58,56,63,152,138,3053,4281,14,9
2025,Old Dominion,Sun Belt,212,183,5,8,14,26,11,10,10,11,10,0,1,43,89,9,9,0,0,149,727,9,37,2400,1855,259,290,157,176,9,9,20,13,64,74,569,654,16338,19662,0,1,184,133,20,8,386,406,20,13,2172,1592,32,14,73,44,49,53,127,148,4572,3447,20,19
2025,Ole Miss,SEC,277,195,17,9,25,23,4,3,3,4,11,0,0,13,139,8,6,0,0,169,141,8,8,3356,2013,370,320,237,183,6,8,18,13,69,65,649,552,19499,20101,0,0,119,48,16,9,449,373,31,14,2082,1546,22,16,58,62,69,49,149,145,5438,3559,12,9
2025,Oregon,Big Ten,230,141,12,16,18,23,3,4,4,3,10,3,0,155,-1,5,9,0,0,102,286,5,14,2418,1273,277,249,201,126,9,5,22,6,47,49,419,309,18194,17809,0,0,178,-1,22,2,368,338,26,9,2336,1098,18,12,46,35,59,45,120,138,4754,2371,8,13
2025,Oregon State,Pac-12,228,205,7,7,18,16,6,0,0,6,11,0,1,131,171,11,8,0,1,418,675,24,28,2465,2460,390,319,232,180,8,11,13,21,58,83,480,695,21062,18537,0,2,75,425,9,29,378,373,15,14,1487,1721,16,20,60,53,58,44,156,139,3952,4181,17,8
2025,Penn State,Big Ten,192,169,15,13,26,22,3,6,6,3,10,1,0,81,63,7,6,0,0,365,222,18,11,1789,1677,271,267,175,171,6,7,12,13,38,34,331,253,17551,18449,1,0,153,72,18,9,362,353,23,12,1599,1506,21,15,63,48,54,53,127,133,3388,3183,10,12
2025,Pittsburgh,ACC,213,170,16,9,25,23,4,5,5,4,10,3,1,262,153,13,12,0,0,470,588,20,28,2875,2349,364,341,222,212,12,13,25,20,75,83,673,816,17361,18639,2,0,291,67,19,10,329,339,15,9,1194,904,25,30,77,59,45,50,136,147,4069,3253,17,17
2025,Purdue,Big Ten,215,240,14,11,23,18,7,5,5,7,11,0,2,18,173,12,4,0,1,458,304,21,12,2368,2707,357,294,213,192,4,12,15,12,55,48,527,479,18194,21406,0,0,17,59,7,16,349,419,11,24,1473,1832,24,18,62,56,54,59,140,137,3841,4539,19,9
2025,Rice,American Athletic,173,185,16,6,28,15,4,3,3,4,10,0,2,7,77,3,3,0,0,272,113,16,7,970,2176,164,298,112,176,3,3,9,14,47,60,499,515,19545,16455,0,0,39,196,8,17,510,335,18,17,2111,1447,22,14,53,81,54,64,153,141,3081,3623,7,6
2025,Rutgers,Big Ten,240,201,21,8,30,12,2,5,6,2,10,0,0,108,25,7,5,0,1,174,389,8,18,2774,2290,336,269,208,173,5,7,19,20,39,47,312,441,19847,16153,3,0,91,59,6,5,388,295,16,18,1437,1979,10,31,39,58,58,42,136,100,4211,4269,9,10
2025,Sam Houston,Conference USA,161,243,7,10,27,17,4,10,10,4,10,1,4,154,263,7,7,1,0,446,449,21,20,1764,2752,315,313,172,225,7,7,9,16,66,58,606,570,16938,19062,1,0,113,157,11,14,308,389,9,26,1319,1995,19,29,54,70,31,59,137,129,3083,4747,11,17
2025,San Diego State,Mountain West,172,146,8,11,17,23,3,2,2,3,10,3,1,174,98,7,11,0,1,368,278,16,10,1604,1605,214,307,126,163,11,7,8,10,60,52,547,384,18442,17552,1,0,231,114,25,14,411,332,16,3,1900,1026,21,12,45,42,40,50,128,157,3493,2631,10,13
2025,San Jos√© State,Mountain West,208,217,5,19,17,25,10,5,5,12,10,0,2,50,223,10,6,0,1,419,484,20,20,3149,2724,415,308,242,203,6,10,17,17,63,76,568,634,16800,19200,0,1,37,106,6,8,251,371,13,19,1195,1480,16,6,44,28,60,52,135,136,4344,4204,20,11
2025,SMU,ACC,200,217,6,19,10,34,6,10,10,6,10,3,0,287,69,9,16,0,0,222,549,11,28,2845,2986,354,419,230,245,16,9,21,19,69,73,712,617,15817,20183,0,0,149,58,15,16,301,353,17,4,1222,1031,33,16,67,58,50,57,135,167,4067,4017,15,26
2025,South Alabama,Sun Belt,199,190,17,16,29,21,6,7,7,6,10,0,0,15,45,5,5,0,0,66,382,8,19,1831,1779,252,262,169,156,5,5,12,14,70,70,582,569,18438,16910,0,0,124,134,10,15,441,375,21,20,1943,1807,10,18,48,48,63,52,148,134,3774,3586,11,12
2025,South Carolina,SEC,170,198,14,8,28,14,5,9,9,5,10,1,1,116,78,9,11,0,0,324,335,15,19,2007,2154,270,298,163,174,11,9,9,13,76,57,590,549,16841,19159,3,0,307,59,19,12,350,360,9,11,1034,1451,19,38,52,75,44,55,138,137,3041,3605,14,20
2025,Southern Miss,Sun Belt,216,221,6,10,13,16,4,5,5,4,10,2,2,341,171,8,20,0,0,281,316,13,13,2591,2230,319,329,214,202,20,8,21,10,72,85,600,703,16896,19097,1,0,139,56,13,12,379,421,15,21,1510,1721,24,14,59,46,59,68,142,153,4101,3951,12,25
2025,South Florida,American Athletic,236,234,10,18,17,27,7,9,9,7,10,2,0,272,101,7,11,0,0,224,164,13,11,2681,2664,312,397,206,254,11,7,24,15,63,86,594,670,15053,20947,1,0,198,125,15,7,386,362,24,16,2244,1319,26,15,68,41,66,61,143,157,4925,3983,14,20
2025,Stanford,ACC,176,215,11,10,19,18,5,7,7,5,10,1,2,19,221,11,3,0,0,362,295,20,12,2315,2845,331,359,194,237,3,11,11,19,63,78,596,572,18125,17875,0,0,35,248,5,19,321,313,7,12,781,1238,18,38,46,63,55,54,150,134,3096,4083,16,10
2025,Syracuse,ACC,203,225,13,10,27,19,8,4,5,8,10,0,1,61,168,12,5,0,0,400,194,21,9,2447,2671,360,349,203,232,5,12,17,22,61,64,544,586,17436,18564,0,1,58,107,10,12,343,343,10,14,1176,1650,17,28,50,54,49,52,139,134,3623,4321,20,9
2025,TCU,Big 12,219,210,12,15,20,26,4,6,6,4,10,1,2,146,123,11,11,0,0,450,451,20,23,2914,2470,365,332,234,205,11,11,23,19,65,49,610,443,16900,19100,0,1,11,109,6,10,314,370,15,9,1225,1279,21,16,56,57,63,61,133,145,4139,3749,15,17
2025,Temple,American Athletic,187,201,12,16,15,22,1,6,6,1,10,1,0,106,0,1,7,0,0,336,177,20,10,2042,1797,278,256,178,152,7,1,24,13,47,49,485,394,18295,17705,0,0,174,9,12,5,341,394,12,22,1581,1954,15,15,48,51,48,50,127,127,3623,3751,2,13
2025,Tennessee,SEC,261,223,10,12,12,21,4,10,10,5,10,3,1,166,222,10,8,0,0,172,133,7,9,3183,2607,353,362,232,242,8,10,24,16,67,66,582,573,16250,19750,0,0,164,32,17,7,372,381,27,18,1802,1297,31,13,71,37,55,57,119,145,4985,3904,14,18
2025,Texas,SEC,182,182,7,8,15,23,1,6,6,1,10,0,0,30,94,7,10,0,0,226,256,15,14,2466,2351,324,341,204,222,10,7,20,15,82,49,653,339,17409,18591,2,0,420,83,17,12,327,327,11,7,1244,832,34,21,68,61,54,50,140,148,3710,3183,8,16
2025,Texas A&M,SEC,231,171,9,7,13,17,3,6,6,3,10,0,0,52,144,9,3,0,0,396,320,16,16,2733,1968,299,312,183,179,3,9,23,15,77,64,662,514,19411,16589,2,1,409,109,21,10,383,312,23,11,1912,1276,38,10,83,30,52,31,127,129,4645,3244,12,9
2025,Texas State,Sun Belt,222,231,11,10,20,20,7,1,1,7,10,1,0,114,59,6,7,0,0,606,328,28,17,2584,2418,277,322,190,214,7,6,14,21,69,58,583,505,17210,18790,0,0,55,38,9,6,430,387,29,20,2169,1735,19,21,64,50,66,64,139,146,4753,4153,13,8
2025,Texas Tech,Big 12,257,156,7,10,14,30,5,13,13,5,11,1,0,119,26,7,12,1,0,423,247,15,15,3151,2105,381,388,251,226,12,7,26,11,78,52,655,387,19706,19894,0,0,232,54,23,8,423,335,27,5,2151,818,33,17,80,53,81,53,165,170,5302,2923,12,25
2025,Toledo,Mid-American,218,134,3,8,14,19,3,6,6,3,10,1,0,82,-6,8,10,1,0,382,431,17,19,2504,1430,320,266,210,127,10,8,21,8,80,48,715,369,18742,17258,1,0,323,65,28,16,364,347,18,9,1750,900,24,10,60,44,59,40,139,140,4254,2330,11,16
2025,Troy,Sun Belt,174,182,14,12,26,23,4,6,6,4,10,3,0,140,64,9,7,0,0,511,301,29,17,1940,1912,286,257,168,166,7,9,13,12,55,58,527,480,17840,18160,0,0,90,105,14,16,362,395,14,17,1116,1801,24,43,65,71,59,60,149,145,3056,3713,13,13
2025,Tulane,American Athletic,218,234,8,13,15,25,5,6,6,5,10,0,0,37,47,6,10,0,0,434,41,20,2,2438,2696,298,345,183,231,10,6,15,18,78,55,701,488,17837,18163,0,0,58,119,12,14,354,370,19,13,1689,1428,22,9,53,36,58,60,132,137,4127,4124,11,16
2025,Tulsa,American Athletic,221,213,21,13,36,25,6,4,4,6,10,0,0,42,61,9,5,0,0,413,291,22,15,2244,2341,354,318,210,200,5,9,13,19,50,60,381,590,17564,18436,0,0,98,80,10,11,405,399,14,17,1684,1714,21,22,55,73,61,64,165,154,3928,4055,15,9
2025,UAB,American Athletic,218,216,15,18,31,27,5,3,3,5,10,0,0,2,114,12,3,1,1,609,586,30,23,2770,2279,380,238,252,158,3,12,18,23,76,57,613,502,18132,17868,0,0,102,143,10,10,297,416,16,26,1305,1916,14,25,38,54,61,62,136,126,4075,4195,17,6
2025,UCF,Big 12,187,190,16,15,30,25,5,5,5,5,10,1,1,87,145,9,8,1,0,507,268,23,13,2124,1808,337,283,210,178,8,9,7,11,75,59,580,522,18162,17854,0,0,146,94,14,12,332,386,19,14,1731,1592,19,16,58,57,46,52,141,143,3855,3400,14,13
2025,UCLA,Big Ten,178,217,15,12,26,22,3,5,5,3,10,0,2,36,64,7,3,0,1,462,263,26,13,1813,1888,286,269,181,176,3,7,13,19,78,44,672,401,17482,18518,0,1,47,117,9,14,326,373,8,21,1521,1945,7,22,32,50,52,70,133,125,3334,3833,10,8
2025,UConn,FBS Independents,230,235,11,16,16,29,1,4,4,1,11,0,0,43,11,1,10,0,0,530,442,26,19,3160,2239,388,328,263,207,10,1,27,14,49,51,487,441,19119,20481,0,0,150,73,18,9,339,460,21,19,1804,2032,33,13,70,41,62,51,148,153,4964,4271,2,14
2025,UL Monroe,Sun Belt,161,199,9,14,23,24,6,4,4,6,10,0,2,15,130,11,4,0,0,95,316,12,28,1438,2343,243,291,133,182,4,11,12,19,76,56,678,538,17849,18151,0,0,95,161,9,13,350,373,9,19,1612,1522,21,16,53,69,39,60,124,143,3050,3865,17,8
2025,UNLV,Mountain West,231,224,11,17,18,29,5,6,6,5,10,3,2,205,140,6,12,0,1,343,598,18,25,2580,2641,308,338,206,200,12,6,19,19,73,73,645,661,18668,17332,2,0,103,34,14,8,357,336,23,18,2019,1845,22,20,53,57,56,36,125,120,4599,4486,11,18
2025,USC,Big Ten,245,194,12,9,18,17,6,6,6,6,10,2,0,215,40,6,10,0,1,322,430,18,16,2981,1983,317,286,215,181,10,6,19,18,58,46,522,485,18142,17699,0,0,37,18,5,5,336,328,26,9,1904,1455,24,12,58,37,60,43,115,118,4885,3438,12,16
2025,Utah,Big 12,255,178,12,17,18,30,5,3,3,5,10,2,0,250,16,5,10,0,0,97,229,9,11,1994,1841,283,306,182,153,10,5,20,9,59,60,504,501,19193,16807,1,0,294,27,21,6,447,358,32,9,2787,1418,27,9,64,40,71,45,132,144,4781,3259,10,13
2025,Utah State,Mountain West,206,224,6,16,10,27,4,3,3,4,10,1,0,92,0,3,9,0,0,203,389,12,19,2656,2464,312,349,197,205,9,3,22,20,74,57,577,505,16426,19574,0,1,49,153,12,17,338,369,19,16,1610,1758,23,35,45,67,47,56,132,145,4266,4222,7,12
2025,UTEP,Conference USA,164,204,18,12,31,28,3,5,5,3,10,0,3,5,271,14,4,0,0,304,431,24,24,2100,2075,339,301,185,181,4,14,15,13,59,77,565,640,15446,20554,1,1,168,196,22,25,308,413,12,13,1113,1634,25,20,74,56,42,39,144,146,3213,3709,17,9
2025,UTSA,American Athletic,213,195,9,7,21,15,5,5,5,5,10,1,1,133,52,6,8,0,1,219,499,11,19,2401,2407,341,302,228,192,8,6,23,21,72,68,672,629,19124,16876,0,1,86,175,14,17,341,344,16,14,1751,1481,18,16,61,64,53,53,134,139,4152,3888,11,13
2025,Vanderbilt,SEC,236,200,8,11,13,18,4,7,7,4,10,0,0,18,35,5,4,0,0,373,270,15,14,2584,2448,290,343,199,231,4,5,22,19,66,73,602,639,18485,17515,1,0,91,34,11,5,318,295,28,6,1857,1124,23,14,59,41,56,54,105,135,4441,3572,9,11
2025,Virginia,ACC,234,181,11,14,24,24,3,6,6,4,11,2,1,120,80,8,10,1,0,306,257,9,17,2751,2363,378,348,247,210,10,8,15,12,60,48,498,442,21055,18545,0,1,284,308,28,21,428,353,26,15,2084,1203,27,15,56,51,88,43,179,151,4835,3566,11,16
2025,Virginia Tech,ACC,201,205,6,7,16,11,5,2,2,5,10,0,0,29,28,7,4,0,0,451,185,23,7,1717,2180,279,279,162,184,4,7,16,13,73,69,652,563,18069,17931,0,1,123,251,14,10,375,344,11,23,1885,1571,18,22,49,54,60,53,139,122,3602,3751,12,6
2025,Wake Forest,ACC,176,179,9,7,18,20,7,9,9,7,10,0,1,8,119,7,4,1,0,283,163,12,9,2131,1895,304,348,169,198,4,7,10,7,75,59,690,532,17646,18354,1,0,229,110,18,12,352,357,16,12,1495,1290,21,14,70,45,55,57,151,160,3626,3185,14,13
2025,Washington,Big Ten,232,188,8,14,15,26,4,2,2,4,10,1,0,112,42,5,9,0,0,479,304,22,13,2607,2056,284,338,205,205,9,5,18,14,62,53,560,431,17814,18186,1,0,154,77,13,6,355,305,26,8,1675,1082,18,23,42,52,63,55,118,133,4282,3138,9,11
2025,Washington State,Pac-12,183,172,11,6,14,18,4,4,4,4,10,0,1,10,239,11,2,0,0,152,198,9,12,1994,1689,301,266,197,173,2,11,14,12,66,60,535,574,19310,16690,0,0,217,38,17,9,324,341,11,13,1112,1378,21,20,53,48,46,48,129,128,3106,3067,15,6
2025,Western Kentucky,Conference USA,225,203,5,6,12,22,6,3,3,6,10,1,1,62,177,8,7,1,1,369,364,18,15,2961,2237,389,357,265,195,7,8,21,8,62,73,634,641,18036,17970,0,0,8,108,4,15,320,344,16,12,1369,1751,11,15,52,51,67,57,141,154,4330,3988,14,10
2025,Western Michigan,Mid-American,186,161,11,5,25,11,8,7,7,8,10,1,0,113,6,4,7,0,0,522,263,24,14,1576,1706,249,260,153,154,7,4,8,9,43,47,358,408,19222,16778,0,0,96,61,17,9,412,338,18,13,1635,1208,31,19,58,55,55,42,140,126,3211,2914,12,14
2025,West Virginia,Big 12,216,226,19,16,40,25,7,8,8,6,11,1,0,221,154,9,10,0,1,198,474,10,22,2124,2801,295,350,176,224,10,9,10,23,62,74,602,596,17747,21668,0,0,106,155,12,25,501,420,22,13,1891,1557,25,25,69,60,51,56,166,161,4015,4358,16,18
2025,Wisconsin,Big Ten,144,171,14,6,21,12,2,1,1,3,10,0,0,17,101,11,5,1,0,470,26,18,3,1363,2281,230,285,129,201,5,11,8,18,35,45,302,375,18379,17621,0,0,92,234,10,23,349,311,6,10,1125,1086,25,22,53,54,39,46,127,123,2488,3367,13,6
2025,Wyoming,Mountain West,181,189,9,10,18,16,6,4,5,6,10,1,0,94,128,11,9,0,0,130,534,8,21,1842,1759,306,302,172,164,9,11,12,12,68,66,585,591,17287,18713,1,2,221,185,17,15,338,368,9,12,1459,1685,14,16,41,55,47,50,133,143,3301,3444,17,13
