[
  {
    "game_id":401756964,
    "season":2025,
    "week":14,
    "home_team":"Kansas",
    "away_team":"Utah",
    "start_date":"2025-11-28 17:00:00",
    "home_conference":"Big 12",
    "away_conference":"Big 12",
    "spread":13.0,
    "ridge_predicted_margin":-12.3367740699,
    "predicted_margin":-9.7438112971,
    "ridge_home_win_probability":0.2929295548,
    "xgb_home_win_probability":0.2683729231,
    "fastai_home_win_probability":0.0,
    "ensemble_margin":-9.7438112971,
    "ensemble_home_win_probability":0.1520067394,
    "ensemble_away_win_probability":0.8479932606,
    "ensemble_confidence":0.7698099419,
    "models_used":"ridge,xgb,fastai",
    "model_agreement":"high",
    "home_win_probability":0.1520067394,
    "away_win_probability":0.8479932606,
    "predicted_winner":"Utah"
  },
  {
    "game_id":401756961,
    "season":2025,
    "week":14,
    "home_team":"Arizona State",
    "away_team":"Arizona",
    "start_date":"2025-11-29 02:00:00",
    "home_conference":"Big 12",
    "away_conference":"Big 12",
    "spread":-1.0,
    "ridge_predicted_margin":1.4264016034,
    "predicted_margin":-0.9268817221,
    "ridge_home_win_probability":0.5254494457,
    "xgb_home_win_probability":0.4820767641,
    "fastai_home_win_probability":0.3028791249,
    "ensemble_margin":-0.9268817221,
    "ensemble_home_win_probability":0.4668970814,
    "ensemble_away_win_probability":0.5331029186,
    "ensemble_confidence":0.7908854814,
    "models_used":"ridge,xgb,fastai",
    "model_agreement":"moderate",
    "home_win_probability":0.4668970814,
    "away_win_probability":0.5331029186,
    "predicted_winner":"Arizona"
  },
  {
    "game_id":401760426,
    "season":2025,
    "week":14,
    "home_team":"New Mexico",
    "away_team":"San Diego State",
    "start_date":"2025-11-28 20:30:00",
    "home_conference":"Mountain West",
    "away_conference":"Mountain West",
    "spread":1.5,
    "ridge_predicted_margin":-2.1757469074,
    "predicted_margin":-3.6076299875,
    "ridge_home_win_probability":0.461225387,
    "xgb_home_win_probability":0.4889352918,
    "fastai_home_win_probability":0.0,
    "ensemble_margin":-3.6076299875,
    "ensemble_home_win_probability":0.3711560719,
    "ensemble_away_win_probability":0.6288439281,
    "ensemble_confidence":0.5670096026,
    "models_used":"ridge,xgb,fastai",
    "model_agreement":"high",
    "home_win_probability":0.3711560719,
    "away_win_probability":0.6288439281,
    "predicted_winner":"San Diego State"
  },
  {
    "game_id":401752788,
    "season":2025,
    "week":14,
    "home_team":"Mississippi State",
    "away_team":"Ole Miss",
    "start_date":"2025-11-28 17:00:00",
    "home_conference":"SEC",
    "away_conference":"SEC",
    "spread":7.5,
    "ridge_predicted_margin":-6.4493880869,
    "predicted_margin":-7.4885501594,
    "ridge_home_win_probability":0.3868267563,
    "xgb_home_win_probability":0.2861900032,
    "fastai_home_win_probability":0.0427868254,
    "ensemble_margin":-7.4885501594,
    "ensemble_home_win_probability":0.23255178,
    "ensemble_away_win_probability":0.76744822,
    "ensemble_confidence":0.7778971537,
    "models_used":"ridge,xgb,fastai",
    "model_agreement":"high",
    "home_win_probability":0.23255178,
    "away_win_probability":0.76744822,
    "predicted_winner":"Ole Miss"
  },
  {
    "game_id":401762519,
    "season":2025,
    "week":14,
    "home_team":"Florida Atlantic",
    "away_team":"East Carolina",
    "start_date":"2025-11-29 17:00:00",
    "home_conference":"American Athletic",
    "away_conference":"American Athletic",
    "spread":6.5,
    "ridge_predicted_margin":-6.6384622583,
    "predicted_margin":-7.0419243792,
    "ridge_home_win_probability":0.3836283473,
    "xgb_home_win_probability":0.3392581642,
    "fastai_home_win_probability":0.0,
    "ensemble_margin":-7.0419243792,
    "ensemble_home_win_probability":0.2485027007,
    "ensemble_away_win_probability":0.7514972993,
    "ensemble_confidence":0.7093703527,
    "models_used":"ridge,xgb,fastai",
    "model_agreement":"high",
    "home_win_probability":0.2485027007,
    "away_win_probability":0.7514972993,
    "predicted_winner":"East Carolina"
  },
  {
    "game_id":401762442,
    "season":2025,
    "week":14,
    "home_team":"North Texas",
    "away_team":"Temple",
    "start_date":"2025-11-28 20:30:00",
    "home_conference":"American Athletic",
    "away_conference":"American Athletic",
    "spread":-19.5,
    "ridge_predicted_margin":19.4634100591,
    "predicted_margin":12.2122753619,
    "ridge_home_win_probability":0.8006311258,
    "xgb_home_win_probability":0.8874151707,
    "fastai_home_win_probability":0.6695428491,
    "ensemble_margin":12.2122753619,
    "ensemble_home_win_probability":0.8626161551,
    "ensemble_away_win_probability":0.1373838449,
    "ensemble_confidence":0.7595916225,
    "models_used":"ridge,xgb,fastai",
    "model_agreement":"high",
    "home_win_probability":0.8626161551,
    "away_win_probability":0.1373838449,
    "predicted_winner":"North Texas"
  },
  {
    "game_id":401752790,
    "season":2025,
    "week":14,
    "home_team":"South Carolina",
    "away_team":"Clemson",
    "start_date":"2025-11-29 17:00:00",
    "home_conference":"SEC",
    "away_conference":"SEC",
    "spread":-2.0,
    "ridge_predicted_margin":2.1376007931,
    "predicted_margin":0.640356652,
    "ridge_home_win_probability":0.5380974578,
    "xgb_home_win_probability":0.5017406344,
    "fastai_home_win_probability":0.4954834878,
    "ensemble_margin":0.640356652,
    "ensemble_home_win_probability":0.5228698804,
    "ensemble_away_win_probability":0.4771301196,
    "ensemble_confidence":0.9265368122,
    "models_used":"ridge,xgb,fastai",
    "model_agreement":"moderate",
    "home_win_probability":0.5228698804,
    "away_win_probability":0.4771301196,
    "predicted_winner":"South Carolina"
  },
  {
    "game_id":401752921,
    "season":2025,
    "week":14,
    "home_team":"Michigan",
    "away_team":"Ohio State",
    "start_date":"2025-11-29 17:00:00",
    "home_conference":"Big Ten",
    "away_conference":"Big Ten",
    "spread":9.5,
    "ridge_predicted_margin":-7.9615928687,
    "predicted_margin":-8.2235903429,
    "ridge_home_win_probability":0.3615402623,
    "xgb_home_win_probability":0.2049718648,
    "fastai_home_win_probability":0.1955859661,
    "ensemble_margin":-8.2235903429,
    "ensemble_home_win_probability":0.2063003449,
    "ensemble_away_win_probability":0.7936996551,
    "ensemble_confidence":0.9836002972,
    "models_used":"ridge,xgb,fastai",
    "model_agreement":"high",
    "home_win_probability":0.2063003449,
    "away_win_probability":0.7936996551,
    "predicted_winner":"Ohio State"
  },
  {
    "game_id":401756968,
    "season":2025,
    "week":14,
    "home_team":"West Virginia",
    "away_team":"Texas Tech",
    "start_date":"2025-11-29 17:00:00",
    "home_conference":"Big 12",
    "away_conference":"Big 12",
    "spread":21.0,
    "ridge_predicted_margin":-19.8081335309,
    "predicted_margin":-12.5168661917,
    "ridge_home_win_probability":0.1954675877,
    "xgb_home_win_probability":0.1801902801,
    "fastai_home_win_probability":0.1255196333,
    "ensemble_margin":-12.5168661917,
    "ensemble_home_win_probability":0.1301990667,
    "ensemble_away_win_probability":0.8698009333,
    "ensemble_confidence":0.8932466942,
    "models_used":"ridge,xgb,fastai",
    "model_agreement":"high",
    "home_win_probability":0.1301990667,
    "away_win_probability":0.8698009333,
    "predicted_winner":"Texas Tech"
  },
  {
    "game_id":401762872,
    "season":2025,
    "week":14,
    "home_team":"Central Michigan",
    "away_team":"Toledo",
    "start_date":"2025-11-29 17:00:00",
    "home_conference":"Mid-American",
    "away_conference":"Mid-American",
    "spread":10.5,
    "ridge_predicted_margin":-10.7386365725,
    "predicted_margin":-9.9232728122,
    "ridge_home_win_probability":0.3171185768,
    "xgb_home_win_probability":0.22130844,
    "fastai_home_win_probability":0.0,
    "ensemble_margin":-9.9232728122,
    "ensemble_home_win_probability":0.1455973996,
    "ensemble_away_win_probability":0.8544026004,
    "ensemble_confidence":0.8192190348,
    "models_used":"ridge,xgb,fastai",
    "model_agreement":"high",
    "home_win_probability":0.1455973996,
    "away_win_probability":0.8544026004,
    "predicted_winner":"Toledo"
  },
  {
    "game_id":401762875,
    "season":2025,
    "week":14,
    "home_team":"Miami (OH)",
    "away_team":"Ball State",
    "start_date":"2025-11-29 17:00:00",
    "home_conference":"Mid-American",
    "away_conference":"Mid-American",
    "spread":-17.5,
    "ridge_predicted_margin":16.514729175,
    "predicted_margin":11.4814259508,
    "ridge_home_win_probability":0.7648801036,
    "xgb_home_win_probability":0.8995937109,
    "fastai_home_win_probability":0.6665527225,
    "ensemble_margin":11.4814259508,
    "ensemble_home_win_probability":0.8681073999,
    "ensemble_away_win_probability":0.1318926001,
    "ensemble_confidence":0.7530710805,
    "models_used":"ridge,xgb,fastai",
    "model_agreement":"high",
    "home_win_probability":0.8681073999,
    "away_win_probability":0.1318926001,
    "predicted_winner":"Miami (OH)"
  },
  {
    "game_id":401757310,
    "season":2025,
    "week":14,
    "home_team":"Delaware",
    "away_team":"UTEP",
    "start_date":"2025-11-29 18:00:00",
    "home_conference":"Conference USA",
    "away_conference":"Conference USA",
    "spread":-5.0,
    "ridge_predicted_margin":3.8799533455,
    "predicted_margin":2.9883136394,
    "ridge_home_win_probability":0.5688448012,
    "xgb_home_win_probability":0.6321415901,
    "fastai_home_win_probability":0.4954188168,
    "ensemble_margin":2.9883136394,
    "ensemble_home_win_probability":0.6067254871,
    "ensemble_away_win_probability":0.3932745129,
    "ensemble_confidence":0.8679619056,
    "models_used":"ridge,xgb,fastai",
    "model_agreement":"moderate",
    "home_win_probability":0.6067254871,
    "away_win_probability":0.3932745129,
    "predicted_winner":"Delaware"
  },
  {
    "game_id":401761663,
    "season":2025,
    "week":14,
    "home_team":"Marshall",
    "away_team":"Georgia Southern",
    "start_date":"2025-11-29 18:30:00",
    "home_conference":"Sun Belt",
    "away_conference":"Sun Belt",
    "spread":-7.5,
    "ridge_predicted_margin":7.394193415,
    "predicted_margin":4.2102977765,
    "ridge_home_win_probability":0.6290530826,
    "xgb_home_win_probability":0.7183658481,
    "fastai_home_win_probability":0.3098067641,
    "ensemble_margin":4.2102977765,
    "ensemble_home_win_probability":0.6503677777,
    "ensemble_away_win_probability":0.3496322223,
    "ensemble_confidence":0.5915488236,
    "models_used":"ridge,xgb,fastai",
    "model_agreement":"moderate",
    "home_win_probability":0.6503677777,
    "away_win_probability":0.3496322223,
    "predicted_winner":"Marshall"
  },
  {
    "game_id":401757314,
    "season":2025,
    "week":14,
    "home_team":"Missouri State",
    "away_team":"Louisiana Tech",
    "start_date":"2025-11-29 19:00:00",
    "home_conference":"Conference USA",
    "away_conference":"Conference USA",
    "spread":-3.0,
    "ridge_predicted_margin":2.0154104419,
    "predicted_margin":-0.4617595855,
    "ridge_home_win_probability":0.5359274473,
    "xgb_home_win_probability":0.5101322532,
    "fastai_home_win_probability":0.2842438817,
    "ensemble_margin":-0.4617595855,
    "ensemble_home_win_probability":0.4835085862,
    "ensemble_away_win_probability":0.5164914138,
    "ensemble_confidence":0.752665736,
    "models_used":"ridge,xgb,fastai",
    "model_agreement":"moderate",
    "home_win_probability":0.4835085862,
    "away_win_probability":0.5164914138,
    "predicted_winner":"Louisiana Tech"
  },
  {
    "game_id":401761664,
    "season":2025,
    "week":14,
    "home_team":"Old Dominion",
    "away_team":"Georgia State",
    "start_date":"2025-11-29 19:00:00",
    "home_conference":"Sun Belt",
    "away_conference":"Sun Belt",
    "spread":-26.5,
    "ridge_predicted_margin":25.8509140295,
    "predicted_margin":14.6522239531,
    "ridge_home_win_probability":0.8637149161,
    "xgb_home_win_probability":0.9586248994,
    "fastai_home_win_probability":0.5850359201,
    "ensemble_margin":14.6522239531,
    "ensemble_home_win_probability":0.8813196337,
    "ensemble_away_win_probability":0.1186803663,
    "ensemble_confidence":0.6517715348,
    "models_used":"ridge,xgb,fastai",
    "model_agreement":"high",
    "home_win_probability":0.8813196337,
    "away_win_probability":0.1186803663,
    "predicted_winner":"Old Dominion"
  },
  {
    "game_id":401761661,
    "season":2025,
    "week":14,
    "home_team":"App State",
    "away_team":"Arkansas State",
    "start_date":"2025-11-29 19:30:00",
    "home_conference":"Sun Belt",
    "away_conference":"Sun Belt",
    "spread":-3.0,
    "ridge_predicted_margin":2.287077513,
    "predicted_margin":-0.4704114775,
    "ridge_home_win_probability":0.5407500841,
    "xgb_home_win_probability":0.5509836078,
    "fastai_home_win_probability":0.1660169214,
    "ensemble_margin":-0.4704114775,
    "ensemble_home_win_probability":0.4831995901,
    "ensemble_away_win_probability":0.5168004099,
    "ensemble_confidence":0.6217475217,
    "models_used":"ridge,xgb,fastai",
    "model_agreement":"moderate",
    "home_win_probability":0.4831995901,
    "away_win_probability":0.5168004099,
    "predicted_winner":"Arkansas State"
  },
  {
    "game_id":401757315,
    "season":2025,
    "week":14,
    "home_team":"New Mexico State",
    "away_team":"Middle Tennessee",
    "start_date":"2025-11-29 20:00:00",
    "home_conference":"Conference USA",
    "away_conference":"Conference USA",
    "spread":-5.0,
    "ridge_predicted_margin":3.5948174394,
    "predicted_margin":2.3609794258,
    "ridge_home_win_probability":0.5638427788,
    "xgb_home_win_probability":0.5891657472,
    "fastai_home_win_probability":0.5061095953,
    "ensemble_margin":2.3609794258,
    "ensemble_home_win_probability":0.5843206938,
    "ensemble_away_win_probability":0.4156793062,
    "ensemble_confidence":0.8980453682,
    "models_used":"ridge,xgb,fastai",
    "model_agreement":"high",
    "home_win_probability":0.5843206938,
    "away_win_probability":0.4156793062,
    "predicted_winner":"New Mexico State"
  },
  {
    "game_id":401761665,
    "season":2025,
    "week":14,
    "home_team":"Louisiana",
    "away_team":"UL Monroe",
    "start_date":"2025-11-29 20:00:00",
    "home_conference":"Sun Belt",
    "away_conference":"Sun Belt",
    "spread":-10.5,
    "ridge_predicted_margin":9.3880113027,
    "predicted_margin":5.9610893506,
    "ridge_home_win_probability":0.6616312806,
    "xgb_home_win_probability":0.7492737174,
    "fastai_home_win_probability":0.4383667707,
    "ensemble_margin":5.9610893506,
    "ensemble_home_win_probability":0.7128960482,
    "ensemble_away_win_probability":0.2871039518,
    "ensemble_confidence":0.6590169566,
    "models_used":"ridge,xgb,fastai",
    "model_agreement":"moderate",
    "home_win_probability":0.7128960482,
    "away_win_probability":0.2871039518,
    "predicted_winner":"Louisiana"
  },
  {
    "game_id":401761667,
    "season":2025,
    "week":14,
    "home_team":"Texas State",
    "away_team":"South Alabama",
    "start_date":"2025-11-29 20:00:00",
    "home_conference":"Sun Belt",
    "away_conference":"Sun Belt",
    "spread":-9.0,
    "ridge_predicted_margin":8.8540881314,
    "predicted_margin":5.8166454029,
    "ridge_home_win_probability":0.6530413556,
    "xgb_home_win_probability":0.7623972893,
    "fastai_home_win_probability":0.408367306,
    "ensemble_margin":5.8166454029,
    "ensemble_home_win_probability":0.7077373358,
    "ensemble_away_win_probability":0.2922626642,
    "ensemble_confidence":0.6381678945,
    "models_used":"ridge,xgb,fastai",
    "model_agreement":"moderate",
    "home_win_probability":0.7077373358,
    "away_win_probability":0.2922626642,
    "predicted_winner":"Texas State"
  },
  {
    "game_id":401762517,
    "season":2025,
    "week":14,
    "home_team":"Tulsa",
    "away_team":"UAB",
    "start_date":"2025-11-29 20:00:00",
    "home_conference":"American Athletic",
    "away_conference":"American Athletic",
    "spread":-9.5,
    "ridge_predicted_margin":9.2397411129,
    "predicted_margin":3.4312248904,
    "ridge_home_win_probability":0.6592562345,
    "xgb_home_win_probability":0.7014362216,
    "fastai_home_win_probability":0.1141420454,
    "ensemble_margin":3.4312248904,
    "ensemble_home_win_probability":0.6225437461,
    "ensemble_away_win_probability":0.3774562539,
    "ensemble_confidence":0.376789641,
    "models_used":"ridge,xgb,fastai",
    "model_agreement":"moderate",
    "home_win_probability":0.6225437461,
    "away_win_probability":0.3774562539,
    "predicted_winner":"Tulsa"
  },
  {
    "game_id":401757313,
    "season":2025,
    "week":14,
    "home_team":"Liberty",
    "away_team":"Kennesaw State",
    "start_date":"2025-11-29 20:30:00",
    "home_conference":"Conference USA",
    "away_conference":"Conference USA",
    "spread":2.0,
    "ridge_predicted_margin":-2.7562738883,
    "predicted_margin":-2.0832711526,
    "ridge_home_win_probability":0.4509391894,
    "xgb_home_win_probability":0.5322144628,
    "fastai_home_win_probability":0.195108667,
    "ensemble_margin":-2.0832711526,
    "ensemble_home_win_probability":0.4255974588,
    "ensemble_away_win_probability":0.5744025412,
    "ensemble_confidence":0.7224445531,
    "models_used":"ridge,xgb,fastai",
    "model_agreement":"moderate",
    "home_win_probability":0.4255974588,
    "away_win_probability":0.5744025412,
    "predicted_winner":"Kennesaw State"
  },
  {
    "game_id":401761666,
    "season":2025,
    "week":14,
    "home_team":"Southern Miss",
    "away_team":"Troy",
    "start_date":"2025-11-29 20:30:00",
    "home_conference":"Sun Belt",
    "away_conference":"Sun Belt",
    "spread":-7.0,
    "ridge_predicted_margin":6.1614558783,
    "predicted_margin":4.8829007413,
    "ridge_home_win_probability":0.6082838095,
    "xgb_home_win_probability":0.7237039804,
    "fastai_home_win_probability":0.4826086164,
    "ensemble_margin":4.8829007413,
    "ensemble_home_win_probability":0.6743893122,
    "ensemble_away_win_probability":0.3256106878,
    "ensemble_confidence":0.7743949666,
    "models_used":"ridge,xgb,fastai",
    "model_agreement":"moderate",
    "home_win_probability":0.6743893122,
    "away_win_probability":0.3256106878,
    "predicted_winner":"Southern Miss"
  },
  {
    "game_id":401761662,
    "season":2025,
    "week":14,
    "home_team":"Coastal Carolina",
    "away_team":"James Madison",
    "start_date":"2025-11-29 20:45:00",
    "home_conference":"Sun Belt",
    "away_conference":"Sun Belt",
    "spread":22.0,
    "ridge_predicted_margin":-21.046348756,
    "predicted_margin":-14.2807115512,
    "ridge_home_win_probability":0.1819322748,
    "xgb_home_win_probability":0.1087156907,
    "fastai_home_win_probability":0.0555666797,
    "ensemble_margin":-14.2807115512,
    "ensemble_home_win_probability":0.0804711813,
    "ensemble_away_win_probability":0.9195288187,
    "ensemble_confidence":0.9470709589,
    "models_used":"ridge,xgb,fastai",
    "model_agreement":"high",
    "home_win_probability":0.0804711813,
    "away_win_probability":0.9195288187,
    "predicted_winner":"James Madison"
  },
  {
    "game_id":401752946,
    "season":2025,
    "week":14,
    "home_team":"Washington State",
    "away_team":"Oregon State",
    "start_date":"2025-11-29 23:30:00",
    "home_conference":"Pac-12",
    "away_conference":"Pac-12",
    "spread":-13.5,
    "ridge_predicted_margin":12.6180521487,
    "predicted_margin":9.3880927753,
    "ridge_home_win_probability":0.7112144107,
    "xgb_home_win_probability":0.7921048999,
    "fastai_home_win_probability":0.7702158093,
    "ensemble_margin":9.3880927753,
    "ensemble_home_win_probability":0.8350956118,
    "ensemble_away_win_probability":0.1649043882,
    "ensemble_confidence":0.8398162858,
    "models_used":"ridge,xgb,fastai",
    "model_agreement":"high",
    "home_win_probability":0.8350956118,
    "away_win_probability":0.1649043882,
    "predicted_winner":"Washington State"
  },
  {
    "game_id":401760425,
    "season":2025,
    "week":14,
    "home_team":"Nevada",
    "away_team":"UNLV",
    "start_date":"2025-11-30 02:00:00",
    "home_conference":"Mountain West",
    "away_conference":"Mountain West",
    "spread":7.5,
    "ridge_predicted_margin":-7.6128793971,
    "predicted_margin":-6.8877821093,
    "ridge_home_win_probability":0.3673093709,
    "xgb_home_win_probability":0.2785593569,
    "fastai_home_win_probability":0.2314733416,
    "ensemble_margin":-6.8877821093,
    "ensemble_home_win_probability":0.2540077818,
    "ensemble_away_win_probability":0.7459922182,
    "ensemble_confidence":0.9539402009,
    "models_used":"ridge,xgb,fastai",
    "model_agreement":"high",
    "home_win_probability":0.2540077818,
    "away_win_probability":0.7459922182,
    "predicted_winner":"UNLV"
  },
  {
    "game_id":401756965,
    "season":2025,
    "week":14,
    "home_team":"Kansas State",
    "away_team":"Colorado",
    "start_date":"2025-11-29 17:00:00",
    "home_conference":"Big 12",
    "away_conference":"Big 12",
    "spread":-17.0,
    "ridge_predicted_margin":16.8633275056,
    "predicted_margin":11.9114596612,
    "ridge_home_win_probability":0.7693284924,
    "xgb_home_win_probability":0.894762218,
    "fastai_home_win_probability":0.7367482781,
    "ensemble_margin":11.9114596612,
    "ensemble_home_win_probability":0.8797307646,
    "ensemble_away_win_probability":0.1202692354,
    "ensemble_confidence":0.8192658003,
    "models_used":"ridge,xgb,fastai",
    "model_agreement":"high",
    "home_win_probability":0.8797307646,
    "away_win_probability":0.1202692354,
    "predicted_winner":"Kansas State"
  },
  {
    "game_id":401756967,
    "season":2025,
    "week":14,
    "home_team":"TCU",
    "away_team":"Cincinnati",
    "start_date":"2025-11-29 20:30:00",
    "home_conference":"Big 12",
    "away_conference":"Big 12",
    "spread":-4.0,
    "ridge_predicted_margin":3.9983346246,
    "predicted_margin":2.5513509209,
    "ridge_home_win_probability":0.5709174565,
    "xgb_home_win_probability":0.6239069104,
    "fastai_home_win_probability":0.4316346049,
    "ensemble_margin":2.5513509209,
    "ensemble_home_win_probability":0.5911196757,
    "ensemble_away_win_probability":0.4088803243,
    "ensemble_confidence":0.8091942954,
    "models_used":"ridge,xgb,fastai",
    "model_agreement":"moderate",
    "home_win_probability":0.5911196757,
    "away_win_probability":0.4088803243,
    "predicted_winner":"TCU"
  },
  {
    "game_id":401754611,
    "season":2025,
    "week":14,
    "home_team":"Pittsburgh",
    "away_team":"Miami",
    "start_date":"2025-11-29 17:00:00",
    "home_conference":"ACC",
    "away_conference":"ACC",
    "spread":6.5,
    "ridge_predicted_margin":-5.2730407202,
    "predicted_margin":-6.7090824689,
    "ridge_home_win_probability":0.4069361516,
    "xgb_home_win_probability":0.3337735534,
    "fastai_home_win_probability":0.0,
    "ensemble_margin":-6.7090824689,
    "ensemble_home_win_probability":0.2603899118,
    "ensemble_away_win_probability":0.7396100882,
    "ensemble_confidence":0.6951972129,
    "models_used":"ridge,xgb,fastai",
    "model_agreement":"high",
    "home_win_probability":0.2603899118,
    "away_win_probability":0.7396100882,
    "predicted_winner":"Miami"
  },
  {
    "game_id":401756966,
    "season":2025,
    "week":14,
    "home_team":"Oklahoma State",
    "away_team":"Iowa State",
    "start_date":"2025-11-29 17:00:00",
    "home_conference":"Big 12",
    "away_conference":"Big 12",
    "spread":14.0,
    "ridge_predicted_margin":-14.6533686192,
    "predicted_margin":-12.3683279416,
    "ridge_home_win_probability":0.2598652211,
    "xgb_home_win_probability":0.1305487603,
    "fastai_home_win_probability":0.0,
    "ensemble_margin":-12.3683279416,
    "ensemble_home_win_probability":0.0802743801,
    "ensemble_away_win_probability":0.9197256199,
    "ensemble_confidence":0.8924389959,
    "models_used":"ridge,xgb,fastai",
    "model_agreement":"high",
    "home_win_probability":0.0802743801,
    "away_win_probability":0.9197256199,
    "predicted_winner":"Iowa State"
  },
  {
    "game_id":401756963,
    "season":2025,
    "week":14,
    "home_team":"BYU",
    "away_team":"UCF",
    "start_date":"2025-11-29 18:00:00",
    "home_conference":"Big 12",
    "away_conference":"Big 12",
    "spread":-17.0,
    "ridge_predicted_margin":16.717454197,
    "predicted_margin":11.4983405835,
    "ridge_home_win_probability":0.7674742347,
    "xgb_home_win_probability":0.909497261,
    "fastai_home_win_probability":0.6339540482,
    "ensemble_margin":11.4983405835,
    "ensemble_home_win_probability":0.8665394402,
    "ensemble_away_win_probability":0.1334605598,
    "ensemble_confidence":0.7191682372,
    "models_used":"ridge,xgb,fastai",
    "model_agreement":"high",
    "home_win_probability":0.8665394402,
    "away_win_probability":0.1334605598,
    "predicted_winner":"BYU"
  },
  {
    "game_id":401757311,
    "season":2025,
    "week":14,
    "home_team":"Sam Houston",
    "away_team":"Florida International",
    "start_date":"2025-11-29 18:00:00",
    "home_conference":"Conference USA",
    "away_conference":"Conference USA",
    "spread":10.0,
    "ridge_predicted_margin":-11.0573697141,
    "predicted_margin":-9.2789171234,
    "ridge_home_win_probability":0.3122090118,
    "xgb_home_win_probability":0.2741638422,
    "fastai_home_win_probability":0.0,
    "ensemble_margin":-9.2789171234,
    "ensemble_home_win_probability":0.1686101027,
    "ensemble_away_win_probability":0.8313898973,
    "ensemble_confidence":0.7741237501,
    "models_used":"ridge,xgb,fastai",
    "model_agreement":"high",
    "home_win_probability":0.1686101027,
    "away_win_probability":0.8313898973,
    "predicted_winner":"Florida International"
  },
  {
    "game_id":401754608,
    "season":2025,
    "week":14,
    "home_team":"Syracuse",
    "away_team":"Boston College",
    "start_date":"2025-11-29 20:00:00",
    "home_conference":"ACC",
    "away_conference":"ACC",
    "spread":3.0,
    "ridge_predicted_margin":-3.9356167758,
    "predicted_margin":-4.5533971561,
    "ridge_home_win_probability":0.4301803215,
    "xgb_home_win_probability":0.4590919912,
    "fastai_home_win_probability":0.0,
    "ensemble_margin":-4.5533971561,
    "ensemble_home_win_probability":0.337378673,
    "ensemble_away_win_probability":0.662621327,
    "ensemble_confidence":0.6056542619,
    "models_used":"ridge,xgb,fastai",
    "model_agreement":"high",
    "home_win_probability":0.337378673,
    "away_win_probability":0.662621327,
    "predicted_winner":"Boston College"
  },
  {
    "game_id":401754610,
    "season":2025,
    "week":14,
    "home_team":"Duke",
    "away_team":"Wake Forest",
    "start_date":"2025-11-29 20:30:00",
    "home_conference":"ACC",
    "away_conference":"ACC",
    "spread":-2.5,
    "ridge_predicted_margin":2.8014800918,
    "predicted_margin":0.612704002,
    "ridge_home_win_probability":0.5498601648,
    "xgb_home_win_probability":0.4951567054,
    "fastai_home_win_probability":0.4714403749,
    "ensemble_margin":0.612704002,
    "ensemble_home_win_probability":0.5218822858,
    "ensemble_away_win_probability":0.4781177142,
    "ensemble_confidence":0.8882327038,
    "models_used":"ridge,xgb,fastai",
    "model_agreement":"moderate",
    "home_win_probability":0.5218822858,
    "away_win_probability":0.4781177142,
    "predicted_winner":"Duke"
  },
  {
    "game_id":401754613,
    "season":2025,
    "week":14,
    "home_team":"Virginia",
    "away_team":"Virginia Tech",
    "start_date":"2025-11-30 00:00:00",
    "home_conference":"ACC",
    "away_conference":"ACC",
    "spread":-10.5,
    "ridge_predicted_margin":10.3215084525,
    "predicted_margin":9.4234883682,
    "ridge_home_win_probability":0.6763943466,
    "xgb_home_win_probability":0.7905462384,
    "fastai_home_win_probability":0.9034622312,
    "ensemble_margin":9.4234883682,
    "ensemble_home_win_probability":0.836553156,
    "ensemble_away_win_probability":0.163446844,
    "ensemble_confidence":0.9055778434,
    "models_used":"ridge,xgb,fastai",
    "model_agreement":"high",
    "home_win_probability":0.836553156,
    "away_win_probability":0.163446844,
    "predicted_winner":"Virginia"
  },
  {
    "game_id":401754612,
    "season":2025,
    "week":14,
    "home_team":"NC State",
    "away_team":"North Carolina",
    "start_date":"2025-11-30 00:30:00",
    "home_conference":"ACC",
    "away_conference":"ACC",
    "spread":-7.0,
    "ridge_predicted_margin":6.4946259957,
    "predicted_margin":3.8412069887,
    "ridge_home_win_probability":0.6139393959,
    "xgb_home_win_probability":0.6988713741,
    "fastai_home_win_probability":0.3408249915,
    "ensemble_margin":3.8412069887,
    "ensemble_home_win_probability":0.6371859639,
    "ensemble_away_win_probability":0.3628140361,
    "ensemble_confidence":0.6458054724,
    "models_used":"ridge,xgb,fastai",
    "model_agreement":"moderate",
    "home_win_probability":0.6371859639,
    "away_win_probability":0.3628140361,
    "predicted_winner":"NC State"
  },
  {
    "game_id":401754609,
    "season":2025,
    "week":14,
    "home_team":"California",
    "away_team":"SMU",
    "start_date":"2025-11-30 01:00:00",
    "home_conference":"ACC",
    "away_conference":"ACC",
    "spread":13.0,
    "ridge_predicted_margin":-12.7582322508,
    "predicted_margin":-10.3908800349,
    "ridge_home_win_probability":0.2867334196,
    "xgb_home_win_probability":0.2311849743,
    "fastai_home_win_probability":0.0,
    "ensemble_margin":-10.3908800349,
    "ensemble_home_win_probability":0.1305924872,
    "ensemble_away_win_probability":0.8694075128,
    "ensemble_confidence":0.8013663481,
    "models_used":"ridge,xgb,fastai",
    "model_agreement":"high",
    "home_win_probability":0.1305924872,
    "away_win_probability":0.8694075128,
    "predicted_winner":"SMU"
  },
  {
    "game_id":401752916,
    "season":2025,
    "week":14,
    "home_team":"Nebraska",
    "away_team":"Iowa",
    "start_date":"2025-11-28 17:00:00",
    "home_conference":"Big Ten",
    "away_conference":"Big Ten",
    "spread":5.5,
    "ridge_predicted_margin":-4.3980971789,
    "predicted_margin":-3.8537878101,
    "ridge_home_win_probability":0.4221021447,
    "xgb_home_win_probability":0.3745232522,
    "fastai_home_win_probability":0.3611278236,
    "ensemble_margin":-3.8537878101,
    "ensemble_home_win_probability":0.3623647211,
    "ensemble_away_win_probability":0.6376352789,
    "ensemble_confidence":0.9741008811,
    "models_used":"ridge,xgb,fastai",
    "model_agreement":"high",
    "home_win_probability":0.3623647211,
    "away_win_probability":0.6376352789,
    "predicted_winner":"Iowa"
  },
  {
    "game_id":401760422,
    "season":2025,
    "week":14,
    "home_team":"Utah State",
    "away_team":"Boise State",
    "start_date":"2025-11-28 21:00:00",
    "home_conference":"Mountain West",
    "away_conference":"Mountain West",
    "spread":3.0,
    "ridge_predicted_margin":-2.7179624962,
    "predicted_margin":-4.4093816378,
    "ridge_home_win_probability":0.4516168252,
    "xgb_home_win_probability":0.4007335007,
    "fastai_home_win_probability":0.1063818038,
    "ensemble_margin":-4.4093816378,
    "ensemble_home_win_probability":0.3425220844,
    "ensemble_away_win_probability":0.6574779156,
    "ensemble_confidence":0.7214413881,
    "models_used":"ridge,xgb,fastai",
    "model_agreement":"high",
    "home_win_probability":0.3425220844,
    "away_win_probability":0.6574779156,
    "predicted_winner":"Boise State"
  },
  {
    "game_id":401762868,
    "season":2025,
    "week":14,
    "home_team":"Massachusetts",
    "away_team":"Bowling Green",
    "start_date":"2025-11-25 21:30:00",
    "home_conference":"Mid-American",
    "away_conference":"Mid-American",
    "spread":14.5,
    "ridge_predicted_margin":-16.4897497132,
    "predicted_margin":-12.540807582,
    "ridge_home_win_probability":0.2354409245,
    "xgb_home_win_probability":0.1575798094,
    "fastai_home_win_probability":0.0,
    "ensemble_margin":-12.540807582,
    "ensemble_home_win_probability":0.0937899047,
    "ensemble_away_win_probability":0.9062100953,
    "ensemble_confidence":0.8685046486,
    "models_used":"ridge,xgb,fastai",
    "model_agreement":"high",
    "home_win_probability":0.0937899047,
    "away_win_probability":0.9062100953,
    "predicted_winner":"Bowling Green"
  },
  {
    "game_id":401762869,
    "season":2025,
    "week":14,
    "home_team":"Eastern Michigan",
    "away_team":"Western Michigan",
    "start_date":"2025-11-26 00:30:00",
    "home_conference":"Mid-American",
    "away_conference":"Mid-American",
    "spread":7.0,
    "ridge_predicted_margin":-7.7608868018,
    "predicted_margin":-6.3599552791,
    "ridge_home_win_probability":0.3648559843,
    "xgb_home_win_probability":0.3641091287,
    "fastai_home_win_probability":0.1197826713,
    "ensemble_margin":-6.3599552791,
    "ensemble_home_win_probability":0.27285874,
    "ensemble_away_win_probability":0.72714126,
    "ensemble_confidence":0.7996954449,
    "models_used":"ridge,xgb,fastai",
    "model_agreement":"high",
    "home_win_probability":0.27285874,
    "away_win_probability":0.72714126,
    "predicted_winner":"Western Michigan"
  },
  {
    "game_id":401762516,
    "season":2025,
    "week":14,
    "home_team":"Memphis",
    "away_team":"Navy",
    "start_date":"2025-11-28 00:30:00",
    "home_conference":"American Athletic",
    "away_conference":"American Athletic",
    "spread":-5.0,
    "ridge_predicted_margin":5.3303171131,
    "predicted_margin":3.2184300939,
    "ridge_home_win_probability":0.5940508308,
    "xgb_home_win_probability":0.6794483066,
    "fastai_home_win_probability":0.3405461907,
    "ensemble_margin":3.2184300939,
    "ensemble_home_win_probability":0.6149439319,
    "ensemble_away_win_probability":0.3850560681,
    "ensemble_confidence":0.6752097977,
    "models_used":"ridge,xgb,fastai",
    "model_agreement":"moderate",
    "home_win_probability":0.6149439319,
    "away_win_probability":0.3850560681,
    "predicted_winner":"Memphis"
  },
  {
    "game_id":401762870,
    "season":2025,
    "week":14,
    "home_team":"Buffalo",
    "away_team":"Ohio",
    "start_date":"2025-11-28 17:00:00",
    "home_conference":"Mid-American",
    "away_conference":"Mid-American",
    "spread":6.0,
    "ridge_predicted_margin":-6.5785931033,
    "predicted_margin":-5.3181637222,
    "ridge_home_win_probability":0.3846400291,
    "xgb_home_win_probability":0.4395679832,
    "fastai_home_win_probability":0.0538325794,
    "ensemble_margin":-5.3181637222,
    "ensemble_home_win_probability":0.3100655813,
    "ensemble_away_win_probability":0.6899344187,
    "ensemble_confidence":0.684573555,
    "models_used":"ridge,xgb,fastai",
    "model_agreement":"high",
    "home_win_probability":0.3100655813,
    "away_win_probability":0.6899344187,
    "predicted_winner":"Ohio"
  },
  {
    "game_id":401762871,
    "season":2025,
    "week":14,
    "home_team":"Northern Illinois",
    "away_team":"Kent State",
    "start_date":"2025-11-28 17:00:00",
    "home_conference":"Mid-American",
    "away_conference":"Mid-American",
    "spread":-5.0,
    "ridge_predicted_margin":3.4648855109,
    "predicted_margin":1.4043310636,
    "ridge_home_win_probability":0.5615590569,
    "xgb_home_win_probability":0.634611845,
    "fastai_home_win_probability":0.228624925,
    "ensemble_margin":1.4043310636,
    "ensemble_home_win_probability":0.5501546808,
    "ensemble_away_win_probability":0.4498453192,
    "ensemble_confidence":0.6222499113,
    "models_used":"ridge,xgb,fastai",
    "model_agreement":"moderate",
    "home_win_probability":0.5501546808,
    "away_win_probability":0.4498453192,
    "predicted_winner":"Northern Illinois"
  },
  {
    "game_id":401752786,
    "season":2025,
    "week":14,
    "home_team":"Georgia Tech",
    "away_team":"Georgia",
    "start_date":"2025-11-28 20:30:00",
    "home_conference":"ACC",
    "away_conference":"ACC",
    "spread":13.5,
    "ridge_predicted_margin":-12.1270902698,
    "predicted_margin":-9.0913969619,
    "ridge_home_win_probability":0.2960412968,
    "xgb_home_win_probability":0.1786318868,
    "fastai_home_win_probability":0.3296220899,
    "ensemble_margin":-9.0913969619,
    "ensemble_home_win_probability":0.1753072514,
    "ensemble_away_win_probability":0.8246927486,
    "ensemble_confidence":0.7846834718,
    "models_used":"ridge,xgb,fastai",
    "model_agreement":"high",
    "home_win_probability":0.1753072514,
    "away_win_probability":0.8246927486,
    "predicted_winner":"Georgia"
  },
  {
    "game_id":401752792,
    "season":2025,
    "week":14,
    "home_team":"Texas",
    "away_team":"Texas A&M",
    "start_date":"2025-11-29 00:30:00",
    "home_conference":"SEC",
    "away_conference":"SEC",
    "spread":2.0,
    "ridge_predicted_margin":-0.534717286,
    "predicted_margin":0.6979328977,
    "ridge_home_win_probability":0.4904526376,
    "xgb_home_win_probability":0.5533308983,
    "fastai_home_win_probability":0.5199491978,
    "ensemble_margin":0.6979328977,
    "ensemble_home_win_probability":0.5249261749,
    "ensemble_away_win_probability":0.4750738251,
    "ensemble_confidence":0.9408025745,
    "models_used":"ridge,xgb,fastai",
    "model_agreement":"moderate",
    "home_win_probability":0.5249261749,
    "away_win_probability":0.4750738251,
    "predicted_winner":"Texas"
  },
  {
    "game_id":401752924,
    "season":2025,
    "week":14,
    "home_team":"Purdue",
    "away_team":"Indiana",
    "start_date":"2025-11-29 00:30:00",
    "home_conference":"Big Ten",
    "away_conference":"Big Ten",
    "spread":28.5,
    "ridge_predicted_margin":-28.0432941122,
    "predicted_margin":-16.5005489648,
    "ridge_home_win_probability":0.1188786182,
    "xgb_home_win_probability":0.1223170906,
    "fastai_home_win_probability":0.0,
    "ensemble_margin":-16.5005489648,
    "ensemble_home_win_probability":0.0761585453,
    "ensemble_away_win_probability":0.9238414547,
    "ensemble_confidence":0.8995759386,
    "models_used":"ridge,xgb,fastai",
    "model_agreement":"high",
    "home_win_probability":0.0761585453,
    "away_win_probability":0.9238414547,
    "predicted_winner":"Indiana"
  },
  {
    "game_id":401752787,
    "season":2025,
    "week":14,
    "home_team":"Louisville",
    "away_team":"Kentucky",
    "start_date":"2025-11-29 17:00:00",
    "home_conference":"ACC",
    "away_conference":"ACC",
    "spread":-3.5,
    "ridge_predicted_margin":3.6762265692,
    "predicted_margin":1.5088831046,
    "ridge_home_win_probability":0.5652722774,
    "xgb_home_win_probability":0.5489669442,
    "fastai_home_win_probability":0.4500853419,
    "ensemble_margin":1.5088831046,
    "ensemble_home_win_probability":0.5538886823,
    "ensemble_away_win_probability":0.4461113177,
    "ensemble_confidence":0.8518382402,
    "models_used":"ridge,xgb,fastai",
    "model_agreement":"moderate",
    "home_win_probability":0.5538886823,
    "away_win_probability":0.4461113177,
    "predicted_winner":"Louisville"
  },
  {
    "game_id":401757312,
    "season":2025,
    "week":14,
    "home_team":"Jacksonville State",
    "away_team":"Western Kentucky",
    "start_date":"2025-11-29 19:00:00",
    "home_conference":"Conference USA",
    "away_conference":"Conference USA",
    "spread":2.0,
    "ridge_predicted_margin":-2.8592967276,
    "predicted_margin":-2.196567073,
    "ridge_home_win_probability":0.4491178739,
    "xgb_home_win_probability":0.5079886913,
    "fastai_home_win_probability":0.2409607619,
    "ensemble_margin":-2.196567073,
    "ensemble_home_win_probability":0.421551176,
    "ensemble_away_win_probability":0.578448824,
    "ensemble_confidence":0.7808585461,
    "models_used":"ridge,xgb,fastai",
    "model_agreement":"moderate",
    "home_win_probability":0.421551176,
    "away_win_probability":0.578448824,
    "predicted_winner":"Western Kentucky"
  },
  {
    "game_id":401752783,
    "season":2025,
    "week":14,
    "home_team":"Arkansas",
    "away_team":"Missouri",
    "start_date":"2025-11-29 20:30:00",
    "home_conference":"SEC",
    "away_conference":"SEC",
    "spread":2.5,
    "ridge_predicted_margin":-1.9654785371,
    "predicted_margin":-1.1581710093,
    "ridge_home_win_probability":0.464959703,
    "xgb_home_win_probability":0.4586851299,
    "fastai_home_win_probability":0.5017644167,
    "ensemble_margin":-1.1581710093,
    "ensemble_home_win_probability":0.4586367497,
    "ensemble_away_win_probability":0.5413632503,
    "ensemble_confidence":0.9408648327,
    "models_used":"ridge,xgb,fastai",
    "model_agreement":"moderate",
    "home_win_probability":0.4586367497,
    "away_win_probability":0.5413632503,
    "predicted_winner":"Missouri"
  },
  {
    "game_id":401752789,
    "season":2025,
    "week":14,
    "home_team":"Oklahoma",
    "away_team":"LSU",
    "start_date":"2025-11-29 20:30:00",
    "home_conference":"SEC",
    "away_conference":"SEC",
    "spread":-10.0,
    "ridge_predicted_margin":10.7215939461,
    "predicted_margin":3.946799305,
    "ridge_home_win_probability":0.6826177463,
    "xgb_home_win_probability":0.7521657944,
    "fastai_home_win_probability":0.0,
    "ensemble_margin":3.946799305,
    "ensemble_home_win_probability":0.640957118,
    "ensemble_away_win_probability":0.359042882,
    "ensemble_confidence":0.2218581255,
    "models_used":"ridge,xgb,fastai",
    "model_agreement":"moderate",
    "home_win_probability":0.640957118,
    "away_win_probability":0.359042882,
    "predicted_winner":"Oklahoma"
  },
  {
    "game_id":401752918,
    "season":2025,
    "week":14,
    "home_team":"Minnesota",
    "away_team":"Wisconsin",
    "start_date":"2025-11-29 20:30:00",
    "home_conference":"Big Ten",
    "away_conference":"Big Ten",
    "spread":-1.0,
    "ridge_predicted_margin":0.5278230516,
    "predicted_margin":-2.2612070439,
    "ridge_home_win_probability":0.5094242953,
    "xgb_home_win_probability":0.4614267349,
    "fastai_home_win_probability":0.1643699557,
    "ensemble_margin":-2.2612070439,
    "ensemble_home_win_probability":0.4192426056,
    "ensemble_away_win_probability":0.5807573944,
    "ensemble_confidence":0.6893040489,
    "models_used":"ridge,xgb,fastai",
    "model_agreement":"moderate",
    "home_win_probability":0.4192426056,
    "away_win_probability":0.5807573944,
    "predicted_winner":"Wisconsin"
  },
  {
    "game_id":401752920,
    "season":2025,
    "week":14,
    "home_team":"Rutgers",
    "away_team":"Penn State",
    "start_date":"2025-11-29 20:30:00",
    "home_conference":"Big Ten",
    "away_conference":"Big Ten",
    "spread":12.0,
    "ridge_predicted_margin":-11.2733045644,
    "predicted_margin":-8.962374682,
    "ridge_home_win_probability":0.3089065946,
    "xgb_home_win_probability":0.1951547563,
    "fastai_home_win_probability":0.2656160891,
    "ensemble_margin":-8.962374682,
    "ensemble_home_win_probability":0.1799151899,
    "ensemble_away_win_probability":0.8200848101,
    "ensemble_confidence":0.8620353817,
    "models_used":"ridge,xgb,fastai",
    "model_agreement":"high",
    "home_win_probability":0.1799151899,
    "away_win_probability":0.8200848101,
    "predicted_winner":"Penn State"
  },
  {
    "game_id":401762441,
    "season":2025,
    "week":14,
    "home_team":"UTSA",
    "away_team":"Army",
    "start_date":"2025-11-29 20:30:00",
    "home_conference":"American Athletic",
    "away_conference":"American Athletic",
    "spread":-7.0,
    "ridge_predicted_margin":7.1969982687,
    "predicted_margin":3.7297597618,
    "ridge_home_win_probability":0.6257603973,
    "xgb_home_win_probability":0.6469917893,
    "fastai_home_win_probability":0.4129955769,
    "ensemble_margin":3.7297597618,
    "ensemble_home_win_probability":0.6332057058,
    "ensemble_away_win_probability":0.3667942942,
    "ensemble_confidence":0.7130796062,
    "models_used":"ridge,xgb,fastai",
    "model_agreement":"moderate",
    "home_win_probability":0.6332057058,
    "away_win_probability":0.3667942942,
    "predicted_winner":"UTSA"
  },
  {
    "game_id":401752919,
    "season":2025,
    "week":14,
    "home_team":"USC",
    "away_team":"UCLA",
    "start_date":"2025-11-29 21:30:00",
    "home_conference":"Big Ten",
    "away_conference":"Big Ten",
    "spread":-21.0,
    "ridge_predicted_margin":21.0064498964,
    "predicted_margin":12.784645092,
    "ridge_home_win_probability":0.8176431789,
    "xgb_home_win_probability":0.944042325,
    "fastai_home_win_probability":0.5475209951,
    "ensemble_margin":12.784645092,
    "ensemble_home_win_probability":0.8665253615,
    "ensemble_away_win_probability":0.1334746385,
    "ensemble_confidence":0.6233162197,
    "models_used":"ridge,xgb,fastai",
    "model_agreement":"high",
    "home_win_probability":0.8665253615,
    "away_win_probability":0.1334746385,
    "predicted_winner":"USC"
  },
  {
    "game_id":401752923,
    "season":2025,
    "week":14,
    "home_team":"Michigan State",
    "away_team":"Maryland",
    "start_date":"2025-11-30 00:00:00",
    "home_conference":"Big Ten",
    "away_conference":"Big Ten",
    "spread":-4.0,
    "ridge_predicted_margin":3.584900185,
    "predicted_margin":3.0289122953,
    "ridge_home_win_probability":0.5636685644,
    "xgb_home_win_probability":0.661187768,
    "fastai_home_win_probability":0.4458595514,
    "ensemble_margin":3.0289122953,
    "ensemble_home_win_probability":0.6081754391,
    "ensemble_away_win_probability":0.3918245609,
    "ensemble_confidence":0.8106709022,
    "models_used":"ridge,xgb,fastai",
    "model_agreement":"moderate",
    "home_win_probability":0.6081754391,
    "away_win_probability":0.3918245609,
    "predicted_winner":"Michigan State"
  },
  {
    "game_id":401762520,
    "season":2025,
    "week":14,
    "home_team":"South Florida",
    "away_team":"Rice",
    "start_date":"2025-11-30 00:00:00",
    "home_conference":"American Athletic",
    "away_conference":"American Athletic",
    "spread":-27.5,
    "ridge_predicted_margin":26.8394463581,
    "predicted_margin":14.8916134513,
    "ridge_home_win_probability":0.8718150669,
    "xgb_home_win_probability":0.9586607814,
    "fastai_home_win_probability":0.5747372508,
    "ensemble_margin":14.8916134513,
    "ensemble_home_win_probability":0.8792778409,
    "ensemble_away_win_probability":0.1207221591,
    "ensemble_confidence":0.6420462988,
    "models_used":"ridge,xgb,fastai",
    "model_agreement":"high",
    "home_win_probability":0.8792778409,
    "away_win_probability":0.1207221591,
    "predicted_winner":"South Florida"
  },
  {
    "game_id":401760423,
    "season":2025,
    "week":14,
    "home_team":"San Jos\u00e9 State",
    "away_team":"Fresno State",
    "start_date":"2025-11-30 03:30:00",
    "home_conference":"Mountain West",
    "away_conference":"Mountain West",
    "spread":2.5,
    "ridge_predicted_margin":-3.1600869038,
    "predicted_margin":-1.7080468875,
    "ridge_home_win_probability":0.4438082539,
    "xgb_home_win_probability":0.4347625673,
    "fastai_home_win_probability":0.5273755789,
    "ensemble_margin":-1.7080468875,
    "ensemble_home_win_probability":0.4389983254,
    "ensemble_away_win_probability":0.5610016746,
    "ensemble_confidence":0.8835503179,
    "models_used":"ridge,xgb,fastai",
    "model_agreement":"moderate",
    "home_win_probability":0.4389983254,
    "away_win_probability":0.5610016746,
    "predicted_winner":"Fresno State"
  },
  {
    "game_id":401760424,
    "season":2025,
    "week":14,
    "home_team":"Hawai'i",
    "away_team":"Wyoming",
    "start_date":"2025-11-30 04:00:00",
    "home_conference":"Mountain West",
    "away_conference":"Mountain West",
    "spread":-10.0,
    "ridge_predicted_margin":8.9224252415,
    "predicted_margin":7.1955674801,
    "ridge_home_win_probability":0.6541465071,
    "xgb_home_win_probability":0.7871877551,
    "fastai_home_win_probability":0.58896631,
    "ensemble_margin":7.1955674801,
    "ensemble_home_win_probability":0.7569845529,
    "ensemble_away_win_probability":0.2430154471,
    "ensemble_confidence":0.7966498223,
    "models_used":"ridge,xgb,fastai",
    "model_agreement":"high",
    "home_win_probability":0.7569845529,
    "away_win_probability":0.2430154471,
    "predicted_winner":"Hawai'i"
  },
  {
    "game_id":401762518,
    "season":2025,
    "week":14,
    "home_team":"Tulane",
    "away_team":"Charlotte",
    "start_date":"2025-11-30 00:30:00",
    "home_conference":"American Athletic",
    "away_conference":"American Athletic",
    "spread":-30.0,
    "ridge_predicted_margin":29.7279124306,
    "predicted_margin":15.0658278479,
    "ridge_home_win_probability":0.8931589473,
    "xgb_home_win_probability":0.9500414133,
    "fastai_home_win_probability":0.4726561308,
    "ensemble_margin":15.0658278479,
    "ensemble_home_win_probability":0.8545519328,
    "ensemble_away_win_probability":0.1454480672,
    "ensemble_confidence":0.5499363605,
    "models_used":"ridge,xgb,fastai",
    "model_agreement":"moderate",
    "home_win_probability":0.8545519328,
    "away_win_probability":0.1454480672,
    "predicted_winner":"Tulane"
  },
  {
    "game_id":401760421,
    "season":2025,
    "week":14,
    "home_team":"Colorado State",
    "away_team":"Air Force",
    "start_date":"2025-11-28 20:00:00",
    "home_conference":"Mountain West",
    "away_conference":"Mountain West",
    "spread":3.0,
    "ridge_predicted_margin":-4.0094530098,
    "predicted_margin":-6.4566821192,
    "ridge_home_win_probability":0.4288880059,
    "xgb_home_win_probability":0.3247252703,
    "fastai_home_win_probability":0.0,
    "ensemble_margin":-6.4566821192,
    "ensemble_home_win_probability":0.26940421,
    "ensemble_away_win_probability":0.73059579,
    "ensemble_confidence":0.6776574545,
    "models_used":"ridge,xgb,fastai",
    "model_agreement":"high",
    "home_win_probability":0.26940421,
    "away_win_probability":0.73059579,
    "predicted_winner":"Air Force"
  },
  {
    "game_id":401752922,
    "season":2025,
    "week":14,
    "home_team":"Illinois",
    "away_team":"Northwestern",
    "start_date":"2025-11-30 00:30:00",
    "home_conference":"Big Ten",
    "away_conference":"Big Ten",
    "spread":-6.5,
    "ridge_predicted_margin":6.6411827379,
    "predicted_margin":4.378231024,
    "ridge_home_win_probability":0.6164176001,
    "xgb_home_win_probability":0.7167309523,
    "fastai_home_win_probability":0.3842219412,
    "ensemble_margin":4.378231024,
    "ensemble_home_win_probability":0.6563653937,
    "ensemble_away_win_probability":0.3436346063,
    "ensemble_confidence":0.6764340326,
    "models_used":"ridge,xgb,fastai",
    "model_agreement":"moderate",
    "home_win_probability":0.6563653937,
    "away_win_probability":0.3436346063,
    "predicted_winner":"Illinois"
  },
  {
    "game_id":401752791,
    "season":2025,
    "week":14,
    "home_team":"Tennessee",
    "away_team":"Vanderbilt",
    "start_date":"2025-11-29 20:30:00",
    "home_conference":"SEC",
    "away_conference":"SEC",
    "spread":-3.0,
    "ridge_predicted_margin":4.0996401308,
    "predicted_margin":0.8295712947,
    "ridge_home_win_probability":0.5726891741,
    "xgb_home_win_probability":0.6165691018,
    "fastai_home_win_probability":0.1370913982,
    "ensemble_margin":0.8295712947,
    "ensemble_home_win_probability":0.5296275462,
    "ensemble_away_win_probability":0.4703724538,
    "ensemble_confidence":0.5332376515,
    "models_used":"ridge,xgb,fastai",
    "model_agreement":"moderate",
    "home_win_probability":0.5296275462,
    "away_win_probability":0.4703724538,
    "predicted_winner":"Tennessee"
  },
  {
    "game_id":401752785,
    "season":2025,
    "week":14,
    "home_team":"Florida",
    "away_team":"Florida State",
    "start_date":"2025-11-29 21:30:00",
    "home_conference":"SEC",
    "away_conference":"SEC",
    "spread":-1.0,
    "ridge_predicted_margin":1.361394508,
    "predicted_margin":-1.8740535309,
    "ridge_home_win_probability":0.5242914773,
    "xgb_home_win_probability":0.4936736226,
    "fastai_home_win_probability":0.1082316786,
    "ensemble_margin":-1.8740535309,
    "ensemble_home_win_probability":0.4330695168,
    "ensemble_away_win_probability":0.5669304832,
    "ensemble_confidence":0.6081226433,
    "models_used":"ridge,xgb,fastai",
    "model_agreement":"moderate",
    "home_win_probability":0.4330695168,
    "away_win_probability":0.5669304832,
    "predicted_winner":"Florida State"
  },
  {
    "game_id":401754614,
    "season":2025,
    "week":14,
    "home_team":"Stanford",
    "away_team":"Notre Dame",
    "start_date":"2025-11-30 03:30:00",
    "home_conference":"ACC",
    "away_conference":"ACC",
    "spread":32.5,
    "ridge_predicted_margin":-31.3950229229,
    "predicted_margin":-17.266446386,
    "ridge_home_win_probability":0.0959982237,
    "xgb_home_win_probability":0.1008694321,
    "fastai_home_win_probability":0.0964086503,
    "ensemble_margin":-17.266446386,
    "ensemble_home_win_probability":0.0847164461,
    "ensemble_away_win_probability":0.9152835539,
    "ensemble_confidence":0.9539982584,
    "models_used":"ridge,xgb,fastai",
    "model_agreement":"high",
    "home_win_probability":0.0847164461,
    "away_win_probability":0.9152835539,
    "predicted_winner":"Notre Dame"
  },
  {
    "game_id":401752917,
    "season":2025,
    "week":14,
    "home_team":"Washington",
    "away_team":"Oregon",
    "start_date":"2025-11-29 20:30:00",
    "home_conference":"Big Ten",
    "away_conference":"Big Ten",
    "spread":6.5,
    "ridge_predicted_margin":-4.857944833,
    "predicted_margin":-6.5979810794,
    "ridge_home_win_probability":0.4141110579,
    "xgb_home_win_probability":0.332814455,
    "fastai_home_win_probability":0.0,
    "ensemble_margin":-6.5979810794,
    "ensemble_home_win_probability":0.2643578186,
    "ensemble_away_win_probability":0.7356421814,
    "ensemble_confidence":0.6891525236,
    "models_used":"ridge,xgb,fastai",
    "model_agreement":"high",
    "home_win_probability":0.2643578186,
    "away_win_probability":0.7356421814,
    "predicted_winner":"Oregon"
  }
]