team,season,week,rating,games_played,hfa,solver_version,last_updated,ratings_sum
Alabama,2025,,51.115587754172864,82,2.747497475712196,1.0.0,2025-11-24T19:16:55.200332+00:00,5.684341886080802e-14
Ohio State,2025,,50.965700580444064,90,2.747497475712196,1.0.0,2025-11-24T19:16:55.200332+00:00,5.684341886080802e-14
Georgia,2025,,48.3137756196476,92,2.747497475712196,1.0.0,2025-11-24T19:16:55.200332+00:00,5.684341886080802e-14
Michigan,2025,,45.25523986137796,86,2.747497475712196,1.0.0,2025-11-24T19:16:55.200332+00:00,5.684341886080802e-14
Penn State,2025,,42.8252234675236,88,2.747497475712196,1.0.0,2025-11-24T19:16:55.200332+00:00,5.684341886080802e-14
Clemson,2025,,42.820204865776205,87,2.747497475712196,1.0.0,2025-11-24T19:16:55.200332+00:00,5.684341886080802e-14
Notre Dame,2025,,42.52740470351451,81,2.747497475712196,1.0.0,2025-11-24T19:16:55.200332+00:00,5.684341886080802e-14
LSU,2025,,41.953343828936646,81,2.747497475712196,1.0.0,2025-11-24T19:16:55.200332+00:00,5.684341886080802e-14
Oklahoma,2025,,39.49591802019968,84,2.747497475712196,1.0.0,2025-11-24T19:16:55.200332+00:00,5.684341886080802e-14
Oregon,2025,,37.69382245190904,86,2.747497475712196,1.0.0,2025-11-24T19:16:55.200332+00:00,5.684341886080802e-14
Texas,2025,,37.68169016586405,85,2.747497475712196,1.0.0,2025-11-24T19:16:55.200332+00:00,5.684341886080802e-14
Texas A&M,2025,,36.86458136158433,77,2.747497475712196,1.0.0,2025-11-24T19:16:55.200332+00:00,5.684341886080802e-14
Utah,2025,,36.83142699440164,84,2.747497475712196,1.0.0,2025-11-24T19:16:55.200332+00:00,5.684341886080802e-14
Auburn,2025,,36.729227035116224,79,2.747497475712196,1.0.0,2025-11-24T19:16:55.200332+00:00,5.684341886080802e-14
Washington,2025,,36.22722670416856,85,2.747497475712196,1.0.0,2025-11-24T19:16:55.200332+00:00,5.684341886080802e-14
Tennessee,2025,,35.84316861617219,78,2.747497475712196,1.0.0,2025-11-24T19:16:55.200332+00:00,5.684341886080802e-14
Iowa,2025,,35.12648787423594,84,2.747497475712196,1.0.0,2025-11-24T19:16:55.200332+00:00,5.684341886080802e-14
Wisconsin,2025,,34.89190380397145,88,2.747497475712196,1.0.0,2025-11-24T19:16:55.200332+00:00,5.684341886080802e-14
Kansas State,2025,,34.61694585144468,84,2.747497475712196,1.0.0,2025-11-24T19:16:55.200332+00:00,5.684341886080802e-14
Florida,2025,,33.97537511907667,76,2.747497475712196,1.0.0,2025-11-24T19:16:55.200332+00:00,5.684341886080802e-14
Ole Miss,2025,,33.54089980893847,80,2.747497475712196,1.0.0,2025-11-24T19:16:55.200332+00:00,5.684341886080802e-14
USC,2025,,33.319083005339316,82,2.747497475712196,1.0.0,2025-11-24T19:16:55.200332+00:00,5.684341886080802e-14
Iowa State,2025,,33.22536140757125,84,2.747497475712196,1.0.0,2025-11-24T19:16:55.200332+00:00,5.684341886080802e-14
Missouri,2025,,33.040464697214375,78,2.747497475712196,1.0.0,2025-11-24T19:16:55.200332+00:00,5.684341886080802e-14
Kentucky,2025,,31.036403639429054,78,2.747497475712196,1.0.0,2025-11-24T19:16:55.200332+00:00,5.684341886080802e-14
Boise State,2025,,30.879016794075678,89,2.747497475712196,1.0.0,2025-11-24T19:16:55.200332+00:00,5.684341886080802e-14
TCU,2025,,30.698458554688557,82,2.747497475712196,1.0.0,2025-11-24T19:16:55.200332+00:00,5.684341886080802e-14
Florida State,2025,,30.590583080020792,78,2.747497475712196,1.0.0,2025-11-24T19:16:55.200332+00:00,5.684341886080802e-14
Texas Tech,2025,,30.53232610274576,83,2.747497475712196,1.0.0,2025-11-24T19:16:55.200332+00:00,5.684341886080802e-14
Minnesota,2025,,30.018324985429132,84,2.747497475712196,1.0.0,2025-11-24T19:16:55.200332+00:00,5.684341886080802e-14
Mississippi State,2025,,29.995140126880678,76,2.747497475712196,1.0.0,2025-11-24T19:16:55.200332+00:00,5.684341886080802e-14
Miami,2025,,29.911232337585737,82,2.747497475712196,1.0.0,2025-11-24T19:16:55.200332+00:00,5.684341886080802e-14
South Carolina,2025,,29.70704775621002,75,2.747497475712196,1.0.0,2025-11-24T19:16:55.200332+00:00,5.684341886080802e-14
Indiana,2025,,29.61902307968395,79,2.747497475712196,1.0.0,2025-11-24T19:16:55.200332+00:00,5.684341886080802e-14
Louisville,2025,,29.255257485717138,80,2.747497475712196,1.0.0,2025-11-24T19:16:55.200332+00:00,5.684341886080802e-14
Oklahoma State,2025,,29.07657217776487,84,2.747497475712196,1.0.0,2025-11-24T19:16:55.200332+00:00,5.684341886080802e-14
Memphis,2025,,28.815048526064256,82,2.747497475712196,1.0.0,2025-11-24T19:16:55.200332+00:00,5.684341886080802e-14
Baylor,2025,,28.712765699095787,81,2.747497475712196,1.0.0,2025-11-24T19:16:55.200332+00:00,5.684341886080802e-14
James Madison,2025,,28.449249055185827,37,2.747497475712196,1.0.0,2025-11-24T19:16:55.200332+00:00,5.684341886080802e-14
Pittsburgh,2025,,28.290327660881324,80,2.747497475712196,1.0.0,2025-11-24T19:16:55.200332+00:00,5.684341886080802e-14
UCF,2025,,28.13747913906384,78,2.747497475712196,1.0.0,2025-11-24T19:16:55.200332+00:00,5.684341886080802e-14
Washington State,2025,,27.90550925655093,82,2.747497475712196,1.0.0,2025-11-24T19:16:55.200332+00:00,5.684341886080802e-14
SMU,2025,,27.83776171759654,79,2.747497475712196,1.0.0,2025-11-24T19:16:55.200332+00:00,5.684341886080802e-14
North Dakota State,2025,,27.468918973069208,11,2.747497475712196,1.0.0,2025-11-24T19:16:55.200332+00:00,5.684341886080802e-14
Nebraska,2025,,27.393010622350364,75,2.747497475712196,1.0.0,2025-11-24T19:16:55.200332+00:00,5.684341886080802e-14
West Virginia,2025,,26.986533725897562,82,2.747497475712196,1.0.0,2025-11-24T19:16:55.200332+00:00,5.684341886080802e-14
Virginia Tech,2025,,26.61374033578832,81,2.747497475712196,1.0.0,2025-11-24T19:16:55.200332+00:00,5.684341886080802e-14
Northwestern,2025,,26.412691427871614,81,2.747497475712196,1.0.0,2025-11-24T19:16:55.200332+00:00,5.684341886080802e-14
BYU,2025,,26.21534836182379,76,2.747497475712196,1.0.0,2025-11-24T19:16:55.200332+00:00,5.684341886080802e-14
NC State,2025,,26.131729803435814,81,2.747497475712196,1.0.0,2025-11-24T19:16:55.200332+00:00,5.684341886080802e-14
Arizona State,2025,,25.577228682236125,79,2.747497475712196,1.0.0,2025-11-24T19:16:55.200332+00:00,5.684341886080802e-14
Michigan State,2025,,25.405603140218464,80,2.747497475712196,1.0.0,2025-11-24T19:16:55.200332+00:00,5.684341886080802e-14
Cincinnati,2025,,25.11345531257353,76,2.747497475712196,1.0.0,2025-11-24T19:16:55.200332+00:00,5.684341886080802e-14
Arkansas,2025,,24.846114177648218,75,2.747497475712196,1.0.0,2025-11-24T19:16:55.200332+00:00,5.684341886080802e-14
UCLA,2025,,24.800148180476924,79,2.747497475712196,1.0.0,2025-11-24T19:16:55.200332+00:00,5.684341886080802e-14
Houston,2025,,24.67676437517708,78,2.747497475712196,1.0.0,2025-11-24T19:16:55.200332+00:00,5.684341886080802e-14
Georgia Tech,2025,,24.293806575581847,78,2.747497475712196,1.0.0,2025-11-24T19:16:55.200332+00:00,5.684341886080802e-14
Vanderbilt,2025,,24.285144019454382,73,2.747497475712196,1.0.0,2025-11-24T19:16:55.200332+00:00,5.684341886080802e-14
Tarleton State,2025,,23.96629586709286,11,2.747497475712196,1.0.0,2025-11-24T19:16:55.200332+00:00,5.684341886080802e-14
Wake Forest,2025,,23.908145572304434,81,2.747497475712196,1.0.0,2025-11-24T19:16:55.200332+00:00,5.684341886080802e-14
Air Force,2025,,23.79966135115583,84,2.747497475712196,1.0.0,2025-11-24T19:16:55.200332+00:00,5.684341886080802e-14
North Carolina,2025,,23.77326632590904,75,2.747497475712196,1.0.0,2025-11-24T19:16:55.200332+00:00,5.684341886080802e-14
Navy,2025,,23.730747693295253,88,2.747497475712196,1.0.0,2025-11-24T19:16:55.200332+00:00,5.684341886080802e-14
Tulane,2025,,23.71436544745192,81,2.747497475712196,1.0.0,2025-11-24T19:16:55.200332+00:00,5.684341886080802e-14
App State,2025,,23.42982357913862,79,2.747497475712196,1.0.0,2025-11-24T19:16:55.200332+00:00,5.684341886080802e-14
Purdue,2025,,23.37561491161038,82,2.747497475712196,1.0.0,2025-11-24T19:16:55.200332+00:00,5.684341886080802e-14
Illinois,2025,,23.30740777983249,78,2.747497475712196,1.0.0,2025-11-24T19:16:55.200332+00:00,5.684341886080802e-14
Fresno State,2025,,23.258680246620383,84,2.747497475712196,1.0.0,2025-11-24T19:16:55.200332+00:00,5.684341886080802e-14
Jacksonville State,2025,,23.09957874381215,29,2.747497475712196,1.0.0,2025-11-24T19:16:55.200332+00:00,5.684341886080802e-14
San Diego State,2025,,22.835121361645328,81,2.747497475712196,1.0.0,2025-11-24T19:16:55.200332+00:00,5.684341886080802e-14
Montana State,2025,,22.781727740940333,11,2.747497475712196,1.0.0,2025-11-24T19:16:55.200332+00:00,5.684341886080802e-14
Arizona,2025,,22.571823504794263,76,2.747497475712196,1.0.0,2025-11-24T19:16:55.200332+00:00,5.684341886080802e-14
California,2025,,22.438596136892215,79,2.747497475712196,1.0.0,2025-11-24T19:16:55.200332+00:00,5.684341886080802e-14
Virginia,2025,,22.335353584340496,76,2.747497475712196,1.0.0,2025-11-24T19:16:55.200332+00:00,5.684341886080802e-14
Army,2025,,21.356679905904866,71,2.747497475712196,1.0.0,2025-11-24T19:16:55.200332+00:00,5.684341886080802e-14
Western Kentucky,2025,,21.278188039823554,86,2.747497475712196,1.0.0,2025-11-24T19:16:55.200332+00:00,5.684341886080802e-14
Ohio,2025,,21.050006622104057,83,2.747497475712196,1.0.0,2025-11-24T19:16:55.200332+00:00,5.684341886080802e-14
Colorado,2025,,20.992902526607914,77,2.747497475712196,1.0.0,2025-11-24T19:16:55.200332+00:00,5.684341886080802e-14
Boston College,2025,,20.862646323295095,79,2.747497475712196,1.0.0,2025-11-24T19:16:55.200332+00:00,5.684341886080802e-14
Wyoming,2025,,20.837161813130916,79,2.747497475712196,1.0.0,2025-11-24T19:16:55.200332+00:00,5.684341886080802e-14
South Florida,2025,,20.4605138721429,78,2.747497475712196,1.0.0,2025-11-24T19:16:55.200332+00:00,5.684341886080802e-14
Syracuse,2025,,20.42144976535046,76,2.747497475712196,1.0.0,2025-11-24T19:16:55.200332+00:00,5.684341886080802e-14
Maryland,2025,,20.395722359114068,81,2.747497475712196,1.0.0,2025-11-24T19:16:55.200332+00:00,5.684341886080802e-14
Utah State,2025,,20.37998262746112,81,2.747497475712196,1.0.0,2025-11-24T19:16:55.200332+00:00,5.684341886080802e-14
Duke,2025,,20.182020739199668,79,2.747497475712196,1.0.0,2025-11-24T19:16:55.200332+00:00,5.684341886080802e-14
Oregon State,2025,,19.8323905106032,77,2.747497475712196,1.0.0,2025-11-24T19:16:55.200332+00:00,5.684341886080802e-14
Stanford,2025,,19.57391461724994,79,2.747497475712196,1.0.0,2025-11-24T19:16:55.200332+00:00,5.684341886080802e-14
Troy,2025,,19.020392342357137,78,2.747497475712196,1.0.0,2025-11-24T19:16:55.200332+00:00,5.684341886080802e-14
Kansas,2025,,19.01970286207691,77,2.747497475712196,1.0.0,2025-11-24T19:16:55.200332+00:00,5.684341886080802e-14
Toledo,2025,,18.25019613640492,86,2.747497475712196,1.0.0,2025-11-24T19:16:55.200332+00:00,5.684341886080802e-14
UTSA,2025,,18.24849991548633,81,2.747497475712196,1.0.0,2025-11-24T19:16:55.200332+00:00,5.684341886080802e-14
Louisiana,2025,,18.1380424897676,84,2.747497475712196,1.0.0,2025-11-24T19:16:55.200332+00:00,5.684341886080802e-14
North Texas,2025,,18.102678463228976,80,2.747497475712196,1.0.0,2025-11-24T19:16:55.200332+00:00,5.684341886080802e-14
Florida Atlantic,2025,,17.76311035013232,76,2.747497475712196,1.0.0,2025-11-24T19:16:55.200332+00:00,5.684341886080802e-14
North Dakota,2025,,17.458732243547395,11,2.747497475712196,1.0.0,2025-11-24T19:16:55.200332+00:00,5.684341886080802e-14
Liberty,2025,,17.4296302223074,58,2.747497475712196,1.0.0,2025-11-24T19:16:55.200332+00:00,5.684341886080802e-14
Marshall,2025,,17.250137936781503,86,2.747497475712196,1.0.0,2025-11-24T19:16:55.200332+00:00,5.684341886080802e-14
East Carolina,2025,,16.96924923372284,74,2.747497475712196,1.0.0,2025-11-24T19:16:55.200332+00:00,5.684341886080802e-14
Colorado State,2025,,16.88735964908716,74,2.747497475712196,1.0.0,2025-11-24T19:16:55.200332+00:00,5.684341886080802e-14
Miami (OH),2025,,16.687663026902534,83,2.747497475712196,1.0.0,2025-11-24T19:16:55.200332+00:00,5.684341886080802e-14
Temple,2025,,16.31867369359434,80,2.747497475712196,1.0.0,2025-11-24T19:16:55.200332+00:00,5.684341886080802e-14
UNLV,2025,,16.246942841281218,78,2.747497475712196,1.0.0,2025-11-24T19:16:55.200332+00:00,5.684341886080802e-14
Louisiana Tech,2025,,16.144005421903323,81,2.747497475712196,1.0.0,2025-11-24T19:16:55.200332+00:00,5.684341886080802e-14
Western Michigan,2025,,15.854544302291995,80,2.747497475712196,1.0.0,2025-11-24T19:16:55.200332+00:00,5.684341886080802e-14
UAB,2025,,15.558890492308787,76,2.747497475712196,1.0.0,2025-11-24T19:16:55.200332+00:00,5.684341886080802e-14
Tulsa,2025,,15.171669486080752,74,2.747497475712196,1.0.0,2025-11-24T19:16:55.200332+00:00,5.684341886080802e-14
Montana,2025,,14.809926219374747,11,2.747497475712196,1.0.0,2025-11-24T19:16:55.200332+00:00,5.684341886080802e-14
Harvard,2025,,14.624478672923034,9,2.747497475712196,1.0.0,2025-11-24T19:16:55.200332+00:00,5.684341886080802e-14
Rutgers,2025,,14.419717033138374,78,2.747497475712196,1.0.0,2025-11-24T19:16:55.200332+00:00,5.684341886080802e-14
Nevada,2025,,14.400180275211707,75,2.747497475712196,1.0.0,2025-11-24T19:16:55.200332+00:00,5.684341886080802e-14
Northern Illinois,2025,,14.251224931332638,81,2.747497475712196,1.0.0,2025-11-24T19:16:55.200332+00:00,5.684341886080802e-14
Middle Tennessee,2025,,13.933641487314597,82,2.747497475712196,1.0.0,2025-11-24T19:16:55.200332+00:00,5.684341886080802e-14
San Jos√© State,2025,,13.866440086767586,68,2.747497475712196,1.0.0,2025-11-24T19:16:55.200332+00:00,5.684341886080802e-14
Arkansas State,2025,,13.768514085473385,80,2.747497475712196,1.0.0,2025-11-24T19:16:55.200332+00:00,5.684341886080802e-14
Hawai'i,2025,,13.266758297692258,76,2.747497475712196,1.0.0,2025-11-24T19:16:55.200332+00:00,5.684341886080802e-14
Missouri State,2025,,13.130516347451678,10,2.747497475712196,1.0.0,2025-11-24T19:16:55.200332+00:00,5.684341886080802e-14
Georgia Southern,2025,,12.973552870049456,81,2.747497475712196,1.0.0,2025-11-24T19:16:55.200332+00:00,5.684341886080802e-14
Old Dominion,2025,,12.919353233329465,78,2.747497475712196,1.0.0,2025-11-24T19:16:55.200332+00:00,5.684341886080802e-14
Mercer,2025,,12.406649961875232,10,2.747497475712196,1.0.0,2025-11-24T19:16:55.200332+00:00,5.684341886080802e-14
South Alabama,2025,,11.943045043090068,76,2.747497475712196,1.0.0,2025-11-24T19:16:55.200332+00:00,5.684341886080802e-14
Buffalo,2025,,11.30788325271048,73,2.747497475712196,1.0.0,2025-11-24T19:16:55.200332+00:00,5.684341886080802e-14
Southern Miss,2025,,10.965435401991305,79,2.747497475712196,1.0.0,2025-11-24T19:16:55.200332+00:00,5.684341886080802e-14
Central Michigan,2025,,10.897185837050575,74,2.747497475712196,1.0.0,2025-11-24T19:16:55.200332+00:00,5.684341886080802e-14
Georgia State,2025,,10.494531349066868,73,2.747497475712196,1.0.0,2025-11-24T19:16:55.200332+00:00,5.684341886080802e-14
New Mexico,2025,,10.482143529587546,77,2.747497475712196,1.0.0,2025-11-24T19:16:55.200332+00:00,5.684341886080802e-14
Eastern Michigan,2025,,10.1781776753015,81,2.747497475712196,1.0.0,2025-11-24T19:16:55.200332+00:00,5.684341886080802e-14
Lehigh,2025,,10.170632442878778,11,2.747497475712196,1.0.0,2025-11-24T19:16:55.200332+00:00,5.684341886080802e-14
Delaware,2025,,10.061083427302878,10,2.747497475712196,1.0.0,2025-11-24T19:16:55.200332+00:00,5.684341886080802e-14
Coastal Carolina,2025,,10.012394155952675,70,2.747497475712196,1.0.0,2025-11-24T19:16:55.200332+00:00,5.684341886080802e-14
Tennessee Tech,2025,,9.598435487549965,11,2.747497475712196,1.0.0,2025-11-24T19:16:55.200332+00:00,5.684341886080802e-14
Stephen F. Austin,2025,,9.362238934841448,11,2.747497475712196,1.0.0,2025-11-24T19:16:55.200332+00:00,5.684341886080802e-14
Kennesaw State,2025,,9.349170134069531,18,2.747497475712196,1.0.0,2025-11-24T19:16:55.200332+00:00,5.684341886080802e-14
New Mexico State,2025,,9.073064612279698,64,2.747497475712196,1.0.0,2025-11-24T19:16:55.200332+00:00,5.684341886080802e-14
SE Louisiana,2025,,9.011452745410418,11,2.747497475712196,1.0.0,2025-11-24T19:16:55.200332+00:00,5.684341886080802e-14
UConn,2025,,8.770867393039559,73,2.747497475712196,1.0.0,2025-11-24T19:16:55.200332+00:00,5.684341886080802e-14
Youngstown State,2025,,8.593929255977832,11,2.747497475712196,1.0.0,2025-11-24T19:16:55.200332+00:00,5.684341886080802e-14
Sam Houston,2025,,8.14648716384459,27,2.747497475712196,1.0.0,2025-11-24T19:16:55.200332+00:00,5.684341886080802e-14
South Dakota State,2025,,8.11667258423875,11,2.747497475712196,1.0.0,2025-11-24T19:16:55.200332+00:00,5.684341886080802e-14
Florida International,2025,,8.096379974097983,76,2.747497475712196,1.0.0,2025-11-24T19:16:55.200332+00:00,5.684341886080802e-14
Austin Peay,2025,,7.495917139047954,11,2.747497475712196,1.0.0,2025-11-24T19:16:55.200332+00:00,5.684341886080802e-14
Bowling Green,2025,,7.3572705893393415,77,2.747497475712196,1.0.0,2025-11-24T19:16:55.200332+00:00,5.684341886080802e-14
Southern Utah,2025,,7.336814936079114,10,2.747497475712196,1.0.0,2025-11-24T19:16:55.200332+00:00,5.684341886080802e-14
Southern Illinois,2025,,7.3293753737985865,11,2.747497475712196,1.0.0,2025-11-24T19:16:55.200332+00:00,5.684341886080802e-14
Texas State,2025,,7.274312693063298,75,2.747497475712196,1.0.0,2025-11-24T19:16:55.200332+00:00,5.684341886080802e-14
Abilene Christian,2025,,7.247845052867029,11,2.747497475712196,1.0.0,2025-11-24T19:16:55.200332+00:00,5.684341886080802e-14
UC Davis,2025,,6.646145245607078,10,2.747497475712196,1.0.0,2025-11-24T19:16:55.200332+00:00,5.684341886080802e-14
Illinois State,2025,,6.168606719361891,11,2.747497475712196,1.0.0,2025-11-24T19:16:55.200332+00:00,5.684341886080802e-14
Rice,2025,,6.103292219492577,76,2.747497475712196,1.0.0,2025-11-24T19:16:55.200332+00:00,5.684341886080802e-14
Sacramento State,2025,,5.728418931187036,11,2.747497475712196,1.0.0,2025-11-24T19:16:55.200332+00:00,5.684341886080802e-14
Charlotte,2025,,5.517471808443807,73,2.747497475712196,1.0.0,2025-11-24T19:16:55.200332+00:00,5.684341886080802e-14
Rhode Island,2025,,5.418587746560492,11,2.747497475712196,1.0.0,2025-11-24T19:16:55.200332+00:00,5.684341886080802e-14
UTEP,2025,,5.361765432772168,72,2.747497475712196,1.0.0,2025-11-24T19:16:55.200332+00:00,5.684341886080802e-14
Yale,2025,,5.300232532176385,7,2.747497475712196,1.0.0,2025-11-24T19:16:55.200332+00:00,5.684341886080802e-14
Ball State,2025,,4.512945858879515,75,2.747497475712196,1.0.0,2025-11-24T19:16:55.200332+00:00,5.684341886080802e-14
UL Monroe,2025,,4.372423871574776,77,2.747497475712196,1.0.0,2025-11-24T19:16:55.200332+00:00,5.684341886080802e-14
Monmouth,2025,,4.315437918508668,11,2.747497475712196,1.0.0,2025-11-24T19:16:55.200332+00:00,5.684341886080802e-14
Idaho State,2025,,3.958012720103465,11,2.747497475712196,1.0.0,2025-11-24T19:16:55.200332+00:00,5.684341886080802e-14
Northern Arizona,2025,,3.6746379662357462,10,2.747497475712196,1.0.0,2025-11-24T19:16:55.200332+00:00,5.684341886080802e-14
Idaho,2025,,3.52525835664152,11,2.747497475712196,1.0.0,2025-11-24T19:16:55.200332+00:00,5.684341886080802e-14
Villanova,2025,,3.283447178507106,10,2.747497475712196,1.0.0,2025-11-24T19:16:55.200332+00:00,5.684341886080802e-14
South Dakota,2025,,3.1709835456025233,11,2.747497475712196,1.0.0,2025-11-24T19:16:55.200332+00:00,5.684341886080802e-14
West Georgia,2025,,2.683777576503506,11,2.747497475712196,1.0.0,2025-11-24T19:16:55.200332+00:00,5.684341886080802e-14
Dartmouth,2025,,1.7115383908092061,9,2.747497475712196,1.0.0,2025-11-24T19:16:55.200332+00:00,5.684341886080802e-14
Kent State,2025,,1.5362465609270117,76,2.747497475712196,1.0.0,2025-11-24T19:16:55.200332+00:00,5.684341886080802e-14
Akron,2025,,1.5319329102478068,77,2.747497475712196,1.0.0,2025-11-24T19:16:55.200332+00:00,5.684341886080802e-14
New Hampshire,2025,,0.7935567341151898,11,2.747497475712196,1.0.0,2025-11-24T19:16:55.200332+00:00,5.684341886080802e-14
UT Rio Grande Valley,2025,,0.4483295510970389,8,2.747497475712196,1.0.0,2025-11-24T19:16:55.200332+00:00,5.684341886080802e-14
East Tennessee State,2025,,0.0464860623202192,11,2.747497475712196,1.0.0,2025-11-24T19:16:55.200332+00:00,5.684341886080802e-14
Alabama State,2025,,-0.6625259622960147,9,2.747497475712196,1.0.0,2025-11-24T19:16:55.200332+00:00,5.684341886080802e-14
St. Thomas (MN),2025,,-0.9512780022663979,11,2.747497475712196,1.0.0,2025-11-24T19:16:55.200332+00:00,5.684341886080802e-14
Massachusetts,2025,,-1.7276189601107121,65,2.747497475712196,1.0.0,2025-11-24T19:16:55.200332+00:00,5.684341886080802e-14
Lafayette,2025,,-1.7836391949891792,11,2.747497475712196,1.0.0,2025-11-24T19:16:55.200332+00:00,5.684341886080802e-14
Cal Poly,2025,,-1.9349841191649264,11,2.747497475712196,1.0.0,2025-11-24T19:16:55.200332+00:00,5.684341886080802e-14
Western Carolina,2025,,-2.574518949075097,11,2.747497475712196,1.0.0,2025-11-24T19:16:55.200332+00:00,5.684341886080802e-14
Wofford,2025,,-2.8341441303714583,11,2.747497475712196,1.0.0,2025-11-24T19:16:55.200332+00:00,5.684341886080802e-14
Pennsylvania,2025,,-2.8466451588016066,8,2.747497475712196,1.0.0,2025-11-24T19:16:55.200332+00:00,5.684341886080802e-14
Princeton,2025,,-3.9607161752002242,8,2.747497475712196,1.0.0,2025-11-24T19:16:55.200332+00:00,5.684341886080802e-14
Stony Brook,2025,,-3.978324132029075,11,2.747497475712196,1.0.0,2025-11-24T19:16:55.200332+00:00,5.684341886080802e-14
Incarnate Word,2025,,-4.09975759688477,11,2.747497475712196,1.0.0,2025-11-24T19:16:55.200332+00:00,5.684341886080802e-14
Gardner-Webb,2025,,-4.198377466870887,11,2.747497475712196,1.0.0,2025-11-24T19:16:55.200332+00:00,5.684341886080802e-14
Drake,2025,,-4.203830748290949,9,2.747497475712196,1.0.0,2025-11-24T19:16:55.200332+00:00,5.684341886080802e-14
Eastern Kentucky,2025,,-4.247003015552881,11,2.747497475712196,1.0.0,2025-11-24T19:16:55.200332+00:00,5.684341886080802e-14
Lamar,2025,,-4.263460097432836,10,2.747497475712196,1.0.0,2025-11-24T19:16:55.200332+00:00,5.684341886080802e-14
William & Mary,2025,,-4.637923778157305,11,2.747497475712196,1.0.0,2025-11-24T19:16:55.200332+00:00,5.684341886080802e-14
Brown,2025,,-5.120084135912219,9,2.747497475712196,1.0.0,2025-11-24T19:16:55.200332+00:00,5.684341886080802e-14
Towson,2025,,-5.169646948519011,11,2.747497475712196,1.0.0,2025-11-24T19:16:55.200332+00:00,5.684341886080802e-14
Eastern Washington,2025,,-5.437348220024704,11,2.747497475712196,1.0.0,2025-11-24T19:16:55.200332+00:00,5.684341886080802e-14
Elon,2025,,-5.496228384110925,11,2.747497475712196,1.0.0,2025-11-24T19:16:55.200332+00:00,5.684341886080802e-14
Northern Iowa,2025,,-5.818399060686254,11,2.747497475712196,1.0.0,2025-11-24T19:16:55.200332+00:00,5.684341886080802e-14
Jackson State,2025,,-5.932072710220954,10,2.747497475712196,1.0.0,2025-11-24T19:16:55.200332+00:00,5.684341886080802e-14
UT Martin,2025,,-6.261358437448478,11,2.747497475712196,1.0.0,2025-11-24T19:16:55.200332+00:00,5.684341886080802e-14
Presbyterian,2025,,-6.34866930324043,11,2.747497475712196,1.0.0,2025-11-24T19:16:55.200332+00:00,5.684341886080802e-14
Chattanooga,2025,,-6.876595075742228,11,2.747497475712196,1.0.0,2025-11-24T19:16:55.200332+00:00,5.684341886080802e-14
Lindenwood,2025,,-7.01240686552319,11,2.747497475712196,1.0.0,2025-11-24T19:16:55.200332+00:00,5.684341886080802e-14
Maine,2025,,-7.107269955919649,11,2.747497475712196,1.0.0,2025-11-24T19:16:55.200332+00:00,5.684341886080802e-14
Cornell,2025,,-7.307823612606405,9,2.747497475712196,1.0.0,2025-11-24T19:16:55.200332+00:00,5.684341886080802e-14
Central Washington,2025,,-7.435141163748979,1,2.747497475712196,1.0.0,2025-11-24T19:16:55.200332+00:00,5.684341886080802e-14
South Carolina State,2025,,-7.435708589294805,11,2.747497475712196,1.0.0,2025-11-24T19:16:55.200332+00:00,5.684341886080802e-14
Northern Colorado,2025,,-7.520416234303006,11,2.747497475712196,1.0.0,2025-11-24T19:16:55.200332+00:00,5.684341886080802e-14
Holy Cross,2025,,-7.6865194587040335,11,2.747497475712196,1.0.0,2025-11-24T19:16:55.200332+00:00,5.684341886080802e-14
Central Arkansas,2025,,-7.774265250702878,11,2.747497475712196,1.0.0,2025-11-24T19:16:55.200332+00:00,5.684341886080802e-14
Colgate,2025,,-7.85500289755993,11,2.747497475712196,1.0.0,2025-11-24T19:16:55.200332+00:00,5.684341886080802e-14
San Diego,2025,,-8.547756897208213,11,2.747497475712196,1.0.0,2025-11-24T19:16:55.200332+00:00,5.684341886080802e-14
Utah Tech,2025,,-9.0534822620299,11,2.747497475712196,1.0.0,2025-11-24T19:16:55.200332+00:00,5.684341886080802e-14
Southeast Missouri State,2025,,-9.098577187166123,11,2.747497475712196,1.0.0,2025-11-24T19:16:55.200332+00:00,5.684341886080802e-14
Delaware State,2025,,-9.52328814058311,11,2.747497475712196,1.0.0,2025-11-24T19:16:55.200332+00:00,5.684341886080802e-14
Duquesne,2025,,-9.599317913202432,11,2.747497475712196,1.0.0,2025-11-24T19:16:55.200332+00:00,5.684341886080802e-14
Long Island University,2025,,-9.714308378820299,11,2.747497475712196,1.0.0,2025-11-24T19:16:55.200332+00:00,5.684341886080802e-14
Richmond,2025,,-9.815175469463252,11,2.747497475712196,1.0.0,2025-11-24T19:16:55.200332+00:00,5.684341886080802e-14
Central Connecticut,2025,,-9.892119749221933,11,2.747497475712196,1.0.0,2025-11-24T19:16:55.200332+00:00,5.684341886080802e-14
Nicholls,2025,,-9.95105701069541,11,2.747497475712196,1.0.0,2025-11-24T19:16:55.200332+00:00,5.684341886080802e-14
Charleston Southern,2025,,-10.06736675302411,11,2.747497475712196,1.0.0,2025-11-24T19:16:55.200332+00:00,5.684341886080802e-14
The Citadel,2025,,-10.399825682270153,11,2.747497475712196,1.0.0,2025-11-24T19:16:55.200332+00:00,5.684341886080802e-14
McNeese,2025,,-10.967176910284106,11,2.747497475712196,1.0.0,2025-11-24T19:16:55.200332+00:00,5.684341886080802e-14
Prairie View A&M,2025,,-11.087019943101703,11,2.747497475712196,1.0.0,2025-11-24T19:16:55.200332+00:00,5.684341886080802e-14
Indiana State,2025,,-11.178430355749054,11,2.747497475712196,1.0.0,2025-11-24T19:16:55.200332+00:00,5.684341886080802e-14
North Carolina Central,2025,,-11.252113433403233,11,2.747497475712196,1.0.0,2025-11-24T19:16:55.200332+00:00,5.684341886080802e-14
Sacred Heart,2025,,-11.86165218613586,11,2.747497475712196,1.0.0,2025-11-24T19:16:55.200332+00:00,5.684341886080802e-14
Furman,2025,,-12.315061686196733,11,2.747497475712196,1.0.0,2025-11-24T19:16:55.200332+00:00,5.684341886080802e-14
Merrimack,2025,,-12.451885836418844,11,2.747497475712196,1.0.0,2025-11-24T19:16:55.200332+00:00,5.684341886080802e-14
Weber State,2025,,-13.021692158778512,11,2.747497475712196,1.0.0,2025-11-24T19:16:55.200332+00:00,5.684341886080802e-14
Dayton,2025,,-13.693482545937005,10,2.747497475712196,1.0.0,2025-11-24T19:16:55.200332+00:00,5.684341886080802e-14
Mercyhurst,2025,,-13.76281403339344,11,2.747497475712196,1.0.0,2025-11-24T19:16:55.200332+00:00,5.684341886080802e-14
North Alabama,2025,,-14.328883668988905,11,2.747497475712196,1.0.0,2025-11-24T19:16:55.200332+00:00,5.684341886080802e-14
Murray State,2025,,-14.415103441672304,11,2.747497475712196,1.0.0,2025-11-24T19:16:55.200332+00:00,5.684341886080802e-14
Columbia,2025,,-15.673053302669844,9,2.747497475712196,1.0.0,2025-11-24T19:16:55.200332+00:00,5.684341886080802e-14
Bryant,2025,,-15.966982809936717,11,2.747497475712196,1.0.0,2025-11-24T19:16:55.200332+00:00,5.684341886080802e-14
Eastern Illinois,2025,,-16.05205046127857,11,2.747497475712196,1.0.0,2025-11-24T19:16:55.200332+00:00,5.684341886080802e-14
East Texas A&M,2025,,-16.419968319408675,11,2.747497475712196,1.0.0,2025-11-24T19:16:55.200332+00:00,5.684341886080802e-14
Georgetown,2025,,-16.421452675503456,11,2.747497475712196,1.0.0,2025-11-24T19:16:55.200332+00:00,5.684341886080802e-14
Northern Michigan,2025,,-16.68209338459181,1,2.747497475712196,1.0.0,2025-11-24T19:16:55.200332+00:00,5.684341886080802e-14
Campbell,2025,,-16.853906447967084,11,2.747497475712196,1.0.0,2025-11-24T19:16:55.200332+00:00,5.684341886080802e-14
Bucknell,2025,,-17.021933080984912,11,2.747497475712196,1.0.0,2025-11-24T19:16:55.200332+00:00,5.684341886080802e-14
Butler,2025,,-17.400222871344926,10,2.747497475712196,1.0.0,2025-11-24T19:16:55.200332+00:00,5.684341886080802e-14
Morgan State,2025,,-17.726755206047276,10,2.747497475712196,1.0.0,2025-11-24T19:16:55.200332+00:00,5.684341886080802e-14
Western Illinois,2025,,-18.19316495437282,11,2.747497475712196,1.0.0,2025-11-24T19:16:55.200332+00:00,5.684341886080802e-14
Stonehill,2025,,-18.24026489031636,11,2.747497475712196,1.0.0,2025-11-24T19:16:55.200332+00:00,5.684341886080802e-14
Chadron St,2025,,-18.75416459399646,1,2.747497475712196,1.0.0,2025-11-24T19:16:55.200332+00:00,5.684341886080802e-14
Bethune-Cookman,2025,,-19.532926350319887,11,2.747497475712196,1.0.0,2025-11-24T19:16:55.200332+00:00,5.684341886080802e-14
Portland State,2025,,-19.63468328139816,11,2.747497475712196,1.0.0,2025-11-24T19:16:55.200332+00:00,5.684341886080802e-14
Marist,2025,,-19.94143148067947,11,2.747497475712196,1.0.0,2025-11-24T19:16:55.200332+00:00,5.684341886080802e-14
Texas Southern,2025,,-20.285902012455903,9,2.747497475712196,1.0.0,2025-11-24T19:16:55.200332+00:00,5.684341886080802e-14
UAlbany,2025,,-20.35708596023251,11,2.747497475712196,1.0.0,2025-11-24T19:16:55.200332+00:00,5.684341886080802e-14
Wagner,2025,,-20.503511413022995,11,2.747497475712196,1.0.0,2025-11-24T19:16:55.200332+00:00,5.684341886080802e-14
Fordham,2025,,-20.884855409329127,11,2.747497475712196,1.0.0,2025-11-24T19:16:55.200332+00:00,5.684341886080802e-14
Grambling,2025,,-20.919865745023568,10,2.747497475712196,1.0.0,2025-11-24T19:16:55.200332+00:00,5.684341886080802e-14
Robert Morris,2025,,-21.132601034176304,11,2.747497475712196,1.0.0,2025-11-24T19:16:55.200332+00:00,5.684341886080802e-14
Samford,2025,,-21.96192820603374,11,2.747497475712196,1.0.0,2025-11-24T19:16:55.200332+00:00,5.684341886080802e-14
Kentucky State,2025,,-24.148220049262324,1,2.747497475712196,1.0.0,2025-11-24T19:16:55.200332+00:00,5.684341886080802e-14
Houston Christian,2025,,-24.155622762087145,11,2.747497475712196,1.0.0,2025-11-24T19:16:55.200332+00:00,5.684341886080802e-14
Alcorn State,2025,,-24.27788823263509,11,2.747497475712196,1.0.0,2025-11-24T19:16:55.200332+00:00,5.684341886080802e-14
Truman State,2025,,-24.62809729833408,1,2.747497475712196,1.0.0,2025-11-24T19:16:55.200332+00:00,5.684341886080802e-14
Norfolk State,2025,,-24.794454246102102,11,2.747497475712196,1.0.0,2025-11-24T19:16:55.200332+00:00,5.684341886080802e-14
Virginia St,2025,,-25.021934835554045,1,2.747497475712196,1.0.0,2025-11-24T19:16:55.200332+00:00,5.684341886080802e-14
Miles College,2025,,-25.30823772745185,2,2.747497475712196,1.0.0,2025-11-24T19:16:55.200332+00:00,5.684341886080802e-14
McKendree,2025,,-25.405527352684,1,2.747497475712196,1.0.0,2025-11-24T19:16:55.200332+00:00,5.684341886080802e-14
Howard,2025,,-25.484474151147367,10,2.747497475712196,1.0.0,2025-11-24T19:16:55.200332+00:00,5.684341886080802e-14
Tennessee State,2025,,-25.904987289633706,11,2.747497475712196,1.0.0,2025-11-24T19:16:55.200332+00:00,5.684341886080802e-14
New Haven,2025,,-26.23889528439285,7,2.747497475712196,1.0.0,2025-11-24T19:16:55.200332+00:00,5.684341886080802e-14
VMI,2025,,-28.696120585476244,11,2.747497475712196,1.0.0,2025-11-24T19:16:55.200332+00:00,5.684341886080802e-14
Bowie State,2025,,-28.747043621249357,1,2.747497475712196,1.0.0,2025-11-24T19:16:55.200332+00:00,5.684341886080802e-14
Adrian,2025,,-28.851098569926762,1,2.747497475712196,1.0.0,2025-11-24T19:16:55.200332+00:00,5.684341886080802e-14
St. Francis (PA),2025,,-28.944064255486456,10,2.747497475712196,1.0.0,2025-11-24T19:16:55.200332+00:00,5.684341886080802e-14
Hanover College,2025,,-29.118601745314194,1,2.747497475712196,1.0.0,2025-11-24T19:16:55.200332+00:00,5.684341886080802e-14
Florida A&M,2025,,-29.352670578225297,10,2.747497475712196,1.0.0,2025-11-24T19:16:55.200332+00:00,5.684341886080802e-14
North Carolina A&T,2025,,-29.382484481442887,11,2.747497475712196,1.0.0,2025-11-24T19:16:55.200332+00:00,5.684341886080802e-14
Webber International,2025,,-29.505377846244464,1,2.747497475712196,1.0.0,2025-11-24T19:16:55.200332+00:00,5.684341886080802e-14
Alabama A&M,2025,,-29.62773825006883,11,2.747497475712196,1.0.0,2025-11-24T19:16:55.200332+00:00,5.684341886080802e-14
Morehead State,2025,,-30.94021034672505,11,2.747497475712196,1.0.0,2025-11-24T19:16:55.200332+00:00,5.684341886080802e-14
ERSKINE,2025,,-31.56960222530264,1,2.747497475712196,1.0.0,2025-11-24T19:16:55.200332+00:00,5.684341886080802e-14
Hampton,2025,,-31.602250787288774,11,2.747497475712196,1.0.0,2025-11-24T19:16:55.200332+00:00,5.684341886080802e-14
Valdosta State,2025,,-31.620707499058522,1,2.747497475712196,1.0.0,2025-11-24T19:16:55.200332+00:00,5.684341886080802e-14
West Liberty,2025,,-32.352750807655966,1,2.747497475712196,1.0.0,2025-11-24T19:16:55.200332+00:00,5.684341886080802e-14
Northwestern State,2025,,-32.52760889028097,11,2.747497475712196,1.0.0,2025-11-24T19:16:55.200332+00:00,5.684341886080802e-14
Tuskegee,2025,,-33.15142381069795,1,2.747497475712196,1.0.0,2025-11-24T19:16:55.200332+00:00,5.684341886080802e-14
American International,2025,,-34.11051176174784,1,2.747497475712196,1.0.0,2025-11-24T19:16:55.200332+00:00,5.684341886080802e-14
Albany State GA,2025,,-34.57060250001288,1,2.747497475712196,1.0.0,2025-11-24T19:16:55.200332+00:00,5.684341886080802e-14
Valparaiso,2025,,-34.62744714420917,11,2.747497475712196,1.0.0,2025-11-24T19:16:55.200332+00:00,5.684341886080802e-14
Southern,2025,,-34.63821153422767,11,2.747497475712196,1.0.0,2025-11-24T19:16:55.200332+00:00,5.684341886080802e-14
St. Anselm,2025,,-34.66971864206432,1,2.747497475712196,1.0.0,2025-11-24T19:16:55.200332+00:00,5.684341886080802e-14
Arkansas-Pine Bluff,2025,,-35.126044553239396,10,2.747497475712196,1.0.0,2025-11-24T19:16:55.200332+00:00,5.684341886080802e-14
Allen,2025,,-35.15755531569697,1,2.747497475712196,1.0.0,2025-11-24T19:16:55.200332+00:00,5.684341886080802e-14
Upper Iowa University,2025,,-35.420912360218665,1,2.747497475712196,1.0.0,2025-11-24T19:16:55.200332+00:00,5.684341886080802e-14
Mississippi Valley State,2025,,-35.80448155876292,9,2.747497475712196,1.0.0,2025-11-24T19:16:55.200332+00:00,5.684341886080802e-14
Elizabeth City State,2025,,-35.81893437719903,1,2.747497475712196,1.0.0,2025-11-24T19:16:55.200332+00:00,5.684341886080802e-14
Fayetteville State,2025,,-38.466149807882836,1,2.747497475712196,1.0.0,2025-11-24T19:16:55.200332+00:00,5.684341886080802e-14
Northeastern State,2025,,-39.541844348927356,1,2.747497475712196,1.0.0,2025-11-24T19:16:55.200332+00:00,5.684341886080802e-14
Davidson,2025,,-39.691525740401715,11,2.747497475712196,1.0.0,2025-11-24T19:16:55.200332+00:00,5.684341886080802e-14
Central State (OH),2025,,-41.93732040992482,1,2.747497475712196,1.0.0,2025-11-24T19:16:55.200332+00:00,5.684341886080802e-14
Stetson,2025,,-42.282380699803355,11,2.747497475712196,1.0.0,2025-11-24T19:16:55.200332+00:00,5.684341886080802e-14
Thomas More College,2025,,-42.41334943563929,2,2.747497475712196,1.0.0,2025-11-24T19:16:55.200332+00:00,5.684341886080802e-14
Edward Waters,2025,,-42.742686188419,1,2.747497475712196,1.0.0,2025-11-24T19:16:55.200332+00:00,5.684341886080802e-14
Kentucky Christian,2025,,-45.14756530570667,1,2.747497475712196,1.0.0,2025-11-24T19:16:55.200332+00:00,5.684341886080802e-14
Savannah St,2025,,-47.64057054303915,1,2.747497475712196,1.0.0,2025-11-24T19:16:55.200332+00:00,5.684341886080802e-14
Lincoln (PA),2025,,-47.804016421069605,1,2.747497475712196,1.0.0,2025-11-24T19:16:55.200332+00:00,5.684341886080802e-14
Western Oregon,2025,,-48.13934729615546,1,2.747497475712196,1.0.0,2025-11-24T19:16:55.200332+00:00,5.684341886080802e-14
Bentley,2025,,-49.170315019204956,1,2.747497475712196,1.0.0,2025-11-24T19:16:55.200332+00:00,5.684341886080802e-14
Sul Ross State,2025,,-50.83942416528052,1,2.747497475712196,1.0.0,2025-11-24T19:16:55.200332+00:00,5.684341886080802e-14
Cumberland (TN),2025,,-52.601465571166315,1,2.747497475712196,1.0.0,2025-11-24T19:16:55.200332+00:00,5.684341886080802e-14
Louisiana College,2025,,-53.16651292164974,1,2.747497475712196,1.0.0,2025-11-24T19:16:55.200332+00:00,5.684341886080802e-14
Morehouse College,2025,,-53.431043108038644,1,2.747497475712196,1.0.0,2025-11-24T19:16:55.200332+00:00,5.684341886080802e-14
Southern Connecticut State,2025,,-53.72206859627468,1,2.747497475712196,1.0.0,2025-11-24T19:16:55.200332+00:00,5.684341886080802e-14
Ferrum,2025,,-60.88773537438925,1,2.747497475712196,1.0.0,2025-11-24T19:16:55.200332+00:00,5.684341886080802e-14
Virginia University Of Lynchburg,2025,,-65.63590873350736,3,2.747497475712196,1.0.0,2025-11-24T19:16:55.200332+00:00,5.684341886080802e-14
Lincoln (CA),2025,,-66.70664550871334,5,2.747497475712196,1.0.0,2025-11-24T19:16:55.200332+00:00,5.684341886080802e-14
Lane College,2025,,-68.81142934501207,1,2.747497475712196,1.0.0,2025-11-24T19:16:55.200332+00:00,5.684341886080802e-14
BLUEFIELD,2025,,-76.52464718034767,1,2.747497475712196,1.0.0,2025-11-24T19:16:55.200332+00:00,5.684341886080802e-14
Greensboro College,2025,,-84.8591690955936,1,2.747497475712196,1.0.0,2025-11-24T19:16:55.200332+00:00,5.684341886080802e-14
Warner University,2025,,-85.44943379030029,1,2.747497475712196,1.0.0,2025-11-24T19:16:55.200332+00:00,5.684341886080802e-14
Little Rock,2025,,-90.31780747889535,1,2.747497475712196,1.0.0,2025-11-24T19:16:55.200332+00:00,5.684341886080802e-14
