team,season,week,rating,games_played,hfa,solver_version,last_updated,ratings_sum
Ohio State,2025,15,51.33546754253328,93,2.689284540285286,1.0.0,2025-12-17T03:46:45.696266+00:00,-6.821210263296962e-13
Alabama,2025,15,50.80009528337353,84,2.689284540285286,1.0.0,2025-12-17T03:46:45.696266+00:00,-6.821210263296962e-13
Georgia,2025,15,48.40733587238763,95,2.689284540285286,1.0.0,2025-12-17T03:46:45.696266+00:00,-6.821210263296962e-13
Michigan,2025,15,45.6809879092141,88,2.689284540285286,1.0.0,2025-12-17T03:46:45.696266+00:00,-6.821210263296962e-13
Notre Dame,2025,15,43.573541809906786,83,2.689284540285286,1.0.0,2025-12-17T03:46:45.696266+00:00,-6.821210263296962e-13
Penn State,2025,15,43.2888885692052,90,2.689284540285286,1.0.0,2025-12-17T03:46:45.696266+00:00,-6.821210263296962e-13
Clemson,2025,15,42.95958941566571,89,2.689284540285286,1.0.0,2025-12-17T03:46:45.696266+00:00,-6.821210263296962e-13
LSU,2025,15,41.79851241154033,83,2.689284540285286,1.0.0,2025-12-17T03:46:45.696266+00:00,-6.821210263296962e-13
Oklahoma,2025,15,40.04457548304103,86,2.689284540285286,1.0.0,2025-12-17T03:46:45.696266+00:00,-6.821210263296962e-13
Oregon,2025,15,38.53654394014979,88,2.689284540285286,1.0.0,2025-12-17T03:46:45.696266+00:00,-6.821210263296962e-13
Texas,2025,15,38.162844719844664,87,2.689284540285286,1.0.0,2025-12-17T03:46:45.696266+00:00,-6.821210263296962e-13
Utah,2025,15,37.39424094695132,86,2.689284540285286,1.0.0,2025-12-17T03:46:45.696266+00:00,-6.821210263296962e-13
Washington,2025,15,37.229157197161314,88,2.689284540285286,1.0.0,2025-12-17T03:46:45.696266+00:00,-6.821210263296962e-13
Auburn,2025,15,36.97929391765873,80,2.689284540285286,1.0.0,2025-12-17T03:46:45.696266+00:00,-6.821210263296962e-13
Texas A&M,2025,15,36.7718741400381,79,2.689284540285286,1.0.0,2025-12-17T03:46:45.696266+00:00,-6.821210263296962e-13
Tennessee,2025,15,35.801361154246344,80,2.689284540285286,1.0.0,2025-12-17T03:46:45.696266+00:00,-6.821210263296962e-13
Iowa,2025,15,35.630233711493005,86,2.689284540285286,1.0.0,2025-12-17T03:46:45.696266+00:00,-6.821210263296962e-13
Wisconsin,2025,15,35.26621434858315,90,2.689284540285286,1.0.0,2025-12-17T03:46:45.696266+00:00,-6.821210263296962e-13
Kansas State,2025,15,35.09124740045083,86,2.689284540285286,1.0.0,2025-12-17T03:46:45.696266+00:00,-6.821210263296962e-13
Florida,2025,15,34.077574242981676,78,2.689284540285286,1.0.0,2025-12-17T03:46:45.696266+00:00,-6.821210263296962e-13
Iowa State,2025,15,33.94134109846992,86,2.689284540285286,1.0.0,2025-12-17T03:46:45.696266+00:00,-6.821210263296962e-13
USC,2025,15,33.92716516650456,84,2.689284540285286,1.0.0,2025-12-17T03:46:45.696266+00:00,-6.821210263296962e-13
Ole Miss,2025,15,33.8859457087507,81,2.689284540285286,1.0.0,2025-12-17T03:46:45.696266+00:00,-6.821210263296962e-13
Missouri,2025,15,33.3016039160824,80,2.689284540285286,1.0.0,2025-12-17T03:46:45.696266+00:00,-6.821210263296962e-13
Texas Tech,2025,15,31.814953439152948,85,2.689284540285286,1.0.0,2025-12-17T03:46:45.696266+00:00,-6.821210263296962e-13
TCU,2025,15,31.36192240970462,84,2.689284540285286,1.0.0,2025-12-17T03:46:45.696266+00:00,-6.821210263296962e-13
Boise State,2025,15,31.070870486572836,93,2.689284540285286,1.0.0,2025-12-17T03:46:45.696266+00:00,-6.821210263296962e-13
Indiana,2025,15,31.035919528278786,81,2.689284540285286,1.0.0,2025-12-17T03:46:45.696266+00:00,-6.821210263296962e-13
Miami,2025,15,30.877089363464854,84,2.689284540285286,1.0.0,2025-12-17T03:46:45.696266+00:00,-6.821210263296962e-13
Florida State,2025,15,30.679750403454943,80,2.689284540285286,1.0.0,2025-12-17T03:46:45.696266+00:00,-6.821210263296962e-13
Minnesota,2025,15,30.513863014637256,86,2.689284540285286,1.0.0,2025-12-17T03:46:45.696266+00:00,-6.821210263296962e-13
Kentucky,2025,15,30.426474355545594,80,2.689284540285286,1.0.0,2025-12-17T03:46:45.696266+00:00,-6.821210263296962e-13
South Carolina,2025,15,30.098720873026867,77,2.689284540285286,1.0.0,2025-12-17T03:46:45.696266+00:00,-6.821210263296962e-13
Wheaton,2025,15,30.08607601348409,2,2.689284540285286,1.0.0,2025-12-17T03:46:45.696266+00:00,-6.821210263296962e-13
Mississippi State,2025,15,29.87902189093045,77,2.689284540285286,1.0.0,2025-12-17T03:46:45.696266+00:00,-6.821210263296962e-13
Louisville,2025,15,29.743919041787628,82,2.689284540285286,1.0.0,2025-12-17T03:46:45.696266+00:00,-6.821210263296962e-13
James Madison,2025,15,29.613624005153742,40,2.689284540285286,1.0.0,2025-12-17T03:46:45.696266+00:00,-6.821210263296962e-13
Oklahoma State,2025,15,29.500793433361775,86,2.689284540285286,1.0.0,2025-12-17T03:46:45.696266+00:00,-6.821210263296962e-13
Memphis,2025,15,29.053755245342145,83,2.689284540285286,1.0.0,2025-12-17T03:46:45.696266+00:00,-6.821210263296962e-13
Baylor,2025,15,28.91582090068242,82,2.689284540285286,1.0.0,2025-12-17T03:46:45.696266+00:00,-6.821210263296962e-13
Washington State,2025,15,28.670031509769682,84,2.689284540285286,1.0.0,2025-12-17T03:46:45.696266+00:00,-6.821210263296962e-13
Ferris State,2025,15,28.6416162696591,2,2.689284540285286,1.0.0,2025-12-17T03:46:45.696266+00:00,-6.821210263296962e-13
SMU,2025,15,28.586935962461077,81,2.689284540285286,1.0.0,2025-12-17T03:46:45.696266+00:00,-6.821210263296962e-13
Pittsburgh,2025,15,28.46002980093815,82,2.689284540285286,1.0.0,2025-12-17T03:46:45.696266+00:00,-6.821210263296962e-13
UCF,2025,15,28.398313686955905,80,2.689284540285286,1.0.0,2025-12-17T03:46:45.696266+00:00,-6.821210263296962e-13
Nebraska,2025,15,27.508896379827178,77,2.689284540285286,1.0.0,2025-12-17T03:46:45.696266+00:00,-6.821210263296962e-13
Wisconsin-River Falls,2025,15,27.282766248324037,1,2.689284540285286,1.0.0,2025-12-17T03:46:45.696266+00:00,-6.821210263296962e-13
North Dakota State,2025,15,26.985822285618486,12,2.689284540285286,1.0.0,2025-12-17T03:46:45.696266+00:00,-6.821210263296962e-13
West Virginia,2025,15,26.95694817543063,83,2.689284540285286,1.0.0,2025-12-17T03:46:45.696266+00:00,-6.821210263296962e-13
NC State,2025,15,26.860098740588583,83,2.689284540285286,1.0.0,2025-12-17T03:46:45.696266+00:00,-6.821210263296962e-13
Northwestern,2025,15,26.83772731479903,83,2.689284540285286,1.0.0,2025-12-17T03:46:45.696266+00:00,-6.821210263296962e-13
BYU,2025,15,26.808686041084,79,2.689284540285286,1.0.0,2025-12-17T03:46:45.696266+00:00,-6.821210263296962e-13
Virginia Tech,2025,15,26.639919557386452,83,2.689284540285286,1.0.0,2025-12-17T03:46:45.696266+00:00,-6.821210263296962e-13
Arizona State,2025,15,26.224369376462388,81,2.689284540285286,1.0.0,2025-12-17T03:46:45.696266+00:00,-6.821210263296962e-13
Michigan State,2025,15,26.167698541589548,82,2.689284540285286,1.0.0,2025-12-17T03:46:45.696266+00:00,-6.821210263296962e-13
Tarleton State,2025,15,25.435215152677312,12,2.689284540285286,1.0.0,2025-12-17T03:46:45.696266+00:00,-6.821210263296962e-13
Vanderbilt,2025,15,25.305750023184377,75,2.689284540285286,1.0.0,2025-12-17T03:46:45.696266+00:00,-6.821210263296962e-13
Cincinnati,2025,15,25.280370840094402,78,2.689284540285286,1.0.0,2025-12-17T03:46:45.696266+00:00,-6.821210263296962e-13
Houston,2025,15,25.18879280583965,79,2.689284540285286,1.0.0,2025-12-17T03:46:45.696266+00:00,-6.821210263296962e-13
UCLA,2025,15,25.057366635298578,81,2.689284540285286,1.0.0,2025-12-17T03:46:45.696266+00:00,-6.821210263296962e-13
Arkansas,2025,15,24.88626867924579,77,2.689284540285286,1.0.0,2025-12-17T03:46:45.696266+00:00,-6.821210263296962e-13
Georgia Tech,2025,15,24.760118569335276,80,2.689284540285286,1.0.0,2025-12-17T03:46:45.696266+00:00,-6.821210263296962e-13
Navy,2025,15,24.408760560991993,89,2.689284540285286,1.0.0,2025-12-17T03:46:45.696266+00:00,-6.821210263296962e-13
Wake Forest,2025,15,24.344852672325928,83,2.689284540285286,1.0.0,2025-12-17T03:46:45.696266+00:00,-6.821210263296962e-13
Tulane,2025,15,24.280063918712926,83,2.689284540285286,1.0.0,2025-12-17T03:46:45.696266+00:00,-6.821210263296962e-13
Air Force,2025,15,23.985287664691942,86,2.689284540285286,1.0.0,2025-12-17T03:46:45.696266+00:00,-6.821210263296962e-13
North Carolina,2025,15,23.85952705394342,77,2.689284540285286,1.0.0,2025-12-17T03:46:45.696266+00:00,-6.821210263296962e-13
Illinois,2025,15,23.856538729379235,80,2.689284540285286,1.0.0,2025-12-17T03:46:45.696266+00:00,-6.821210263296962e-13
Arizona,2025,15,23.77913093080976,78,2.689284540285286,1.0.0,2025-12-17T03:46:45.696266+00:00,-6.821210263296962e-13
Fresno State,2025,15,23.61017475370039,86,2.689284540285286,1.0.0,2025-12-17T03:46:45.696266+00:00,-6.821210263296962e-13
Purdue,2025,15,23.34158837694022,83,2.689284540285286,1.0.0,2025-12-17T03:46:45.696266+00:00,-6.821210263296962e-13
App State,2025,15,23.320666165711135,81,2.689284540285286,1.0.0,2025-12-17T03:46:45.696266+00:00,-6.821210263296962e-13
San Diego State,2025,15,23.10695969172497,83,2.689284540285286,1.0.0,2025-12-17T03:46:45.696266+00:00,-6.821210263296962e-13
Virginia,2025,15,22.960847072486068,78,2.689284540285286,1.0.0,2025-12-17T03:46:45.696266+00:00,-6.821210263296962e-13
California,2025,15,22.875532381232276,81,2.689284540285286,1.0.0,2025-12-17T03:46:45.696266+00:00,-6.821210263296962e-13
Montana State,2025,15,22.866430762677027,12,2.689284540285286,1.0.0,2025-12-17T03:46:45.696266+00:00,-6.821210263296962e-13
Jacksonville State,2025,15,22.76417924738806,31,2.689284540285286,1.0.0,2025-12-17T03:46:45.696266+00:00,-6.821210263296962e-13
Western Kentucky,2025,15,21.827069578682803,88,2.689284540285286,1.0.0,2025-12-17T03:46:45.696266+00:00,-6.821210263296962e-13
Army,2025,15,21.782874575932524,72,2.689284540285286,1.0.0,2025-12-17T03:46:45.696266+00:00,-6.821210263296962e-13
Boston College,2025,15,21.50865719214041,80,2.689284540285286,1.0.0,2025-12-17T03:46:45.696266+00:00,-6.821210263296962e-13
Ohio,2025,15,21.42780682163052,84,2.689284540285286,1.0.0,2025-12-17T03:46:45.696266+00:00,-6.821210263296962e-13
Colorado,2025,15,21.42515568646161,79,2.689284540285286,1.0.0,2025-12-17T03:46:45.696266+00:00,-6.821210263296962e-13
South Florida,2025,15,21.259049229311632,79,2.689284540285286,1.0.0,2025-12-17T03:46:45.696266+00:00,-6.821210263296962e-13
Duke,2025,15,21.07465318767701,82,2.689284540285286,1.0.0,2025-12-17T03:46:45.696266+00:00,-6.821210263296962e-13
Utah State,2025,15,20.987846268143198,83,2.689284540285286,1.0.0,2025-12-17T03:46:45.696266+00:00,-6.821210263296962e-13
Johns Hopkins University,2025,15,20.95919977839529,1,2.689284540285286,1.0.0,2025-12-17T03:46:45.696266+00:00,-6.821210263296962e-13
Maryland,2025,15,20.899617438460467,83,2.689284540285286,1.0.0,2025-12-17T03:46:45.696266+00:00,-6.821210263296962e-13
Wyoming,2025,15,20.714598933736337,81,2.689284540285286,1.0.0,2025-12-17T03:46:45.696266+00:00,-6.821210263296962e-13
Stanford,2025,15,20.331855715893607,81,2.689284540285286,1.0.0,2025-12-17T03:46:45.696266+00:00,-6.821210263296962e-13
Oregon State,2025,15,20.26672948189488,78,2.689284540285286,1.0.0,2025-12-17T03:46:45.696266+00:00,-6.821210263296962e-13
Syracuse,2025,15,20.053395272510958,78,2.689284540285286,1.0.0,2025-12-17T03:46:45.696266+00:00,-6.821210263296962e-13
Coe College,2025,15,19.834724908561967,1,2.689284540285286,1.0.0,2025-12-17T03:46:45.696266+00:00,-6.821210263296962e-13
Kansas,2025,15,19.546722467887943,79,2.689284540285286,1.0.0,2025-12-17T03:46:45.696266+00:00,-6.821210263296962e-13
Troy,2025,15,19.144776509953722,81,2.689284540285286,1.0.0,2025-12-17T03:46:45.696266+00:00,-6.821210263296962e-13
Toledo,2025,15,18.771055777703758,87,2.689284540285286,1.0.0,2025-12-17T03:46:45.696266+00:00,-6.821210263296962e-13
North Texas,2025,15,18.662832177134256,82,2.689284540285286,1.0.0,2025-12-17T03:46:45.696266+00:00,-6.821210263296962e-13
UTSA,2025,15,18.549648158431076,82,2.689284540285286,1.0.0,2025-12-17T03:46:45.696266+00:00,-6.821210263296962e-13
Louisiana,2025,15,18.150828696425066,86,2.689284540285286,1.0.0,2025-12-17T03:46:45.696266+00:00,-6.821210263296962e-13
North Dakota,2025,15,18.1333453071354,12,2.689284540285286,1.0.0,2025-12-17T03:46:45.696266+00:00,-6.821210263296962e-13
East Carolina,2025,15,17.945139146517196,75,2.689284540285286,1.0.0,2025-12-17T03:46:45.696266+00:00,-6.821210263296962e-13
Florida Atlantic,2025,15,17.710382088102115,77,2.689284540285286,1.0.0,2025-12-17T03:46:45.696266+00:00,-6.821210263296962e-13
Marshall,2025,15,17.51514637991305,88,2.689284540285286,1.0.0,2025-12-17T03:46:45.696266+00:00,-6.821210263296962e-13
Liberty,2025,15,17.47572769288751,59,2.689284540285286,1.0.0,2025-12-17T03:46:45.696266+00:00,-6.821210263296962e-13
UNLV,2025,15,17.14270629879898,81,2.689284540285286,1.0.0,2025-12-17T03:46:45.696266+00:00,-6.821210263296962e-13
Miami (OH),2025,15,17.061086328049175,85,2.689284540285286,1.0.0,2025-12-17T03:46:45.696266+00:00,-6.821210263296962e-13
Colorado State,2025,15,16.880723297450782,76,2.689284540285286,1.0.0,2025-12-17T03:46:45.696266+00:00,-6.821210263296962e-13
Montana,2025,15,16.849625996799617,12,2.689284540285286,1.0.0,2025-12-17T03:46:45.696266+00:00,-6.821210263296962e-13
Louisiana Tech,2025,15,16.545882202799508,82,2.689284540285286,1.0.0,2025-12-17T03:46:45.696266+00:00,-6.821210263296962e-13
Temple,2025,15,16.538895436087213,81,2.689284540285286,1.0.0,2025-12-17T03:46:45.696266+00:00,-6.821210263296962e-13
Western Michigan,2025,15,16.42467120807097,82,2.689284540285286,1.0.0,2025-12-17T03:46:45.696266+00:00,-6.821210263296962e-13
Indianapolis,2025,15,16.266667515600204,1,2.689284540285286,1.0.0,2025-12-17T03:46:45.696266+00:00,-6.821210263296962e-13
UAB,2025,15,15.970943786800937,77,2.689284540285286,1.0.0,2025-12-17T03:46:45.696266+00:00,-6.821210263296962e-13
Susquehanna,2025,15,15.640129740793924,2,2.689284540285286,1.0.0,2025-12-17T03:46:45.696266+00:00,-6.821210263296962e-13
Tulsa,2025,15,15.524296508861557,75,2.689284540285286,1.0.0,2025-12-17T03:46:45.696266+00:00,-6.821210263296962e-13
Rutgers,2025,15,15.341896310093885,80,2.689284540285286,1.0.0,2025-12-17T03:46:45.696266+00:00,-6.821210263296962e-13
Harvard,2025,15,14.722423934632227,9,2.689284540285286,1.0.0,2025-12-17T03:46:45.696266+00:00,-6.821210263296962e-13
Nevada,2025,15,14.61489794418406,77,2.689284540285286,1.0.0,2025-12-17T03:46:45.696266+00:00,-6.821210263296962e-13
Northern Illinois,2025,15,14.413669029042863,82,2.689284540285286,1.0.0,2025-12-17T03:46:45.696266+00:00,-6.821210263296962e-13
Middle Tennessee,2025,15,14.342547254468009,83,2.689284540285286,1.0.0,2025-12-17T03:46:45.696266+00:00,-6.821210263296962e-13
Arkansas State,2025,15,14.036429405905913,82,2.689284540285286,1.0.0,2025-12-17T03:46:45.696266+00:00,-6.821210263296962e-13
Old Dominion,2025,15,13.816903450100993,80,2.689284540285286,1.0.0,2025-12-17T03:46:45.696266+00:00,-6.821210263296962e-13
San José State,2025,15,13.79794628248384,70,2.689284540285286,1.0.0,2025-12-17T03:46:45.696266+00:00,-6.821210263296962e-13
Hawai'i,2025,15,13.640488162140075,78,2.689284540285286,1.0.0,2025-12-17T03:46:45.696266+00:00,-6.821210263296962e-13
Georgia Southern,2025,15,12.79017893054338,83,2.689284540285286,1.0.0,2025-12-17T03:46:45.696266+00:00,-6.821210263296962e-13
Missouri State,2025,15,12.484658151623249,11,2.689284540285286,1.0.0,2025-12-17T03:46:45.696266+00:00,-6.821210263296962e-13
Washington & Jefferson,2025,15,12.317097183894598,1,2.689284540285286,1.0.0,2025-12-17T03:46:45.696266+00:00,-6.821210263296962e-13
South Alabama,2025,15,11.816273735930533,78,2.689284540285286,1.0.0,2025-12-17T03:46:45.696266+00:00,-6.821210263296962e-13
Buffalo,2025,15,11.757005415366722,74,2.689284540285286,1.0.0,2025-12-17T03:46:45.696266+00:00,-6.821210263296962e-13
Kennesaw State,2025,15,11.437565255692096,20,2.689284540285286,1.0.0,2025-12-17T03:46:45.696266+00:00,-6.821210263296962e-13
New Mexico,2025,15,11.362197668534952,79,2.689284540285286,1.0.0,2025-12-17T03:46:45.696266+00:00,-6.821210263296962e-13
Ashland,2025,15,11.149782837855637,1,2.689284540285286,1.0.0,2025-12-17T03:46:45.696266+00:00,-6.821210263296962e-13
Central Michigan,2025,15,11.11845329051306,75,2.689284540285286,1.0.0,2025-12-17T03:46:45.696266+00:00,-6.821210263296962e-13
Southern Miss,2025,15,11.086587800967232,81,2.689284540285286,1.0.0,2025-12-17T03:46:45.696266+00:00,-6.821210263296962e-13
John Carroll University,2025,15,10.663112295812747,2,2.689284540285286,1.0.0,2025-12-17T03:46:45.696266+00:00,-6.821210263296962e-13
West Florida,2025,15,10.650032712831534,1,2.689284540285286,1.0.0,2025-12-17T03:46:45.696266+00:00,-6.821210263296962e-13
Georgia State,2025,15,10.515344359662937,75,2.689284540285286,1.0.0,2025-12-17T03:46:45.696266+00:00,-6.821210263296962e-13
Eastern Michigan,2025,15,10.450265675148195,82,2.689284540285286,1.0.0,2025-12-17T03:46:45.696266+00:00,-6.821210263296962e-13
Harding University,2025,15,10.400235587488488,2,2.689284540285286,1.0.0,2025-12-17T03:46:45.696266+00:00,-6.821210263296962e-13
Delaware,2025,15,10.360714722528238,12,2.689284540285286,1.0.0,2025-12-17T03:46:45.696266+00:00,-6.821210263296962e-13
Bethel (MN),2025,15,10.299749265521443,1,2.689284540285286,1.0.0,2025-12-17T03:46:45.696266+00:00,-6.821210263296962e-13
Stephen F. Austin,2025,15,10.25514500889115,12,2.689284540285286,1.0.0,2025-12-17T03:46:45.696266+00:00,-6.821210263296962e-13
Tennessee Tech,2025,15,10.142685324842127,11,2.689284540285286,1.0.0,2025-12-17T03:46:45.696266+00:00,-6.821210263296962e-13
SE Louisiana,2025,15,9.595143433572863,11,2.689284540285286,1.0.0,2025-12-17T03:46:45.696266+00:00,-6.821210263296962e-13
Berry College,2025,15,9.5539162019131,1,2.689284540285286,1.0.0,2025-12-17T03:46:45.696266+00:00,-6.821210263296962e-13
Youngstown State,2025,15,9.52506693203119,11,2.689284540285286,1.0.0,2025-12-17T03:46:45.696266+00:00,-6.821210263296962e-13
Coastal Carolina,2025,15,9.475167472449453,72,2.689284540285286,1.0.0,2025-12-17T03:46:45.696266+00:00,-6.821210263296962e-13
Illinois State,2025,15,9.47221573334364,12,2.689284540285286,1.0.0,2025-12-17T03:46:45.696266+00:00,-6.821210263296962e-13
New Mexico State,2025,15,9.185517938072383,65,2.689284540285286,1.0.0,2025-12-17T03:46:45.696266+00:00,-6.821210263296962e-13
UConn,2025,15,9.155161999678961,73,2.689284540285286,1.0.0,2025-12-17T03:46:45.696266+00:00,-6.821210263296962e-13
Lehigh,2025,15,9.1251127422218,12,2.689284540285286,1.0.0,2025-12-17T03:46:45.696266+00:00,-6.821210263296962e-13
UC Davis,2025,15,9.022351802785307,11,2.689284540285286,1.0.0,2025-12-17T03:46:45.696266+00:00,-6.821210263296962e-13
Florida International,2025,15,8.898222107910867,77,2.689284540285286,1.0.0,2025-12-17T03:46:45.696266+00:00,-6.821210263296962e-13
South Dakota State,2025,15,8.675295831741144,12,2.689284540285286,1.0.0,2025-12-17T03:46:45.696266+00:00,-6.821210263296962e-13
South Dakota,2025,15,8.644934870661487,12,2.689284540285286,1.0.0,2025-12-17T03:46:45.696266+00:00,-6.821210263296962e-13
Southern Illinois,2025,15,8.50724341350955,11,2.689284540285286,1.0.0,2025-12-17T03:46:45.696266+00:00,-6.821210263296962e-13
Southern Utah,2025,15,8.407854442061865,10,2.689284540285286,1.0.0,2025-12-17T03:46:45.696266+00:00,-6.821210263296962e-13
Minnesota State Mankato,2025,15,8.339892976473331,2,2.689284540285286,1.0.0,2025-12-17T03:46:45.696266+00:00,-6.821210263296962e-13
Austin Peay,2025,15,8.273297271027023,11,2.689284540285286,1.0.0,2025-12-17T03:46:45.696266+00:00,-6.821210263296962e-13
Bowling Green,2025,15,8.086752131759736,78,2.689284540285286,1.0.0,2025-12-17T03:46:45.696266+00:00,-6.821210263296962e-13
Abilene Christian,2025,15,7.95129790842597,12,2.689284540285286,1.0.0,2025-12-17T03:46:45.696266+00:00,-6.821210263296962e-13
Texas State,2025,15,7.829243609812767,77,2.689284540285286,1.0.0,2025-12-17T03:46:45.696266+00:00,-6.821210263296962e-13
UT Permian Basin,2025,15,7.091018785068335,2,2.689284540285286,1.0.0,2025-12-17T03:46:45.696266+00:00,-6.821210263296962e-13
Sam Houston,2025,15,7.067722364490176,28,2.689284540285286,1.0.0,2025-12-17T03:46:45.696266+00:00,-6.821210263296962e-13
Yale,2025,15,6.81549556007902,8,2.689284540285286,1.0.0,2025-12-17T03:46:45.696266+00:00,-6.821210263296962e-13
Sacramento State,2025,15,6.709301540095549,11,2.689284540285286,1.0.0,2025-12-17T03:46:45.696266+00:00,-6.821210263296962e-13
Mercer,2025,15,6.380799769626166,12,2.689284540285286,1.0.0,2025-12-17T03:46:45.696266+00:00,-6.821210263296962e-13
Rice,2025,15,6.083925974806807,77,2.689284540285286,1.0.0,2025-12-17T03:46:45.696266+00:00,-6.821210263296962e-13
Charlotte,2025,15,6.005488188453213,75,2.689284540285286,1.0.0,2025-12-17T03:46:45.696266+00:00,-6.821210263296962e-13
Springfield,2025,15,5.652531463496971,1,2.689284540285286,1.0.0,2025-12-17T03:46:45.696266+00:00,-6.821210263296962e-13
UTEP,2025,15,5.374385246510466,73,2.689284540285286,1.0.0,2025-12-17T03:46:45.696266+00:00,-6.821210263296962e-13
Idaho State,2025,15,5.110894287411718,11,2.689284540285286,1.0.0,2025-12-17T03:46:45.696266+00:00,-6.821210263296962e-13
North Central College,2025,15,5.098542302369506,1,2.689284540285286,1.0.0,2025-12-17T03:46:45.696266+00:00,-6.821210263296962e-13
Villanova,2025,15,5.0524361104744875,11,2.689284540285286,1.0.0,2025-12-17T03:46:45.696266+00:00,-6.821210263296962e-13
University of Mount Union,2025,15,4.968858896630621,1,2.689284540285286,1.0.0,2025-12-17T03:46:45.696266+00:00,-6.821210263296962e-13
Ball State,2025,15,4.836465390723439,76,2.689284540285286,1.0.0,2025-12-17T03:46:45.696266+00:00,-6.821210263296962e-13
Northern Arizona,2025,15,4.756077075870919,10,2.689284540285286,1.0.0,2025-12-17T03:46:45.696266+00:00,-6.821210263296962e-13
Monmouth,2025,15,4.748799558676612,11,2.689284540285286,1.0.0,2025-12-17T03:46:45.696266+00:00,-6.821210263296962e-13
Idaho,2025,15,4.638476531664035,11,2.689284540285286,1.0.0,2025-12-17T03:46:45.696266+00:00,-6.821210263296962e-13
UL Monroe,2025,15,4.504452026994466,79,2.689284540285286,1.0.0,2025-12-17T03:46:45.696266+00:00,-6.821210263296962e-13
Rhode Island,2025,15,4.40855942799644,12,2.689284540285286,1.0.0,2025-12-17T03:46:45.696266+00:00,-6.821210263296962e-13
Western Colorado,2025,15,4.22520452313707,1,2.689284540285286,1.0.0,2025-12-17T03:46:45.696266+00:00,-6.821210263296962e-13
West Georgia,2025,15,3.4928381304477245,11,2.689284540285286,1.0.0,2025-12-17T03:46:45.696266+00:00,-6.821210263296962e-13
Assumption,2025,15,2.8432206608299375,1,2.689284540285286,1.0.0,2025-12-17T03:46:45.696266+00:00,-6.821210263296962e-13
Lagrange College,2025,15,2.8432206597982472,1,2.689284540285286,1.0.0,2025-12-17T03:46:45.696266+00:00,-6.821210263296962e-13
PennWest California,2025,15,2.8432206589953317,1,2.689284540285286,1.0.0,2025-12-17T03:46:45.696266+00:00,-6.821210263296962e-13
Muhlenberg,2025,15,2.6540307141516544,1,2.689284540285286,1.0.0,2025-12-17T03:46:45.696266+00:00,-6.821210263296962e-13
Depauw,2025,15,2.3976821052099972,2,2.689284540285286,1.0.0,2025-12-17T03:46:45.696266+00:00,-6.821210263296962e-13
Chapman,2025,15,2.3434705347741076,1,2.689284540285286,1.0.0,2025-12-17T03:46:45.696266+00:00,-6.821210263296962e-13
Kent State,2025,15,2.198123459281399,77,2.689284540285286,1.0.0,2025-12-17T03:46:45.696266+00:00,-6.821210263296962e-13
Wisconsin-Platteville,2025,15,1.9993335550712161,2,2.689284540285286,1.0.0,2025-12-17T03:46:45.696266+00:00,-6.821210263296962e-13
Saint John's (MN),2025,15,1.999333554858093,2,2.689284540285286,1.0.0,2025-12-17T03:46:45.696266+00:00,-6.821210263296962e-13
Akron,2025,15,1.9467964501931272,77,2.689284540285286,1.0.0,2025-12-17T03:46:45.696266+00:00,-6.821210263296962e-13
Dartmouth,2025,15,1.9401191312588337,9,2.689284540285286,1.0.0,2025-12-17T03:46:45.696266+00:00,-6.821210263296962e-13
Benedict College,2025,15,1.8437204106231115,1,2.689284540285286,1.0.0,2025-12-17T03:46:45.696266+00:00,-6.821210263296962e-13
UT Rio Grande Valley,2025,15,1.1777933538815444,8,2.689284540285286,1.0.0,2025-12-17T03:46:45.696266+00:00,-6.821210263296962e-13
New Hampshire,2025,15,1.1122880837126832,11,2.689284540285286,1.0.0,2025-12-17T03:46:45.696266+00:00,-6.821210263296962e-13
West Texas A&M,2025,15,0.49975012374464733,1,2.689284540285286,1.0.0,2025-12-17T03:46:45.696266+00:00,-6.821210263296962e-13
Kutztown University,2025,15,0.32095610508253225,2,2.689284540285286,1.0.0,2025-12-17T03:46:45.696266+00:00,-6.821210263296962e-13
Wisconsin-Lacrosse,2025,15,-0.20707461504225333,2,2.689284540285286,1.0.0,2025-12-17T03:46:45.696266+00:00,-6.821210263296962e-13
Alabama State,2025,15,-0.21307507947867566,9,2.689284540285286,1.0.0,2025-12-17T03:46:45.696266+00:00,-6.821210263296962e-13
East Tennessee State,2025,15,-0.2673666707849943,11,2.689284540285286,1.0.0,2025-12-17T03:46:45.696266+00:00,-6.821210263296962e-13
St. Thomas (MN),2025,15,-0.34290634870054815,11,2.689284540285286,1.0.0,2025-12-17T03:46:45.696266+00:00,-6.821210263296962e-13
Arkansas Tech,2025,15,-0.49975012612847786,1,2.689284540285286,1.0.0,2025-12-17T03:46:45.696266+00:00,-6.821210263296962e-13
Cal Poly,2025,15,-0.8788801984763375,11,2.689284540285286,1.0.0,2025-12-17T03:46:45.696266+00:00,-6.821210263296962e-13
Trinity University TX,2025,15,-1.125814422170955,2,2.689284540285286,1.0.0,2025-12-17T03:46:45.696266+00:00,-6.821210263296962e-13
Lafayette,2025,15,-1.6966754543372113,11,2.689284540285286,1.0.0,2025-12-17T03:46:45.696266+00:00,-6.821210263296962e-13
Massachusetts,2025,15,-1.7859478713464105,66,2.689284540285286,1.0.0,2025-12-17T03:46:45.696266+00:00,-6.821210263296962e-13
Wingate,2025,15,-1.8437204092515243,1,2.689284540285286,1.0.0,2025-12-17T03:46:45.696266+00:00,-6.821210263296962e-13
Whitworth,2025,15,-2.343470534977186,1,2.689284540285286,1.0.0,2025-12-17T03:46:45.696266+00:00,-6.821210263296962e-13
Union (NY),2025,15,-2.6540307148487927,1,2.689284540285286,1.0.0,2025-12-17T03:46:45.696266+00:00,-6.821210263296962e-13
Pennsylvania,2025,15,-2.7962139554082297,8,2.689284540285286,1.0.0,2025-12-17T03:46:45.696266+00:00,-6.821210263296962e-13
Indiana-Pennsylvania,2025,15,-2.8432206587950484,1,2.689284540285286,1.0.0,2025-12-17T03:46:45.696266+00:00,-6.821210263296962e-13
Framingham State,2025,15,-2.843220659827115,1,2.689284540285286,1.0.0,2025-12-17T03:46:45.696266+00:00,-6.821210263296962e-13
Virginia Union,2025,15,-2.8432206606303594,1,2.689284540285286,1.0.0,2025-12-17T03:46:45.696266+00:00,-6.821210263296962e-13
Western Carolina,2025,15,-2.9333546372591184,11,2.689284540285286,1.0.0,2025-12-17T03:46:45.696266+00:00,-6.821210263296962e-13
Drake,2025,15,-3.0189292273622566,9,2.689284540285286,1.0.0,2025-12-17T03:46:45.696266+00:00,-6.821210263296962e-13
Wisconsin-Whitewater,2025,15,-3.2883141209597726,1,2.689284540285286,1.0.0,2025-12-17T03:46:45.696266+00:00,-6.821210263296962e-13
Wofford,2025,15,-3.3143215321981887,11,2.689284540285286,1.0.0,2025-12-17T03:46:45.696266+00:00,-6.821210263296962e-13
Incarnate Word,2025,15,-3.384585640919166,11,2.689284540285286,1.0.0,2025-12-17T03:46:45.696266+00:00,-6.821210263296962e-13
Eastern Kentucky,2025,15,-3.4327339564345367,11,2.689284540285286,1.0.0,2025-12-17T03:46:45.696266+00:00,-6.821210263296962e-13
Lamar,2025,15,-3.6011911444641638,10,2.689284540285286,1.0.0,2025-12-17T03:46:45.696266+00:00,-6.821210263296962e-13
Stony Brook,2025,15,-3.6130658614524678,11,2.689284540285286,1.0.0,2025-12-17T03:46:45.696266+00:00,-6.821210263296962e-13
Gardner-Webb,2025,15,-3.6925886963831474,11,2.689284540285286,1.0.0,2025-12-17T03:46:45.696266+00:00,-6.821210263296962e-13
William & Mary,2025,15,-4.031985880127713,11,2.689284540285286,1.0.0,2025-12-17T03:46:45.696266+00:00,-6.821210263296962e-13
Eastern Washington,2025,15,-4.468871069304552,11,2.689284540285286,1.0.0,2025-12-17T03:46:45.696266+00:00,-6.821210263296962e-13
Northern Iowa,2025,15,-4.497710550105881,11,2.689284540285286,1.0.0,2025-12-17T03:46:45.696266+00:00,-6.821210263296962e-13
Princeton,2025,15,-4.551973031477654,8,2.689284540285286,1.0.0,2025-12-17T03:46:45.696266+00:00,-6.821210263296962e-13
Towson,2025,15,-4.656032696467334,11,2.689284540285286,1.0.0,2025-12-17T03:46:45.696266+00:00,-6.821210263296962e-13
Hope College,2025,15,-4.891467687639853,1,2.689284540285286,1.0.0,2025-12-17T03:46:45.696266+00:00,-6.821210263296962e-13
Brown,2025,15,-5.07463510321219,9,2.689284540285286,1.0.0,2025-12-17T03:46:45.696266+00:00,-6.821210263296962e-13
Elon,2025,15,-5.191888717626609,11,2.689284540285286,1.0.0,2025-12-17T03:46:45.696266+00:00,-6.821210263296962e-13
Central Washington,2025,15,-5.459854812624875,2,2.689284540285286,1.0.0,2025-12-17T03:46:45.696266+00:00,-6.821210263296962e-13
UT Martin,2025,15,-5.645590663917451,11,2.689284540285286,1.0.0,2025-12-17T03:46:45.696266+00:00,-6.821210263296962e-13
Cortland,2025,15,-5.652531464753054,1,2.689284540285286,1.0.0,2025-12-17T03:46:45.696266+00:00,-6.821210263296962e-13
Northern Colorado,2025,15,-6.150649999590434,11,2.689284540285286,1.0.0,2025-12-17T03:46:45.696266+00:00,-6.821210263296962e-13
Lindenwood,2025,15,-6.387150397097903,11,2.689284540285286,1.0.0,2025-12-17T03:46:45.696266+00:00,-6.821210263296962e-13
Presbyterian,2025,15,-6.409395317062934,11,2.689284540285286,1.0.0,2025-12-17T03:46:45.696266+00:00,-6.821210263296962e-13
Jackson State,2025,15,-6.431572155124045,11,2.689284540285286,1.0.0,2025-12-17T03:46:45.696266+00:00,-6.821210263296962e-13
Central Arkansas,2025,15,-6.901199041560663,11,2.689284540285286,1.0.0,2025-12-17T03:46:45.696266+00:00,-6.821210263296962e-13
Maine,2025,15,-6.940501900570448,11,2.689284540285286,1.0.0,2025-12-17T03:46:45.696266+00:00,-6.821210263296962e-13
Cornell,2025,15,-7.112462912950592,9,2.689284540285286,1.0.0,2025-12-17T03:46:45.696266+00:00,-6.821210263296962e-13
South Carolina State,2025,15,-7.154155958897071,12,2.689284540285286,1.0.0,2025-12-17T03:46:45.696266+00:00,-6.821210263296962e-13
Chattanooga,2025,15,-7.163645630132831,11,2.689284540285286,1.0.0,2025-12-17T03:46:45.696266+00:00,-6.821210263296962e-13
Holy Cross,2025,15,-7.688259281895624,11,2.689284540285286,1.0.0,2025-12-17T03:46:45.696266+00:00,-6.821210263296962e-13
Colgate,2025,15,-7.724959876900022,11,2.689284540285286,1.0.0,2025-12-17T03:46:45.696266+00:00,-6.821210263296962e-13
Utah Tech,2025,15,-7.905645692290854,11,2.689284540285286,1.0.0,2025-12-17T03:46:45.696266+00:00,-6.821210263296962e-13
San Diego,2025,15,-7.959363587425071,11,2.689284540285286,1.0.0,2025-12-17T03:46:45.696266+00:00,-6.821210263296962e-13
Salisbury,2025,15,-8.330556481539862,2,2.689284540285286,1.0.0,2025-12-17T03:46:45.696266+00:00,-6.821210263296962e-13
Southeast Missouri State,2025,15,-8.399156278658,11,2.689284540285286,1.0.0,2025-12-17T03:46:45.696266+00:00,-6.821210263296962e-13
Hardin-Simmons,2025,15,-8.428101780105619,1,2.689284540285286,1.0.0,2025-12-17T03:46:45.696266+00:00,-6.821210263296962e-13
CSU Pueblo,2025,15,-8.589676079137094,1,2.689284540285286,1.0.0,2025-12-17T03:46:45.696266+00:00,-6.821210263296962e-13
Northwest Missouri St,2025,15,-8.901578293933046,1,2.689284540285286,1.0.0,2025-12-17T03:46:45.696266+00:00,-6.821210263296962e-13
Delaware State,2025,15,-9.192684128257687,11,2.689284540285286,1.0.0,2025-12-17T03:46:45.696266+00:00,-6.821210263296962e-13
Nicholls,2025,15,-9.291162711677735,11,2.689284540285286,1.0.0,2025-12-17T03:46:45.696266+00:00,-6.821210263296962e-13
Charleston Southern,2025,15,-9.433706890122993,11,2.689284540285286,1.0.0,2025-12-17T03:46:45.696266+00:00,-6.821210263296962e-13
Duquesne,2025,15,-9.435057309868903,11,2.689284540285286,1.0.0,2025-12-17T03:46:45.696266+00:00,-6.821210263296962e-13
Indiana State,2025,15,-9.478199294070599,11,2.689284540285286,1.0.0,2025-12-17T03:46:45.696266+00:00,-6.821210263296962e-13
Long Island University,2025,15,-9.582408542342133,11,2.689284540285286,1.0.0,2025-12-17T03:46:45.696266+00:00,-6.821210263296962e-13
Central Connecticut,2025,15,-9.591107420938172,11,2.689284540285286,1.0.0,2025-12-17T03:46:45.696266+00:00,-6.821210263296962e-13
Prairie View A&M,2025,15,-9.810515844248163,13,2.689284540285286,1.0.0,2025-12-17T03:46:45.696266+00:00,-6.821210263296962e-13
Richmond,2025,15,-9.943314818560733,11,2.689284540285286,1.0.0,2025-12-17T03:46:45.696266+00:00,-6.821210263296962e-13
McNeese,2025,15,-10.322094415092483,11,2.689284540285286,1.0.0,2025-12-17T03:46:45.696266+00:00,-6.821210263296962e-13
Eastern University,2025,15,-10.64262849199517,2,2.689284540285286,1.0.0,2025-12-17T03:46:45.696266+00:00,-6.821210263296962e-13
North Greenville,2025,15,-10.6500327141696,1,2.689284540285286,1.0.0,2025-12-17T03:46:45.696266+00:00,-6.821210263296962e-13
North Carolina Central,2025,15,-10.77913871581123,11,2.689284540285286,1.0.0,2025-12-17T03:46:45.696266+00:00,-6.821210263296962e-13
The Citadel,2025,15,-10.908531096933304,11,2.689284540285286,1.0.0,2025-12-17T03:46:45.696266+00:00,-6.821210263296962e-13
Furman,2025,15,-10.974887286214388,12,2.689284540285286,1.0.0,2025-12-17T03:46:45.696266+00:00,-6.821210263296962e-13
Minnesota Duluth,2025,15,-11.149782839020226,1,2.689284540285286,1.0.0,2025-12-17T03:46:45.696266+00:00,-6.821210263296962e-13
Sacred Heart,2025,15,-11.496676869139593,11,2.689284540285286,1.0.0,2025-12-17T03:46:45.696266+00:00,-6.821210263296962e-13
Weber State,2025,15,-11.916666192330103,11,2.689284540285286,1.0.0,2025-12-17T03:46:45.696266+00:00,-6.821210263296962e-13
Merrimack,2025,15,-11.99012010025993,11,2.689284540285286,1.0.0,2025-12-17T03:46:45.696266+00:00,-6.821210263296962e-13
Alma,2025,15,-12.299082821820999,1,2.689284540285286,1.0.0,2025-12-17T03:46:45.696266+00:00,-6.821210263296962e-13
Endicott College,2025,15,-12.628643297955648,1,2.689284540285286,1.0.0,2025-12-17T03:46:45.696266+00:00,-6.821210263296962e-13
Dayton,2025,15,-12.944300480616443,10,2.689284540285286,1.0.0,2025-12-17T03:46:45.696266+00:00,-6.821210263296962e-13
Murray State,2025,15,-13.202710985506714,11,2.689284540285286,1.0.0,2025-12-17T03:46:45.696266+00:00,-6.821210263296962e-13
North Alabama,2025,15,-13.237791524468944,11,2.689284540285286,1.0.0,2025-12-17T03:46:45.696266+00:00,-6.821210263296962e-13
Mercyhurst,2025,15,-13.365053706883655,11,2.689284540285286,1.0.0,2025-12-17T03:46:45.696266+00:00,-6.821210263296962e-13
Eastern Illinois,2025,15,-14.023275269294034,12,2.689284540285286,1.0.0,2025-12-17T03:46:45.696266+00:00,-6.821210263296962e-13
Newberry,2025,15,-15.124854452746618,2,2.689284540285286,1.0.0,2025-12-17T03:46:45.696266+00:00,-6.821210263296962e-13
Columbia,2025,15,-15.620542002445504,9,2.689284540285286,1.0.0,2025-12-17T03:46:45.696266+00:00,-6.821210263296962e-13
Randolph-Macon,2025,15,-15.631971192709656,1,2.689284540285286,1.0.0,2025-12-17T03:46:45.696266+00:00,-6.821210263296962e-13
Bryant,2025,15,-15.83649427724032,11,2.689284540285286,1.0.0,2025-12-17T03:46:45.696266+00:00,-6.821210263296962e-13
East Texas A&M,2025,15,-15.87150188464867,11,2.689284540285286,1.0.0,2025-12-17T03:46:45.696266+00:00,-6.821210263296962e-13
Northern Michigan,2025,15,-16.016174714272154,1,2.689284540285286,1.0.0,2025-12-17T03:46:45.696266+00:00,-6.821210263296962e-13
Pittsburg St,2025,15,-16.101020122743844,1,2.689284540285286,1.0.0,2025-12-17T03:46:45.696266+00:00,-6.821210263296962e-13
Georgetown,2025,15,-16.394867847484022,11,2.689284540285286,1.0.0,2025-12-17T03:46:45.696266+00:00,-6.821210263296962e-13
Campbell,2025,15,-16.496635191678642,11,2.689284540285286,1.0.0,2025-12-17T03:46:45.696266+00:00,-6.821210263296962e-13
Butler,2025,15,-16.72482693064458,10,2.689284540285286,1.0.0,2025-12-17T03:46:45.696266+00:00,-6.821210263296962e-13
Bucknell,2025,15,-17.053381194417785,11,2.689284540285286,1.0.0,2025-12-17T03:46:45.696266+00:00,-6.821210263296962e-13
Franklin & Marshall,2025,15,-17.31459843384662,1,2.689284540285286,1.0.0,2025-12-17T03:46:45.696266+00:00,-6.821210263296962e-13
Findlay,2025,15,-17.332059504306358,1,2.689284540285286,1.0.0,2025-12-17T03:46:45.696266+00:00,-6.821210263296962e-13
Chadron St,2025,15,-17.427836602579873,2,2.689284540285286,1.0.0,2025-12-17T03:46:45.696266+00:00,-6.821210263296962e-13
Western Illinois,2025,15,-17.437762795200594,11,2.689284540285286,1.0.0,2025-12-17T03:46:45.696266+00:00,-6.821210263296962e-13
Morgan State,2025,15,-17.45491111248823,10,2.689284540285286,1.0.0,2025-12-17T03:46:45.696266+00:00,-6.821210263296962e-13
Stonehill,2025,15,-17.904983359462744,11,2.689284540285286,1.0.0,2025-12-17T03:46:45.696266+00:00,-6.821210263296962e-13
Portland State,2025,15,-18.598665313367714,11,2.689284540285286,1.0.0,2025-12-17T03:46:45.696266+00:00,-6.821210263296962e-13
Frostburg State,2025,15,-18.93523518864642,2,2.689284540285286,1.0.0,2025-12-17T03:46:45.696266+00:00,-6.821210263296962e-13
Bethune-Cookman,2025,15,-19.127225597634787,11,2.689284540285286,1.0.0,2025-12-17T03:46:45.696266+00:00,-6.821210263296962e-13
Marist,2025,15,-19.447540287264786,11,2.689284540285286,1.0.0,2025-12-17T03:46:45.696266+00:00,-6.821210263296962e-13
Northwood (MI),2025,15,-19.649449740315028,1,2.689284540285286,1.0.0,2025-12-17T03:46:45.696266+00:00,-6.821210263296962e-13
Texas Southern,2025,15,-19.728910726869074,9,2.689284540285286,1.0.0,2025-12-17T03:46:45.696266+00:00,-6.821210263296962e-13
Concordia-Wisconsin,2025,15,-19.83472490681557,1,2.689284540285286,1.0.0,2025-12-17T03:46:45.696266+00:00,-6.821210263296962e-13
UAlbany,2025,15,-19.985438684310022,11,2.689284540285286,1.0.0,2025-12-17T03:46:45.696266+00:00,-6.821210263296962e-13
Wagner,2025,15,-20.18729738844816,11,2.689284540285286,1.0.0,2025-12-17T03:46:45.696266+00:00,-6.821210263296962e-13
Robert Morris,2025,15,-20.765078570448296,11,2.689284540285286,1.0.0,2025-12-17T03:46:45.696266+00:00,-6.821210263296962e-13
Fordham,2025,15,-20.825611414459054,11,2.689284540285286,1.0.0,2025-12-17T03:46:45.696266+00:00,-6.821210263296962e-13
Grambling,2025,15,-20.95036921815546,10,2.689284540285286,1.0.0,2025-12-17T03:46:45.696266+00:00,-6.821210263296962e-13
Samford,2025,15,-21.296337444204518,12,2.689284540285286,1.0.0,2025-12-17T03:46:45.696266+00:00,-6.821210263296962e-13
Houston Christian,2025,15,-23.463636763082796,11,2.689284540285286,1.0.0,2025-12-17T03:46:45.696266+00:00,-6.821210263296962e-13
Alcorn State,2025,15,-23.728442666475544,11,2.689284540285286,1.0.0,2025-12-17T03:46:45.696266+00:00,-6.821210263296962e-13
McKendree,2025,15,-23.76514960418211,1,2.689284540285286,1.0.0,2025-12-17T03:46:45.696266+00:00,-6.821210263296962e-13
Truman State,2025,15,-24.027781276598226,2,2.689284540285286,1.0.0,2025-12-17T03:46:45.696266+00:00,-6.821210263296962e-13
Norfolk State,2025,15,-24.464469023385835,11,2.689284540285286,1.0.0,2025-12-17T03:46:45.696266+00:00,-6.821210263296962e-13
Virginia St,2025,15,-24.75043404905176,1,2.689284540285286,1.0.0,2025-12-17T03:46:45.696266+00:00,-6.821210263296962e-13
Miles College,2025,15,-24.976862394642808,2,2.689284540285286,1.0.0,2025-12-17T03:46:45.696266+00:00,-6.821210263296962e-13
Howard,2025,15,-25.13381594697627,10,2.689284540285286,1.0.0,2025-12-17T03:46:45.696266+00:00,-6.821210263296962e-13
Tennessee State,2025,15,-25.289867352290624,11,2.689284540285286,1.0.0,2025-12-17T03:46:45.696266+00:00,-6.821210263296962e-13
New Haven,2025,15,-25.93131800298934,7,2.689284540285286,1.0.0,2025-12-17T03:46:45.696266+00:00,-6.821210263296962e-13
Adrian,2025,15,-28.304572845204213,1,2.689284540285286,1.0.0,2025-12-17T03:46:45.696266+00:00,-6.821210263296962e-13
Hanover College,2025,15,-28.352130124436655,2,2.689284540285286,1.0.0,2025-12-17T03:46:45.696266+00:00,-6.821210263296962e-13
Bowie State,2025,15,-28.474924663307746,1,2.689284540285286,1.0.0,2025-12-17T03:46:45.696266+00:00,-6.821210263296962e-13
Florida A&M,2025,15,-28.543601702329525,10,2.689284540285286,1.0.0,2025-12-17T03:46:45.696266+00:00,-6.821210263296962e-13
St. Francis (PA),2025,15,-28.68819226269793,10,2.689284540285286,1.0.0,2025-12-17T03:46:45.696266+00:00,-6.821210263296962e-13
Kentucky State,2025,15,-28.83391033999587,2,2.689284540285286,1.0.0,2025-12-17T03:46:45.696266+00:00,-6.821210263296962e-13
North Carolina A&T,2025,15,-28.96852167783227,11,2.689284540285286,1.0.0,2025-12-17T03:46:45.696266+00:00,-6.821210263296962e-13
Webber International,2025,15,-29.181624203211975,1,2.689284540285286,1.0.0,2025-12-17T03:46:45.696266+00:00,-6.821210263296962e-13
Crown College,2025,15,-29.195444002227415,1,2.689284540285286,1.0.0,2025-12-17T03:46:45.696266+00:00,-6.821210263296962e-13
Alabama A&M,2025,15,-29.208053926224977,11,2.689284540285286,1.0.0,2025-12-17T03:46:45.696266+00:00,-6.821210263296962e-13
VMI,2025,15,-29.228438106768824,11,2.689284540285286,1.0.0,2025-12-17T03:46:45.696266+00:00,-6.821210263296962e-13
Monmouth (IL),2025,15,-29.282099805051992,1,2.689284540285286,1.0.0,2025-12-17T03:46:45.696266+00:00,-6.821210263296962e-13
Albany State GA,2025,15,-29.430923419951043,3,2.689284540285286,1.0.0,2025-12-17T03:46:45.696266+00:00,-6.821210263296962e-13
Morehead State,2025,15,-30.124338129979,11,2.689284540285286,1.0.0,2025-12-17T03:46:45.696266+00:00,-6.821210263296962e-13
Hampton,2025,15,-31.179152125886965,11,2.689284540285286,1.0.0,2025-12-17T03:46:45.696266+00:00,-6.821210263296962e-13
ERSKINE,2025,15,-31.688422354422745,1,2.689284540285286,1.0.0,2025-12-17T03:46:45.696266+00:00,-6.821210263296962e-13
Northwestern State,2025,15,-31.907635684160294,11,2.689284540285286,1.0.0,2025-12-17T03:46:45.696266+00:00,-6.821210263296962e-13
Valdosta State,2025,15,-31.96446048791246,2,2.689284540285286,1.0.0,2025-12-17T03:46:45.696266+00:00,-6.821210263296962e-13
West Liberty,2025,15,-32.04375027988388,1,2.689284540285286,1.0.0,2025-12-17T03:46:45.696266+00:00,-6.821210263296962e-13
Grove City College,2025,15,-33.6292163677832,1,2.689284540285286,1.0.0,2025-12-17T03:46:45.696266+00:00,-6.821210263296962e-13
Tuskegee,2025,15,-33.70857903580305,1,2.689284540285286,1.0.0,2025-12-17T03:46:45.696266+00:00,-6.821210263296962e-13
American International,2025,15,-33.86795492572642,1,2.689284540285286,1.0.0,2025-12-17T03:46:45.696266+00:00,-6.821210263296962e-13
Valparaiso,2025,15,-34.022161958335474,11,2.689284540285286,1.0.0,2025-12-17T03:46:45.696266+00:00,-6.821210263296962e-13
Southern,2025,15,-34.12994385097159,11,2.689284540285286,1.0.0,2025-12-17T03:46:45.696266+00:00,-6.821210263296962e-13
Upper Iowa University,2025,15,-34.25218352899348,2,2.689284540285286,1.0.0,2025-12-17T03:46:45.696266+00:00,-6.821210263296962e-13
St. Anselm,2025,15,-34.2665689909841,1,2.689284540285286,1.0.0,2025-12-17T03:46:45.696266+00:00,-6.821210263296962e-13
Allen,2025,15,-34.40065293675628,1,2.689284540285286,1.0.0,2025-12-17T03:46:45.696266+00:00,-6.821210263296962e-13
Arkansas-Pine Bluff,2025,15,-34.4306924117996,10,2.689284540285286,1.0.0,2025-12-17T03:46:45.696266+00:00,-6.821210263296962e-13
Mississippi Valley State,2025,15,-35.28051215846774,9,2.689284540285286,1.0.0,2025-12-17T03:46:45.696266+00:00,-6.821210263296962e-13
Elizabeth City State,2025,15,-35.4544131724295,1,2.689284540285286,1.0.0,2025-12-17T03:46:45.696266+00:00,-6.821210263296962e-13
Johnson C Smith,2025,15,-35.588930798134996,1,2.689284540285286,1.0.0,2025-12-17T03:46:45.696266+00:00,-6.821210263296962e-13
Fayetteville State,2025,15,-38.05180237315293,1,2.689284540285286,1.0.0,2025-12-17T03:46:45.696266+00:00,-6.821210263296962e-13
Northeastern State,2025,15,-38.50999698719692,1,2.689284540285286,1.0.0,2025-12-17T03:46:45.696266+00:00,-6.821210263296962e-13
Davidson,2025,15,-39.21444102683938,11,2.689284540285286,1.0.0,2025-12-17T03:46:45.696266+00:00,-6.821210263296962e-13
Thomas More College,2025,15,-41.50848974839381,2,2.689284540285286,1.0.0,2025-12-17T03:46:45.696266+00:00,-6.821210263296962e-13
Central State (OH),2025,15,-41.72390266953238,1,2.689284540285286,1.0.0,2025-12-17T03:46:45.696266+00:00,-6.821210263296962e-13
Stetson,2025,15,-41.900090367699846,11,2.689284540285286,1.0.0,2025-12-17T03:46:45.696266+00:00,-6.821210263296962e-13
Edward Waters,2025,15,-42.395545511836765,1,2.689284540285286,1.0.0,2025-12-17T03:46:45.696266+00:00,-6.821210263296962e-13
Hillsdale,2025,15,-43.208974554438655,1,2.689284540285286,1.0.0,2025-12-17T03:46:45.696266+00:00,-6.821210263296962e-13
Kentucky Christian,2025,15,-44.39066292676749,1,2.689284540285286,1.0.0,2025-12-17T03:46:45.696266+00:00,-6.821210263296962e-13
Western Oregon,2025,15,-47.14245320498481,1,2.689284540285286,1.0.0,2025-12-17T03:46:45.696266+00:00,-6.821210263296962e-13
Savannah St,2025,15,-47.41745396464757,1,2.689284540285286,1.0.0,2025-12-17T03:46:45.696266+00:00,-6.821210263296962e-13
Lincoln (PA),2025,15,-47.69807469488883,1,2.689284540285286,1.0.0,2025-12-17T03:46:45.696266+00:00,-6.821210263296962e-13
Bentley,2025,15,-49.04396256451071,2,2.689284540285286,1.0.0,2025-12-17T03:46:45.696266+00:00,-6.821210263296962e-13
Sul Ross State,2025,15,-50.0055648859382,1,2.689284540285286,1.0.0,2025-12-17T03:46:45.696266+00:00,-6.821210263296962e-13
Cumberland (TN),2025,15,-52.11591422065102,1,2.689284540285286,1.0.0,2025-12-17T03:46:45.696266+00:00,-6.821210263296962e-13
Louisiana College,2025,15,-52.580229645162454,1,2.689284540285286,1.0.0,2025-12-17T03:46:45.696266+00:00,-6.821210263296962e-13
Morehouse College,2025,15,-53.08073521176476,1,2.689284540285286,1.0.0,2025-12-17T03:46:45.696266+00:00,-6.821210263296962e-13
Southern Connecticut State,2025,15,-53.44994963833497,1,2.689284540285286,1.0.0,2025-12-17T03:46:45.696266+00:00,-6.821210263296962e-13
Ferrum,2025,15,-61.477675890591804,1,2.689284540285286,1.0.0,2025-12-17T03:46:45.696266+00:00,-6.821210263296962e-13
Virginia University Of Lynchburg,2025,15,-65.2802053712456,3,2.689284540285286,1.0.0,2025-12-17T03:46:45.696266+00:00,-6.821210263296962e-13
Lincoln (CA),2025,15,-65.92538414160204,5,2.689284540285286,1.0.0,2025-12-17T03:46:45.696266+00:00,-6.821210263296962e-13
Lane College,2025,15,-68.45031906687267,1,2.689284540285286,1.0.0,2025-12-17T03:46:45.696266+00:00,-6.821210263296962e-13
BLUEFIELD,2025,15,-76.64346730946647,1,2.689284540285286,1.0.0,2025-12-17T03:46:45.696266+00:00,-6.821210263296962e-13
Greensboro College,2025,15,-84.44071577078304,1,2.689284540285286,1.0.0,2025-12-17T03:46:45.696266+00:00,-6.821210263296962e-13
Warner University,2025,15,-85.125680147268,1,2.689284540285286,1.0.0,2025-12-17T03:46:45.696266+00:00,-6.821210263296962e-13
Little Rock,2025,15,-89.68466755524211,1,2.689284540285286,1.0.0,2025-12-17T03:46:45.696266+00:00,-6.821210263296962e-13
