id,start_date,season,season_type,week,neutral_site,home_team,home_conference,home_elo,home_talent,away_team,away_conference,away_talent,away_elo,home_points,away_points,margin,spread,home_adjusted_epa,home_adjusted_epa_allowed,away_adjusted_epa,away_adjusted_epa_allowed,home_adjusted_rushing_epa,home_adjusted_rushing_epa_allowed,away_adjusted_rushing_epa,away_adjusted_rushing_epa_allowed,home_adjusted_passing_epa,home_adjusted_passing_epa_allowed,away_adjusted_passing_epa,away_adjusted_passing_epa_allowed,home_adjusted_success,home_adjusted_success_allowed,away_adjusted_success,away_adjusted_success_allowed,home_adjusted_standard_down_success,home_adjusted_standard_down_success_allowed,away_adjusted_standard_down_success,away_adjusted_standard_down_success_allowed,home_adjusted_passing_down_success,home_adjusted_passing_down_success_allowed,away_adjusted_passing_down_success,away_adjusted_passing_down_success_allowed,home_adjusted_line_yards,home_adjusted_line_yards_allowed,away_adjusted_line_yards,away_adjusted_line_yards_allowed,home_adjusted_second_level_yards,home_adjusted_second_level_yards_allowed,away_adjusted_second_level_yards,away_adjusted_second_level_yards_allowed,home_adjusted_open_field_yards,home_adjusted_open_field_yards_allowed,away_adjusted_open_field_yards,away_adjusted_open_field_yards_allowed,home_adjusted_explosiveness,home_adjusted_explosiveness_allowed,away_adjusted_explosiveness,away_adjusted_explosiveness_allowed,home_adjusted_rush_explosiveness,home_adjusted_rush_explosiveness_allowed,away_adjusted_rush_explosiveness,away_adjusted_rush_explosiveness_allowed,home_adjusted_pass_explosiveness,home_adjusted_pass_explosiveness_allowed,away_adjusted_pass_explosiveness,away_adjusted_pass_explosiveness_allowed,home_total_havoc_offense,home_front_seven_havoc_offense,home_db_havoc_offense,away_total_havoc_offense,away_front_seven_havoc_offense,away_db_havoc_offense,home_total_havoc_defense,home_front_seven_havoc_defense,home_db_havoc_defense,away_total_havoc_defense,away_front_seven_havoc_defense,away_db_havoc_defense,home_points_per_opportunity_offense,away_points_per_opportunity_offense,home_points_per_opportunity_defense,away_points_per_opportunity_defense,home_avg_start_offense,home_avg_start_defense,away_avg_start_offense,away_avg_start_defense
401778123,2025-12-13 17:00:00+00:00,2025,postseason,1,True,Prairie View A&M,SWAC,,,South Carolina State,MEAC,,,38.0,40.0,2.0,,,,,,,,,,,,,,,,,,,,,,,,,,,,,,,,,,,,,,,,,,,,,,,,,,,,,,,,,,,,,,,,,,,,,
401778302,2025-12-14 01:00:00+00:00,2025,postseason,1,True,Washington,Big Ten,,,Boise State,Mountain West,,,38.0,10.0,28.0,,0.19069451290899275,-0.1171297554108427,0.1171297554108427,-0.19069451290899275,0.0678418622668571,-0.1620444341683616,0.1620444341683616,-0.0678418622668571,0.33681399457530314,-0.07370840142511303,0.07370840142511303,-0.33681399457530314,0.13621920458864584,-0.028797769617843083,0.028797769617843083,-0.13621920458864584,0.13218385505509195,-0.03024922732951929,0.03024922732951929,-0.13218385505509195,0.09596279856267176,-0.020336215177713723,0.020336215177713723,-0.09596279856267176,0.25449922990906604,-0.22446236559139798,0.22446236559139798,-0.25449922990906604,0.10138827351942115,-0.23655913978494625,0.23655913978494625,-0.10138827351942115,-0.362686456948752,-0.672201138519924,0.672201138519924,0.362686456948752,-0.1707910453414918,-0.08869926476455214,0.08869926476455214,0.1707910453414918,-0.17729499889020062,-0.2355505603732415,0.2355505603732415,0.17729499889020062,-0.21896856601989056,-0.07579973366380477,0.07579973366380477,0.21896856601989056,0.167,0.111,0.056,0.14400000000000002,0.075,0.069,0.14400000000000002,0.075,0.069,0.167,0.111,0.056,4.578313253012048,3.7021276595744683,2.9859154929577465,4.136986301369863,71.1,69.6,69.4,71.4
401778303,2025-12-17 02:00:00+00:00,2025,postseason,1,True,Jacksonville State,Conference USA,,,Troy,Sun Belt,,,0.0,0.0,0.0,,0.07963146589523237,0.07859465160663237,-0.07859465160663237,-0.07963146589523237,0.12173423529110913,0.10911738719260848,-0.10911738719260848,-0.12173423529110913,0.005812938462243233,0.09010907083004865,-0.09010907083004865,-0.005812938462243233,0.045758058330349016,0.044419134396355364,-0.044419134396355364,-0.045758058330349016,0.03202436118098767,0.04834608512392907,-0.04834608512392907,-0.03202436118098767,0.044574907588606216,0.028231292517006845,-0.028231292517006845,-0.044574907588606216,0.19707093821510302,-0.0992287005163508,0.0992287005163508,-0.19707093821510302,0.2622425629290619,0.21146729776247863,-0.21146729776247863,-0.2622425629290619,0.08302059496567504,0.6501290877796901,-0.6501290877796901,-0.08302059496567504,-0.03642026081058858,-0.00180396503125424,0.00180396503125424,0.03642026081058858,0.14360299918260488,0.19402620705864593,-0.19402620705864593,-0.14360299918260488,-0.1960993356332974,-0.14203464149431788,0.14203464149431788,0.1960993356332974,0.16599999999999998,0.106,0.06,0.16799999999999998,0.104,0.064,0.16799999999999998,0.104,0.064,0.16599999999999998,0.106,0.06,3.7976190476190474,3.8095238095238093,3.914285714285714,3.2,71.5,72.9,69.2,71.2
401778304,2025-12-17 22:00:00+00:00,2025,postseason,1,True,South Florida,American Athletic,,,Old Dominion,Sun Belt,,,0.0,0.0,0.0,,0.30517598653762795,-0.17144552274483782,0.17144552274483782,-0.30517598653762795,0.2171354073977126,-0.15243880472802648,0.15243880472802648,-0.2171354073977126,0.4051076508333533,-0.2221145859275287,0.2221145859275287,-0.4051076508333533,0.09670853580269556,-0.08242895814345763,0.08242895814345763,-0.09670853580269556,0.1059733260432329,-0.08155311138997567,0.08155311138997567,-0.1059733260432329,0.04732762137902896,-0.046805228545912125,0.046805228545912125,-0.04732762137902896,0.4280775870823601,-0.627699572300922,0.627699572300922,-0.4280775870823601,0.2177312887173759,-0.3309500852925906,0.3309500852925906,-0.2177312887173759,0.9874174875596629,-0.8942174095774926,0.8942174095774926,-0.9874174875596629,0.2223531160084271,0.055843645832077904,-0.055843645832077904,-0.2223531160084271,0.22191301366577998,0.06430001132866536,-0.06430001132866536,-0.22191301366577998,0.2003155088243338,-0.22889729969331007,0.22889729969331007,-0.2003155088243338,0.185,0.119,0.066,0.16499999999999998,0.106,0.059,0.16499999999999998,0.106,0.059,0.185,0.119,0.066,4.7215189873417724,4.090909090909091,3.2083333333333335,3.2096774193548385,70.6,71.0,69.7,71.1
401778305,2025-12-18 01:30:00+00:00,2025,postseason,1,True,Delaware,Conference USA,,,Louisiana,Sun Belt,,,0.0,0.0,0.0,,-0.003720232840724591,0.10357294257664754,-0.10357294257664754,0.003720232840724591,-0.11679469182822193,0.047093106586474365,-0.047093106586474365,0.11679469182822193,-0.017759953983095544,0.16770393483836982,-0.16770393483836982,0.017759953983095544,-0.032095675878509644,0.030513784461152882,-0.030513784461152882,0.032095675878509644,-0.028200540809907748,9.825542042402047e-05,-9.825542042402047e-05,0.028200540809907748,0.008389432021920773,0.08697196146245059,-0.08697196146245059,-0.008389432021920773,-0.4642907729664101,-0.0861515410958904,0.0861515410958904,0.4642907729664101,-0.15925359166329434,-0.0607519977168951,0.0607519977168951,0.15925359166329434,0.20112682112505076,0.3689355022831049,-0.3689355022831049,-0.20112682112505076,0.09975505880425706,0.2381119190576675,-0.2381119190576675,-0.09975505880425706,0.003074240976883136,0.28023583796452,-0.28023583796452,-0.003074240976883136,-0.030354124489464063,-0.017122245480589937,0.017122245480589937,0.030354124489464063,0.132,0.083,0.049,0.159,0.107,0.052,0.159,0.107,0.052,0.132,0.083,0.049,3.617283950617284,3.557142857142857,4.1891891891891895,3.4210526315789473,71.3,69.4,72.6,69.9
401838053,2025-12-19 02:00:00+00:00,2025,postseason,1,True,Arkansas State,Sun Belt,,,Missouri State,Conference USA,,,0.0,0.0,0.0,,-0.16459769474243485,0.02330155853935012,-0.02330155853935012,0.16459769474243485,-0.2344770878394608,0.09257871539640589,-0.09257871539640589,0.2344770878394608,-0.10676709211389554,-0.01570044291939421,0.01570044291939421,0.10676709211389554,-0.009287857848246706,0.045789351936398937,-0.045789351936398937,0.009287857848246706,-0.02067381316998468,0.039820070039850275,-0.039820070039850275,0.02067381316998468,0.013080168776371304,0.028225806451612878,-0.028225806451612878,-0.013080168776371304,-0.18985124453198932,0.2819460112812249,-0.2819460112812249,0.18985124453198932,-0.16397636284566774,-0.06073059360730593,0.06073059360730593,0.16397636284566774,-0.7747755237778517,-0.12089712597367708,0.12089712597367708,0.7747755237778517,-0.16898356039882856,-0.2049604013154489,0.2049604013154489,0.16898356039882856,-0.3121539682141018,-0.06587999016830004,0.06587999016830004,0.3121539682141018,-0.09812797026879938,-0.2143231554251448,0.2143231554251448,0.09812797026879938,0.14800000000000002,0.078,0.07,0.14300000000000002,0.095,0.048,0.14300000000000002,0.095,0.048,0.14800000000000002,0.078,0.07,3.259259259259259,3.656716417910448,3.88,3.8955223880597014,70.2,72.0,70.0,71.4
401778306,2025-12-19 16:00:00+00:00,2025,postseason,1,True,Western Michigan,Mid-American,,,Kennesaw State,Conference USA,,,0.0,0.0,0.0,,-0.07001820865892903,-0.10634939502181703,0.10634939502181703,0.07001820865892903,-0.026465567186624156,-0.05004423612961323,0.05004423612961323,0.026465567186624156,-0.14495890742554576,-0.22556980843926402,0.22556980843926402,0.14495890742554576,6.078990401275908e-05,-0.03879129282767685,0.03879129282767685,-6.078990401275908e-05,0.009330957966591946,-0.03861983664939328,0.03861983664939328,-0.009330957966591946,-0.023310387984981223,-0.03433188285923211,0.03433188285923211,0.023310387984981223,0.12237538154050043,-0.09567901234567922,0.09567901234567922,-0.12237538154050043,-0.05179174677659382,-0.05432098765432114,0.05432098765432114,0.05179174677659382,-0.5797460379530963,0.41193415637860076,-0.41193415637860076,0.5797460379530963,-0.1848474626932235,-0.11192448692347967,0.11192448692347967,0.1848474626932235,-0.1349591965964756,-0.0244859668648445,0.0244859668648445,0.1349591965964756,-0.056900743155152256,-0.2790246466395887,0.2790246466395887,0.056900743155152256,0.173,0.108,0.065,0.168,0.113,0.055,0.168,0.113,0.055,0.173,0.108,0.065,3.341463414634146,3.235955056179775,3.2058823529411766,3.5753424657534247,67.9,72.3,70.5,73.4
401778307,2025-12-19 19:30:00+00:00,2025,postseason,1,True,NC State,ACC,,,Memphis,American Athletic,,,0.0,0.0,0.0,,0.08132052939218909,-0.06124579125400931,0.06124579125400931,-0.08132052939218909,0.15887991992124814,-0.18529376335364017,0.18529376335364017,-0.15887991992124814,-0.013730084680810939,0.06287434233617681,-0.06287434233617681,0.013730084680810939,0.016643191450389394,-0.05551866915833059,0.05551866915833059,-0.016643191450389394,0.017132598102077456,-0.07512850929221038,0.07512850929221038,-0.017132598102077456,0.02054720782516417,-0.006647153759881841,0.006647153759881841,-0.02054720782516417,0.35958370818150653,-0.4252224935558271,0.4252224935558271,-0.35958370818150653,0.16885966331622526,-0.36786731786731797,0.36786731786731797,-0.16885966331622526,0.44980486321008106,-0.5650929317595985,0.5650929317595985,-0.44980486321008106,0.09211535101412194,0.08354551032701951,-0.08354551032701951,-0.09211535101412194,0.14640885986322594,-0.08976141452942943,0.08976141452942943,-0.14640885986322594,0.03086863115731253,0.17956599784843408,-0.17956599784843408,-0.03086863115731253,0.175,0.11,0.065,0.14300000000000002,0.078,0.065,0.14300000000000002,0.078,0.065,0.175,0.11,0.065,4.71875,4.605263157894737,3.848101265822785,3.944444444444444,72.3,70.1,70.7,74.0
401779840,2025-12-20 01:00:00+00:00,2025,postseason,1,False,Oklahoma,SEC,,,Alabama,SEC,,,0.0,0.0,0.0,,0.06054641910627634,-0.2570133666583337,0.2570133666583337,-0.06054641910627634,-0.03631522432047199,-0.1562311351906835,0.1562311351906835,0.03631522432047199,0.12372375931092894,-0.31476732441978417,0.31476732441978417,-0.12372375931092894,0.04441763191763187,-0.13765865553274326,0.13765865553274326,-0.04441763191763187,0.05242716310183965,-0.13931994014454452,0.13931994014454452,-0.05242716310183965,0.014454014454014452,-0.10081796223100573,0.10081796223100573,-0.014454014454014452,0.0992994045583866,-0.9035581437467783,0.9035581437467783,-0.0992994045583866,0.03217191038055367,-0.18386993410328922,0.18386993410328922,-0.03217191038055367,-0.25737528304442925,0.21036096908566582,-0.21036096908566582,0.25737528304442925,-0.01157623111452244,0.042031537529550134,-0.042031537529550134,0.01157623111452244,-0.10864279369522944,0.2421630088782858,-0.2421630088782858,0.10864279369522944,0.014072648436669333,-0.0966870850015531,0.0966870850015531,-0.014072648436669333,0.184,0.118,0.066,0.231,0.165,0.066,0.231,0.165,0.066,0.184,0.118,0.066,3.746268656716418,4.265060240963855,2.5090909090909093,3.3333333333333335,68.7,74.5,69.6,71.5
401779841,2025-12-20 17:00:00+00:00,2025,postseason,1,False,Texas A&M,SEC,,,Miami,ACC,,,0.0,0.0,0.0,,0.23794981987047453,-0.12839688173547878,0.12839688173547878,-0.23794981987047453,0.20666226754742256,0.05025504242506501,-0.05025504242506501,-0.20666226754742256,0.28308768745087476,-0.3967525748350722,0.3967525748350722,-0.28308768745087476,0.1151704963088428,-0.15014231499051234,0.15014231499051234,-0.1151704963088428,0.14379633413110732,-0.11588511923538514,0.11588511923538514,-0.14379633413110732,0.008894279361229052,-0.1278784494864897,0.1278784494864897,-0.008894279361229052,0.7536544407719372,-0.5323310278902382,0.5323310278902382,-0.7536544407719372,0.2803870348651242,0.18830128205128216,-0.18830128205128216,-0.2803870348651242,0.44570316664889653,1.3028705578047683,-1.3028705578047683,-0.44570316664889653,-0.03374276729215464,0.3117002823163244,-0.3117002823163244,0.03374276729215464,-0.06466917485181967,0.5146236521248639,-0.5146236521248639,0.06466917485181967,0.10716363996980838,0.07270899257733499,-0.07270899257733499,-0.10716363996980838,0.201,0.125,0.076,0.215,0.157,0.058,0.215,0.157,0.058,0.201,0.125,0.076,4.395348837209302,4.619047619047619,4.096153846153846,2.6206896551724137,67.1,74.2,69.2,74.9
401840097,2025-12-20 18:00:00+00:00,2025,postseason,1,False,Wisconsin-River Falls,Wisconsin,,,Johns Hopkins University,Centennial,,,0.0,0.0,0.0,,,,,,,,,,,,,,,,,,,,,,,,,,,,,,,,,,,,,,,,,,,,,,,,,,,,,,,,,,,,,,,,,,,,,
401779842,2025-12-20 20:30:00+00:00,2025,postseason,1,False,Ole Miss,SEC,,,Tulane,American Athletic,,,0.0,0.0,0.0,,0.1813291296964187,-0.12008315759940481,0.12008315759940481,-0.1813291296964187,0.08680119471681924,0.08127060409457787,-0.08127060409457787,-0.08680119471681924,0.25689631873482033,-0.32390737724563134,0.32390737724563134,-0.25689631873482033,0.04354818907305097,-0.0675115805076894,0.0675115805076894,-0.04354818907305097,0.0317618032755409,-0.05078125,0.05078125,-0.0317618032755409,0.0685811220162365,-0.07718955545042505,0.07718955545042505,-0.0685811220162365,-0.11277068519715572,-0.0945805838395315,0.0945805838395315,0.11277068519715572,-0.053854234001292856,0.016759166193243802,-0.016759166193243802,0.053854234001292856,0.5177561409179057,0.2760509985578814,-0.2760509985578814,-0.5177561409179057,0.11572401766339446,0.07340950398381074,-0.07340950398381074,-0.11572401766339446,0.05574790210728475,0.20248030814023976,-0.20248030814023976,-0.05574790210728475,0.20412503010603245,-0.021730770111499487,0.021730770111499487,-0.20412503010603245,0.16999999999999998,0.103,0.067,0.161,0.097,0.064,0.161,0.097,0.064,0.16999999999999998,0.103,0.067,4.674157303370786,3.9879518072289155,3.015625,3.5454545454545454,72.0,72.4,64.6,73.1
401840095,2025-12-20 21:00:00+00:00,2025,postseason,1,True,Ferris State,GLIAC,,,Harding University,Great American,,,0.0,0.0,0.0,,,,,,,,,,,,,,,,,,,,,,,,,,,,,,,,,,,,,,,,,,,,,,,,,,,,,,,,,,,,,,,,,,,,,
401833989,2025-12-20 21:00:00+00:00,2025,postseason,1,False,Montana State,Big Sky,,,Montana,Big Sky,,,0.0,0.0,0.0,,,,,,,,,,,,,,,,,,,,,,,,,,,,,,,,,,,,,,,,,,,,,,,,,,,,,,,,,,,,,,,,,,,,,
401840096,2025-12-20 21:30:00+00:00,2025,postseason,1,False,North Central College,CCIW,,,John Carroll University,Ohio,,,0.0,0.0,0.0,,,,,,,,,,,,,,,,,,,,,,,,,,,,,,,,,,,,,,,,,,,,,,,,,,,,,,,,,,,,,,,,,,,,,
401779843,2025-12-21 00:30:00+00:00,2025,postseason,1,False,Oregon,Big Ten,,,James Madison,Sun Belt,,,0.0,0.0,0.0,,0.3954519117726283,-0.23192882674937015,0.23192882674937015,-0.3954519117726283,0.3617682197373242,-0.19881635806406317,0.19881635806406317,-0.3617682197373242,0.4419338688443853,-0.25435719556294495,0.25435719556294495,-0.4419338688443853,0.2163341727656672,-0.09478499431786369,0.09478499431786369,-0.2163341727656672,0.24197226525542875,-0.1019611678974911,0.1019611678974911,-0.24197226525542875,0.08433863563574251,-0.05977025248294843,0.05977025248294843,-0.08433863563574251,1.0875018843191873,-0.502828467153285,0.502828467153285,-1.0875018843191873,0.5890021300999508,-0.5308665941916447,0.5308665941916447,-0.5890021300999508,1.4578272980501392,-1.2939509240565306,1.2939509240565306,-1.4578272980501392,-0.09584940445554402,-0.13943029838822474,0.13943029838822474,0.09584940445554402,0.03204880232669427,-0.19661943307738527,0.19661943307738527,-0.03204880232669427,-0.12138237825976605,-0.17100365751573832,0.17100365751573832,0.12138237825976605,0.20600000000000002,0.115,0.091,0.18,0.094,0.086,0.18,0.094,0.086,0.20600000000000002,0.115,0.091,4.4125,3.9479166666666665,3.7727272727272725,3.3333333333333335,69.5,73.5,66.9,72.0
401833990,2025-12-21 00:30:00+00:00,2025,postseason,1,False,Villanova,CAA,,,Illinois State,MVFC,,,0.0,0.0,0.0,,,,,,,,,,,,,,,,,,,,,,,,,,,,,,,,,,,,,,,,,,,,,,,,,,,,,,,,,,,,,,,,,,,,,
401778308,2025-12-22 19:00:00+00:00,2025,postseason,1,True,Utah State,Mountain West,,,Washington State,Pac-12,,,0.0,0.0,0.0,,0.11918114213259068,0.08195386532732106,-0.08195386532732106,-0.11918114213259068,0.09980794509469633,0.13217098906980618,-0.13217098906980618,-0.09980794509469633,0.13013605028576716,0.007105902854330437,-0.007105902854330437,-0.13013605028576716,-0.009902871865894725,0.013143204234518258,-0.013143204234518258,0.009902871865894725,-0.03970208484319693,-0.01371401767639363,0.01371401767639363,0.03970208484319693,0.07128036945318253,0.05473899095946344,-0.05473899095946344,-0.07128036945318253,-0.11502944162436579,0.48292522085355216,-0.48292522085355216,0.11502944162436579,0.12477834179357039,0.26530421799178805,-0.26530421799178805,-0.12477834179357039,0.8031539763113369,0.6739703869603085,-0.6739703869603085,-0.8031539763113369,0.2807601937358204,0.17235903511079842,-0.17235903511079842,-0.2807601937358204,0.3131283125160751,0.18526608359511643,-0.18526608359511643,-0.3131283125160751,0.19671180976648572,0.11545391121101689,-0.11545391121101689,-0.19671180976648572,0.14300000000000002,0.101,0.042,0.129,0.069,0.06,0.129,0.069,0.06,0.14300000000000002,0.101,0.042,4.507462686567164,4.016393442622951,3.819444444444444,3.0597014925373136,72.4,70.9,70.7,69.7
401778309,2025-12-23 19:00:00+00:00,2025,postseason,1,True,Louisville,ACC,,,Toledo,Mid-American,,,0.0,0.0,0.0,,0.24914560013338413,-0.15608308558980377,0.15608308558980377,-0.24914560013338413,0.2376382332837539,-0.05015920711004389,0.05015920711004389,-0.2376382332837539,0.2572543302979334,-0.29530014595163234,0.29530014595163234,-0.2572543302979334,0.1291207345628667,-0.08841264330104448,0.08841264330104448,-0.1291207345628667,0.12955540394564785,-0.08031598371702459,0.08031598371702459,-0.12955540394564785,0.07825630252100843,-0.08325180526438386,0.08325180526438386,-0.07825630252100843,0.47900155400155375,-0.30920634920634926,0.30920634920634926,-0.47900155400155375,0.5723443223443224,-0.30674603174603177,0.30674603174603177,-0.5723443223443224,1.5355755355755356,-0.5361111111111112,0.5361111111111112,-1.5355755355755356,0.060695572401961106,-0.019916841785324157,0.019916841785324157,-0.060695572401961106,0.24707883154566967,0.09847800298726561,-0.09847800298726561,-0.24707883154566967,-0.32055441704879084,-0.19694524872022234,0.19694524872022234,0.32055441704879084,0.20400000000000001,0.129,0.075,0.169,0.1,0.069,0.169,0.1,0.069,0.20400000000000001,0.129,0.075,3.5875,3.8974358974358974,3.3793103448275863,2.2452830188679247,67.6,72.4,68.8,72.7
401778310,2025-12-23 22:30:00+00:00,2025,postseason,1,True,Southern Miss,Sun Belt,,,Western Kentucky,Conference USA,,,0.0,0.0,0.0,,0.0737435748022934,-0.05475018314146406,0.05475018314146406,-0.0737435748022934,0.015221774931588591,0.07830833782601918,-0.07830833782601918,-0.015221774931588591,0.12698545302174444,-0.11667937331840861,0.11667937331840861,-0.12698545302174444,0.03371743996743998,-0.021540679051889833,0.021540679051889833,-0.03371743996743998,0.026550076916848853,-0.008450782686201308,0.008450782686201308,-0.026550076916848853,0.05236938329774965,-0.05293040293040291,0.05293040293040291,-0.05236938329774965,0.14329845003056763,0.030009696186167112,-0.030009696186167112,-0.14329845003056763,-0.08192781194183718,-0.10407239819004532,0.10407239819004532,0.08192781194183718,-1.471308183790652,-0.19780219780219777,0.19780219780219777,1.471308183790652,-0.0033668963739246216,0.011736252613866016,-0.011736252613866016,0.0033668963739246216,-0.21859774908616247,0.16444165613195694,-0.16444165613195694,0.21859774908616247,0.21281331753676813,-0.024686856952820246,0.024686856952820246,-0.21281331753676813,0.15500000000000003,0.085,0.07,0.168,0.084,0.084,0.168,0.084,0.084,0.15500000000000003,0.085,0.07,3.7142857142857144,4.1866666666666665,3.8904109589041096,2.76,70.2,72.9,72.5,70.8
401778311,2025-12-24 02:00:00+00:00,2025,postseason,1,True,Ohio,Mid-American,,,UNLV,Mountain West,,,0.0,0.0,0.0,,-0.0031510765719375,-0.18393329088674035,0.18393329088674035,0.0031510765719375,-0.009725012228428281,-0.18942039307577896,0.18942039307577896,0.009725012228428281,0.01660269159891259,-0.162000953039543,0.162000953039543,-0.01660269159891259,0.009006113951477324,-0.05796554603655707,0.05796554603655707,-0.009006113951477324,-0.0035146802884071793,-0.04175008984034084,0.04175008984034084,0.0035146802884071793,0.022864019253910906,-0.092894005557761,0.092894005557761,-0.022864019253910906,0.18625668449197885,-0.21139685409943043,0.21139685409943043,-0.18625668449197885,-0.11962269756387389,-0.16624054702983648,0.16624054702983648,0.11962269756387389,-0.16702317290552582,-0.6986246414906803,0.6986246414906803,0.16702317290552582,-0.11217972529480846,-0.09314081353424508,0.09314081353424508,0.11217972529480846,-0.015591768040764453,-0.11957853450793987,0.11957853450793987,0.015591768040764453,-0.14607585770882614,-0.02031050981017235,0.02031050981017235,0.14607585770882614,0.152,0.087,0.065,0.144,0.086,0.058,0.144,0.086,0.058,0.152,0.087,0.065,3.597560975609756,4.54320987654321,2.8529411764705883,3.851851851851852,69.6,71.3,71.7,72.1
401778312,2025-12-25 01:00:00+00:00,2025,postseason,1,False,Hawai'i,Mountain West,,,California,ACC,,,0.0,0.0,0.0,,0.006256270219807486,0.03839896775011936,-0.03839896775011936,-0.006256270219807486,-0.18233557905524284,0.14465611061820924,-0.14465611061820924,0.18233557905524284,0.15527240044859547,0.0027167078755463148,-0.0027167078755463148,-0.15527240044859547,-0.010145470437660009,0.01071952171512347,-0.01071952171512347,0.010145470437660009,-0.04701110446173279,0.039615305341778095,-0.039615305341778095,0.04701110446173279,0.07171897869572291,-0.04132243751587311,0.04132243751587311,-0.07171897869572291,-0.44854675449871495,0.6210446506568212,-0.6210446506568212,0.44854675449871495,-0.0998553984575834,0.4720377115920291,-0.4720377115920291,0.0998553984575834,-0.48494537275064276,0.5707751644113332,-0.5707751644113332,0.48494537275064276,0.1566584572364682,0.031991075761667265,-0.031991075761667265,-0.1566584572364682,-0.09855742255005706,0.13205582853457998,-0.13205582853457998,0.09855742255005706,0.17481964928806204,0.11058626154032236,-0.11058626154032236,-0.17481964928806204,0.161,0.084,0.077,0.164,0.098,0.066,0.164,0.098,0.066,0.161,0.084,0.077,3.6666666666666665,3.734375,3.3384615384615386,3.5671641791044775,70.5,71.0,72.8,70.6
401778313,2025-12-26 18:00:00+00:00,2025,postseason,1,True,Northwestern,Big Ten,,,Central Michigan,Mid-American,,,0.0,0.0,0.0,,0.06652685112987794,0.037384087057449,-0.037384087057449,-0.06652685112987794,0.07428658346237715,0.16376849350511777,-0.16376849350511777,-0.07428658346237715,0.07870336655175508,-0.18917483569188187,0.18917483569188187,-0.07870336655175508,0.029394204490306775,0.04800356459321148,-0.04800356459321148,-0.029394204490306775,0.010385134515338568,0.022561783737428842,-0.022561783737428842,-0.010385134515338568,0.06171929824561401,0.0910633484162896,-0.0910633484162896,-0.06171929824561401,0.05418720419823897,0.4082893176070366,-0.4082893176070366,-0.05418720419823897,-0.03401260452683985,0.15469662720171895,-0.15469662720171895,0.03401260452683985,-0.037065646533755325,0.4983494102638706,-0.4983494102638706,0.037065646533755325,0.006948787624134978,-0.004776013701090154,0.004776013701090154,-0.006948787624134978,0.04415395163839453,0.10134762993133573,-0.10134762993133573,-0.04415395163839453,-0.006582499437941092,-0.29613935182895257,0.29613935182895257,0.006582499437941092,0.166,0.098,0.068,0.14200000000000002,0.08,0.062,0.14200000000000002,0.08,0.062,0.166,0.098,0.068,3.1746031746031744,3.656716417910448,3.417910447761194,3.090909090909091,72.7,70.5,70.5,71.1
401778314,2025-12-26 21:30:00+00:00,2025,postseason,1,True,Minnesota,Big Ten,,,New Mexico,Mountain West,,,0.0,0.0,0.0,,-0.0029451964020296567,-0.005814284731013003,0.005814284731013003,0.0029451964020296567,-0.013590436466206467,-0.0340462540094081,0.0340462540094081,0.013590436466206467,-0.034819566962153936,-0.011017762386360486,0.011017762386360486,0.034819566962153936,0.0049586776859503745,0.018806017925736218,-0.018806017925736218,-0.0049586776859503745,0.0033399455990862914,0.01728251299383682,-0.01728251299383682,-0.0033399455990862914,0.00040551500405516805,0.024107798785910406,-0.024107798785910406,-0.00040551500405516805,0.11924006292266043,-0.37503125694598793,0.37503125694598793,-0.11924006292266043,-0.10990383211974764,0.10874638808624137,-0.10874638808624137,0.10990383211974764,0.09468400823832768,-0.1598758057346077,0.1598758057346077,-0.09468400823832768,-0.08863702157426734,-0.01589727588056622,0.01589727588056622,0.08863702157426734,-0.12836449665460326,-0.02753959029658637,0.02753959029658637,0.12836449665460326,-0.09912604466112485,-0.1034982323183784,0.1034982323183784,0.09912604466112485,0.172,0.109,0.063,0.176,0.131,0.045,0.176,0.131,0.045,0.172,0.109,0.063,3.7868852459016393,3.9558823529411766,3.8412698412698414,3.1194029850746268,69.3,73.3,71.6,71.3
401778315,2025-12-27 01:00:00+00:00,2025,postseason,1,True,UTSA,American Athletic,,,Florida International,Conference USA,,,0.0,0.0,0.0,,0.058727839586672326,-0.021528911843839593,0.021528911843839593,-0.058727839586672326,0.021137330734814913,-0.08457879416593084,0.08457879416593084,-0.021137330734814913,0.09375967696306506,0.05609562293238285,-0.05609562293238285,-0.09375967696306506,0.021816274079837772,-0.028058231264753764,0.028058231264753764,-0.021816274079837772,0.002785617867222978,-0.029562519435233914,0.029562519435233914,-0.002785617867222978,0.058195592286501396,-0.009176340519624127,0.009176340519624127,-0.058195592286501396,-0.4348564593301436,-0.029845679012345805,0.029845679012345805,0.4348564593301436,-0.2042378673957621,-0.11250000000000016,0.11250000000000016,0.2042378673957621,0.8443609022556391,-0.3526234567901234,0.3526234567901234,-0.8443609022556391,0.05394737348020606,0.09217953956026115,-0.09217953956026115,-0.05394737348020606,0.20638797087436178,-0.17137431485251242,0.17137431485251242,-0.20638797087436178,-0.1134616786620255,0.4346463805281169,-0.4346463805281169,0.1134616786620255,0.16899999999999998,0.095,0.074,0.176,0.11,0.066,0.176,0.11,0.066,0.16899999999999998,0.095,0.074,3.9696969696969697,4.205128205128205,4.316666666666666,3.36,69.3,73.6,69.7,70.1
401778316,2025-12-27 16:00:00+00:00,2025,postseason,1,True,East Carolina,American Athletic,,,Pittsburgh,ACC,,,0.0,0.0,0.0,,0.1277303328194487,-0.13568161670457668,0.13568161670457668,-0.1277303328194487,0.1773972485884271,-0.10398215982955591,0.10398215982955591,-0.1773972485884271,0.12120351561730608,-0.17260218151927098,0.17260218151927098,-0.12120351561730608,0.10705339180971024,-0.029067371954507704,0.029067371954507704,-0.10705339180971024,0.09267746122839382,-0.008395522388059684,0.008395522388059684,-0.09267746122839382,0.09000673400673398,-0.05324909747292417,0.05324909747292417,-0.09000673400673398,0.7914930693069309,-0.44598234337489373,0.44598234337489373,-0.7914930693069309,0.07440264026402643,-0.04871060171919761,0.04871060171919761,-0.07440264026402643,-0.09164356435643561,-0.05208704406412146,0.05208704406412146,0.09164356435643561,-0.16943340521579908,-0.10436163161836731,0.10436163161836731,0.16943340521579908,-0.05798875628143829,0.07743529938256155,-0.07743529938256155,0.05798875628143829,-0.1303652369723023,-0.20769582748136717,0.20769582748136717,0.1303652369723023,0.185,0.119,0.066,0.19,0.135,0.055,0.19,0.135,0.055,0.185,0.119,0.066,4.060975609756097,3.741573033707865,3.1333333333333333,4.2063492063492065,70.4,70.4,65.7,70.4
401778317,2025-12-27 17:00:00+00:00,2025,postseason,1,True,Clemson,ACC,,,Penn State,Big Ten,,,0.0,0.0,0.0,,0.07733150062009633,-0.14786198457848349,0.14786198457848349,-0.07733150062009633,-0.0010398719483218355,-0.18666321978027475,0.18666321978027475,0.0010398719483218355,0.0902265784864712,-0.13798853436286954,0.13798853436286954,-0.0902265784864712,0.019682156216418167,-0.0992009485513971,0.0992009485513971,-0.019682156216418167,0.024216663409549866,-0.10227604958484388,0.10227604958484388,-0.024216663409549866,-5.908070424198719e-05,-0.03337219469542407,0.03337219469542407,5.908070424198719e-05,0.1182638995572809,-0.441581508515815,0.441581508515815,-0.1182638995572809,-0.05811907322318888,0.028033759124087787,-0.028033759124087787,0.05811907322318888,-0.38721841263634194,-0.2913017031630172,0.2913017031630172,0.38721841263634194,0.03652155802045054,0.1538058441704655,-0.1538058441704655,-0.03652155802045054,-0.023977723075221946,-0.06894403342609634,0.06894403342609634,0.023977723075221946,-0.015221358358065595,0.2500380939852769,-0.2500380939852769,0.015221358358065595,0.154,0.109,0.045,0.202,0.116,0.086,0.202,0.116,0.086,0.154,0.109,0.045,3.918918918918919,4.463768115942029,2.6857142857142855,3.442622950819672,69.5,73.3,67.9,73.3
401778318,2025-12-27 19:15:00+00:00,2025,postseason,1,True,Army,American Athletic,,,UConn,FBS Independents,,,0.0,0.0,0.0,,-0.026849163810504284,-0.14499291829512587,0.14499291829512587,0.026849163810504284,-0.04516276343343617,-0.12606424729050023,0.12606424729050023,0.04516276343343617,0.19092769249424546,-0.1319598231019024,0.1319598231019024,-0.19092769249424546,-0.04465626632615732,-0.010826739283435582,0.010826739283435582,0.04465626632615732,-0.04548445648418781,-0.02128634171314636,0.02128634171314636,0.04548445648418781,-0.043949834117175235,-0.007545728935597684,0.007545728935597684,0.043949834117175235,-0.30987670411594515,0.19199988722307948,-0.19199988722307948,0.30987670411594515,-0.5055066079295154,-0.14121080120953233,0.14121080120953233,0.5055066079295154,-0.4173682975783959,-0.8011954353541548,0.8011954353541548,0.4173682975783959,-0.0451039160233313,-0.23673228267552004,0.23673228267552004,0.0451039160233313,0.022625186716489942,-0.2386881822123037,0.2386881822123037,-0.022625186716489942,0.9899610020427254,-0.1389183146975972,0.1389183146975972,-0.9899610020427254,0.153,0.096,0.057,0.128,0.076,0.052,0.128,0.076,0.052,0.153,0.096,0.057,3.5,4.597402597402597,3.734375,3.609375,69.7,69.8,69.5,75.4
401778319,2025-12-27 20:30:00+00:00,2025,postseason,1,True,BYU,Big 12,,,Georgia Tech,ACC,,,0.0,0.0,0.0,,0.029546648253779895,-0.22608035968848633,0.22608035968848633,-0.029546648253779895,0.09758276300471222,-0.14868622119021863,0.14868622119021863,-0.09758276300471222,0.016582627243854675,-0.32602209870841065,0.32602209870841065,-0.016582627243854675,0.022895840051596283,-0.11428208386277,0.11428208386277,-0.022895840051596283,0.023027762915403316,-0.08388574076054023,0.08388574076054023,-0.023027762915403316,0.01117309730100352,-0.12539565697460436,0.12539565697460436,-0.01117309730100352,0.044755112956218035,-0.6651113473920489,0.6651113473920489,-0.044755112956218035,0.15622341644805537,-0.28266879319510896,0.28266879319510896,-0.15622341644805537,-0.5969589690038968,-0.08105617579301794,0.08105617579301794,0.5969589690038968,-0.07278400402280183,0.04267370771355017,-0.04267370771355017,0.07278400402280183,-0.03720317704190801,0.08190180337350006,-0.08190180337350006,0.03720317704190801,0.025679959420121135,-0.08445210284542104,0.08445210284542104,-0.025679959420121135,0.139,0.092,0.047,0.162,0.097,0.065,0.162,0.097,0.065,0.139,0.092,0.047,4.035294117647059,3.6666666666666665,3.323943661971831,3.515625,71.2,70.4,71.0,73.4
401778320,2025-12-27 21:30:00+00:00,2025,postseason,1,True,Fresno State,Mountain West,,,Miami (OH),Mid-American,,,0.0,0.0,0.0,,0.016216049393992807,-0.019429797278982697,0.019429797278982697,-0.016216049393992807,-0.011973827841840173,-0.014344320964946318,0.014344320964946318,0.011973827841840173,0.04082875764863714,-0.04661082791745619,0.04661082791745619,-0.04082875764863714,0.004414374871610727,-0.013855014568815327,0.013855014568815327,-0.004414374871610727,-0.005029921071989518,-0.010209790209790182,0.010209790209790182,0.005029921071989518,0.01777003484320555,-0.013624461900323959,0.013624461900323959,-0.01777003484320555,0.16416666666666657,-0.2436457449816225,0.2436457449816225,-0.16416666666666657,0.20861344537815119,-0.030145603618886074,0.030145603618886074,-0.20861344537815119,0.3644257703081233,0.10208156629912357,-0.10208156629912357,-0.3644257703081233,0.017681452436203893,-0.03724194322510055,0.03724194322510055,-0.017681452436203893,0.05273544680977493,-0.04109459696965845,0.04109459696965845,-0.05273544680977493,0.034559970753593294,-0.10479782834272355,0.10479782834272355,-0.034559970753593294,0.185,0.111,0.074,0.173,0.096,0.077,0.173,0.096,0.077,0.185,0.111,0.074,3.3466666666666667,3.5194805194805197,3.4833333333333334,3.4615384615384617,66.3,71.8,68.3,72.9
401778321,2025-12-27 22:45:00+00:00,2025,postseason,1,True,San Diego State,Mountain West,,,North Texas,American Athletic,,,0.0,0.0,0.0,,-0.04955359574516256,-0.41348419654326973,0.41348419654326973,0.04955359574516256,-0.022002172272680087,-0.2779710205719289,0.2779710205719289,0.022002172272680087,-0.09833445710754096,-0.5591744420046856,0.5591744420046856,0.09833445710754096,-0.008504182384779402,-0.1816137787113542,0.1816137787113542,0.008504182384779402,0.018404907975460127,-0.16138501357237556,0.16138501357237556,-0.018404907975460127,-0.06722027972027975,-0.16654693486590036,0.16654693486590036,0.06722027972027975,0.07121912842721345,-0.5428164078603821,0.5428164078603821,-0.07121912842721345,0.09688104288749866,-0.5381338463652604,0.5381338463652604,-0.09688104288749866,-0.17203893917224866,-0.6168808116897989,0.6168808116897989,0.17203893917224866,-0.051520490019583365,-0.18658829926643072,0.18658829926643072,0.051520490019583365,-0.08805236300380537,-0.2248423457633304,0.2248423457633304,0.08805236300380537,0.04093254960522863,-0.11029482372052568,0.11029482372052568,-0.04093254960522863,0.137,0.095,0.042,0.158,0.088,0.07,0.158,0.088,0.07,0.137,0.095,0.042,3.411764705882353,5.061855670103093,2.061224489795918,3.985074626865672,68.4,74.8,66.4,71.6
401778322,2025-12-28 00:30:00+00:00,2025,postseason,1,True,Missouri,SEC,,,Virginia,ACC,,,0.0,0.0,0.0,,0.1562367574733924,-0.15973148301438433,0.15973148301438433,-0.1562367574733924,0.19809518037934873,-0.1586062242637895,0.1586062242637895,-0.19809518037934873,0.075477228244658,-0.19058607191560914,0.19058607191560914,-0.075477228244658,0.08945913641117587,-0.06922548803709994,0.06922548803709994,-0.08945913641117587,0.07261144334621411,-0.06515652187794324,0.06515652187794324,-0.07261144334621411,0.10399975348206583,-0.06375695335900727,0.06375695335900727,-0.10399975348206583,0.3222542149448415,-0.3457717783482024,0.3457717783482024,-0.3222542149448415,0.3927704155970304,-0.13016448569052275,0.13016448569052275,-0.3927704155970304,1.3037188649136195,-0.004858580600381579,0.004858580600381579,-1.3037188649136195,0.019841847636659082,-0.051456136567477495,0.051456136567477495,-0.019841847636659082,0.17385183373089486,-0.15285017948816093,0.15285017948816093,-0.17385183373089486,-0.08342317463250026,0.03660265734333601,-0.03660265734333601,0.08342317463250026,0.186,0.098,0.088,0.21200000000000002,0.131,0.081,0.21200000000000002,0.131,0.081,0.186,0.098,0.088,4.013333333333334,3.696629213483146,3.5833333333333335,3.142857142857143,72.2,72.3,69.5,73.6
401778323,2025-12-28 02:15:00+00:00,2025,postseason,1,True,Houston,Big 12,,,LSU,SEC,,,0.0,0.0,0.0,,0.02684456968323902,0.020928661209390145,-0.020928661209390145,-0.02684456968323902,-0.0612763798323599,0.027508232593610724,-0.027508232593610724,0.0612763798323599,0.1624454514932613,0.00861803833569491,-0.00861803833569491,-0.1624454514932613,0.03320980615735464,0.013839917562634974,-0.013839917562634974,-0.03320980615735464,0.050469685975798206,0.04446288664144149,-0.04446288664144149,-0.050469685975798206,-0.027351397361327856,-0.0679002102002434,0.0679002102002434,0.027351397361327856,-0.01712981777841227,0.21383375227528845,-0.21383375227528845,0.01712981777841227,-0.1657019210702636,0.005258443847331762,-0.005258443847331762,0.1657019210702636,-0.1764166382917962,-0.7666854468232642,0.7666854468232642,0.1764166382917962,-0.03413806072210046,-0.10682557582521235,0.10682557582521235,0.03413806072210046,-0.13416530403969895,-0.15193420257100443,0.15193420257100443,0.13416530403969895,0.17389077704481837,0.09275902721056384,-0.09275902721056384,-0.17389077704481837,0.178,0.091,0.087,0.15999999999999998,0.088,0.072,0.15999999999999998,0.088,0.072,0.178,0.091,0.087,3.3875,3.2027027027027026,3.7704918032786887,2.982456140350877,69.3,70.7,70.4,72.4
401778324,2025-12-29 19:00:00+00:00,2025,postseason,1,True,App State,Sun Belt,,,Georgia Southern,Sun Belt,,,0.0,0.0,0.0,,-0.181899585592804,-0.02187978015972286,0.02187978015972286,0.181899585592804,-0.2163606423329464,-0.09720315401484043,0.09720315401484043,0.2163606423329464,-0.16160538477939784,0.03554131757657064,-0.03554131757657064,0.16160538477939784,-0.08477417481522909,0.0080588590352208,-0.0080588590352208,0.08477417481522909,-0.08864759743942957,0.02589930563619053,-0.02589930563619053,0.08864759743942957,-0.057539576781621415,-0.022071678321678334,0.022071678321678334,0.057539576781621415,-0.40855330945488477,-0.3768555357387844,0.3768555357387844,0.40855330945488477,-0.46004857465286286,-0.04428216864765089,0.04428216864765089,0.46004857465286286,-0.7239585888818018,0.058780977562703396,-0.058780977562703396,0.7239585888818018,-0.05058426517006542,-0.04285322930294155,0.04285322930294155,0.05058426517006542,-0.31608376428937646,-0.06681788630743368,0.06681788630743368,0.31608376428937646,0.06147152594004979,-0.04659985830444269,0.04659985830444269,-0.06147152594004979,0.149,0.091,0.058,0.16999999999999998,0.099,0.071,0.16999999999999998,0.099,0.071,0.149,0.091,0.058,3.688311688311688,4.013333333333334,4.184210526315789,4.45,72.0,68.9,71.5,71.7
401778325,2025-12-30 19:00:00+00:00,2025,postseason,1,True,Louisiana Tech,Conference USA,,,Coastal Carolina,Sun Belt,,,0.0,0.0,0.0,,-0.06527388907233223,-0.018662238410364095,0.018662238410364095,0.06527388907233223,-0.048016270415749324,-0.019163116237356538,0.019163116237356538,0.048016270415749324,-0.10917530189080996,0.0009458361390230763,-0.0009458361390230763,0.10917530189080996,-0.03925522960552702,0.009971633470983288,-0.009971633470983288,0.03925522960552702,-0.028609479617751843,0.00109067905678073,-0.00109067905678073,0.028609479617751843,-0.07119150348489878,0.029685823007122636,-0.029685823007122636,0.07119150348489878,-0.10305430275696503,0.034470636889991635,-0.034470636889991635,0.10305430275696503,-0.16233541863679335,0.1329423264907137,-0.1329423264907137,0.16233541863679335,-0.2762239033971048,0.26109105947815636,-0.26109105947815636,0.2762239033971048,-0.04336152494509826,0.11016253115862673,-0.11016253115862673,0.04336152494509826,0.017442408121778108,0.12722163183992352,-0.12722163183992352,-0.017442408121778108,-0.02618361550530035,-0.07189883797320507,0.07189883797320507,0.02618361550530035,0.147,0.095,0.052,0.193,0.093,0.1,0.193,0.093,0.1,0.147,0.095,0.052,3.328358208955224,3.819672131147541,3.0476190476190474,3.6292134831460676,71.7,73.5,69.5,69.3
401778326,2025-12-30 22:30:00+00:00,2025,postseason,1,True,Illinois,Big Ten,,,Tennessee,SEC,,,0.0,0.0,0.0,,0.065713966219203,-0.13196931601426173,0.13196931601426173,-0.065713966219203,-0.016552243670471395,-0.16920705033559247,0.16920705033559247,0.016552243670471395,0.21614393181760272,-0.110710568254619,0.110710568254619,-0.21614393181760272,0.031221957815366463,-0.05760721168720212,0.05760721168720212,-0.031221957815366463,0.003660764917144399,-0.07735611198052506,0.07735611198052506,-0.003660764917144399,0.08229668271803103,0.007585568917668817,-0.007585568917668817,-0.08229668271803103,0.11650106048727693,-0.059703178339086005,0.059703178339086005,-0.11650106048727693,0.012993248129713697,-0.16128319840483596,0.16128319840483596,-0.012993248129713697,-0.3980382504694707,-0.39388183923422027,0.39388183923422027,0.3980382504694707,0.017222789331135857,-0.07414901680449426,0.07414901680449426,-0.017222789331135857,-0.02332421731549461,-0.04721876465881081,0.04721876465881081,0.02332421731549461,0.04362370428726803,-0.18334864519249328,0.18334864519249328,-0.04362370428726803,0.185,0.12,0.065,0.154,0.09,0.064,0.154,0.09,0.064,0.185,0.12,0.065,4.301369863013699,4.658823529411765,4.271186440677966,4.164383561643835,69.4,71.5,71.6,72.5
401778327,2025-12-31 02:00:00+00:00,2025,postseason,1,True,TCU,Big 12,,,USC,Big Ten,,,0.0,0.0,0.0,,0.05422582607020296,-0.21931120420989414,0.21931120420989414,-0.05422582607020296,-0.07784004230145956,-0.20100203838717068,0.20100203838717068,0.07784004230145956,0.22632556927342823,-0.2212593401068374,0.2212593401068374,-0.22632556927342823,-0.0036725720936247597,-0.09502613000825155,0.09502613000825155,0.0036725720936247597,-0.001908396946564861,-0.09168978966304775,0.09168978966304775,0.001908396946564861,0.006313131313131326,-0.07762410003789316,0.07762410003789316,-0.006313131313131326,-0.5851494682379994,-0.3923502298172483,0.3923502298172483,0.5851494682379994,-0.30523138832998,-0.29224715240546373,0.29224715240546373,0.30523138832998,0.1475352112676056,-0.9674690281550439,0.9674690281550439,-0.1475352112676056,0.11283729090515249,-0.06763027486720641,0.06763027486720641,-0.11283729090515249,0.008049397330991304,-0.18426267907199811,0.18426267907199811,-0.008049397330991304,0.09330695054028482,0.04437850612648053,-0.04437850612648053,-0.09330695054028482,0.158,0.108,0.05,0.15,0.094,0.056,0.15,0.094,0.056,0.158,0.108,0.05,4.04,4.7215189873417724,3.460526315789474,3.370967741935484,69.6,71.2,73.1,72.6
401778328,2025-12-31 17:00:00+00:00,2025,postseason,1,True,Vanderbilt,SEC,,,Iowa,Big Ten,,,0.0,0.0,0.0,,0.3879422752455359,0.041348233344651125,-0.041348233344651125,-0.3879422752455359,0.29339274288503303,-0.1580575320803133,0.1580575320803133,-0.29339274288503303,0.4295149153971621,0.13452295681149978,-0.13452295681149978,-0.4295149153971621,0.12619283746556476,-0.024077137250470004,0.024077137250470004,-0.12619283746556476,0.08028370191597295,-0.03711877014629311,0.03711877014629311,-0.08028370191597295,0.23151518053826264,0.05849540177898385,-0.05849540177898385,-0.23151518053826264,0.44206039341569925,-0.6478605935127675,0.6478605935127675,-0.44206039341569925,0.4530476652607218,0.02117322291235313,-0.02117322291235313,-0.4530476652607218,1.5273487365159943,0.10578329882677717,-0.10578329882677717,-1.5273487365159943,0.37025787228708706,0.2248789958996189,-0.2248789958996189,-0.37025787228708706,0.421834357561252,0.034715294944543285,-0.034715294944543285,-0.421834357561252,0.25226973300690125,0.02209420108955107,-0.02209420108955107,-0.25226973300690125,0.17,0.101,0.069,0.173,0.113,0.06,0.173,0.113,0.06,0.17,0.101,0.069,5.064935064935065,4.394366197183099,3.796875,3.2745098039215685,69.8,72.2,67.0,73.1
401778329,2025-12-31 19:00:00+00:00,2025,postseason,1,True,Duke,ACC,,,Arizona State,Big 12,,,0.0,0.0,0.0,,0.15748540756813162,0.10034691714328331,-0.10034691714328331,-0.15748540756813162,0.06065949196422574,-0.026757789753519015,0.026757789753519015,-0.06065949196422574,0.2440532330085294,0.18730463754584684,-0.18730463754584684,-0.2440532330085294,0.055031961577001465,0.04080324324040285,-0.04080324324040285,-0.055031961577001465,0.04922564411524971,0.030553662396469894,-0.030553662396469894,-0.04922564411524971,0.05703822892970095,0.058496063480255434,-0.058496063480255434,-0.05703822892970095,0.0837449457296704,-0.3263295161255342,0.3263295161255342,-0.0837449457296704,0.19955333598119585,-0.1840880994209122,0.1840880994209122,-0.19955333598119585,0.6349075092946486,-0.3390049233305137,0.3390049233305137,-0.6349075092946486,0.11984175104993167,0.07582327085219309,-0.07582327085219309,-0.11984175104993167,0.04461993389440344,0.037384886718026755,-0.037384886718026755,-0.04461993389440344,0.138704186957205,0.014106023358254838,-0.014106023358254838,-0.138704186957205,0.19,0.111,0.079,0.177,0.118,0.059,0.177,0.118,0.059,0.19,0.111,0.079,4.27906976744186,3.32,4.447368421052632,3.3157894736842106,69.0,72.5,72.5,68.0
401778330,2025-12-31 20:00:00+00:00,2025,postseason,1,True,Texas,SEC,,,Michigan,Big Ten,,,0.0,0.0,0.0,,0.07085079151200754,-0.11141949277714247,0.11141949277714247,-0.07085079151200754,0.02773378244093781,-0.23960006380967908,0.23960006380967908,-0.02773378244093781,0.08783438464235657,-0.03591668638907253,0.03591668638907253,-0.08783438464235657,-0.014606905495218037,-0.06964386295241315,0.06964386295241315,0.014606905495218037,-0.014537493996366502,-0.08064359794513903,0.08064359794513903,0.014537493996366502,0.001939958290896715,-0.01883561643835613,0.01883561643835613,-0.001939958290896715,0.19916661005050162,-0.7581304881503166,0.7581304881503166,-0.19916661005050162,0.2634765344867934,-0.1943033393132535,0.1943033393132535,-0.2634765344867934,-0.018230405145277073,-1.0531457526830956,1.0531457526830956,0.018230405145277073,0.2576053910874272,0.04698078194807853,-0.04698078194807853,-0.2576053910874272,0.055606531586763985,-0.12092958497538242,0.12092958497538242,-0.055606531586763985,0.43430246922237714,0.016681171800288164,-0.016681171800288164,-0.43430246922237714,0.168,0.1,0.068,0.179,0.113,0.066,0.179,0.113,0.066,0.168,0.1,0.068,3.3974358974358974,3.670886075949367,3.8214285714285716,3.6666666666666665,68.7,74.5,69.3,72.4
401778331,2025-12-31 20:30:00+00:00,2025,postseason,1,True,Utah,Big 12,,,Nebraska,Big Ten,,,0.0,0.0,0.0,,0.17496951594398732,-0.12365857836103417,0.12365857836103417,-0.17496951594398732,0.12791017156372286,0.04927739646500409,-0.04927739646500409,-0.12791017156372286,0.22736892315815155,-0.296616536666302,0.296616536666302,-0.22736892315815155,0.07718299328530959,-0.09508068130883007,0.09508068130883007,-0.07718299328530959,0.07739693027737626,-0.08942350497106388,0.08942350497106388,-0.07739693027737626,0.05965327029156814,-0.059496567505720854,0.059496567505720854,-0.05965327029156814,0.42725979568084815,-0.24208591903073273,0.24208591903073273,-0.42725979568084815,0.2056697846171529,0.08287160165484653,-0.08287160165484653,-0.2056697846171529,0.3886949150107044,0.7746934101654845,-0.7746934101654845,-0.3886949150107044,-0.022293958179896434,0.25424609924359687,-0.25424609924359687,0.022293958179896434,-0.05000346464207439,0.32453878320769936,-0.32453878320769936,0.05000346464207439,0.07214393728681534,0.24583094590633991,-0.24583094590633991,-0.07214393728681534,0.14600000000000002,0.101,0.045,0.173,0.099,0.074,0.173,0.099,0.074,0.14600000000000002,0.101,0.045,4.949367088607595,3.9078947368421053,2.8358208955223883,4.192982456140351,71.5,73.3,67.3,72.5
401778332,2026-01-02 18:00:00+00:00,2025,postseason,1,True,Texas State,Sun Belt,,,Rice,American Athletic,,,0.0,0.0,0.0,,0.07689510440009095,0.12730494812046977,-0.12730494812046977,-0.07689510440009095,0.11006638687988157,0.05982542402264702,-0.05982542402264702,-0.11006638687988157,0.04396975414808896,0.17685552782768327,-0.17685552782768327,-0.04396975414808896,0.04853507582853889,0.05756797759365151,-0.05756797759365151,-0.04853507582853889,0.046373997812878265,0.023086036813209254,-0.023086036813209254,-0.046373997812878265,0.0480012229610946,0.13437616708322558,-0.13437616708322558,-0.0480012229610946,0.1385113578661965,0.07343969137572737,-0.07343969137572737,-0.1385113578661965,0.025120476733379915,0.23620992421891263,-0.23620992421891263,-0.025120476733379915,0.2033302355883,0.07003366738820427,-0.07003366738820427,-0.2033302355883,-0.1508062398008181,0.10452917279102558,-0.10452917279102558,0.1508062398008181,0.0074250316525208415,-0.0016808102992211804,0.0016808102992211804,-0.0074250316525208415,-0.2719992670181324,-0.10392822004908142,0.10392822004908142,0.2719992670181324,0.134,0.08,0.054,0.14600000000000002,0.098,0.048,0.14600000000000002,0.098,0.048,0.134,0.08,0.054,4.592105263157895,3.3333333333333335,4.103896103896104,3.8028169014084505,73.4,69.2,73.4,70.7
401778333,2026-01-02 21:30:00+00:00,2025,postseason,1,True,Cincinnati,Big 12,,,Navy,American Athletic,,,0.0,0.0,0.0,,0.09812557985768858,-0.11859694362333728,0.11859694362333728,-0.09812557985768858,0.12748329118312987,-0.15644996175956077,0.15644996175956077,-0.12748329118312987,0.07850087658524041,-0.19757800915728646,0.19757800915728646,-0.07850087658524041,0.0705687877710629,-0.05504315182241959,0.05504315182241959,-0.0705687877710629,0.08858728330399379,-0.05802808302808299,0.05802808302808299,-0.08858728330399379,0.013548951048951041,-0.011167694094523395,0.011167694094523395,-0.013548951048951041,0.6871901554952222,-0.2821755081511288,0.2821755081511288,-0.6871901554952222,0.47606925002644473,-0.2612466345158141,0.2612466345158141,-0.47606925002644473,0.37986671838087505,-0.7923607207313828,0.7923607207313828,-0.37986671838087505,-0.03845707502644058,-0.09552787903297766,0.09552787903297766,0.03845707502644058,-0.028360283041549472,-0.17600179340256727,0.17600179340256727,0.028360283041549472,-0.027227173710204777,-0.5288918491524457,0.5288918491524457,0.027227173710204777,0.126,0.082,0.044,0.126,0.081,0.045,0.126,0.081,0.045,0.126,0.082,0.044,4.657534246575342,4.133333333333333,3.8059701492537314,4.242424242424242,70.6,73.1,68.6,72.4
401831583,2026-01-03 01:00:00+00:00,2025,postseason,1,True,SMU,ACC,,,Arizona,Big 12,,,0.0,0.0,0.0,,0.19364339609661532,-0.1476220116436825,0.1476220116436825,-0.19364339609661532,0.04596382439053255,-0.21109439834713892,0.21109439834713892,-0.04596382439053255,0.3155334808685982,-0.0366491887665292,0.0366491887665292,-0.3155334808685982,0.05900147503687592,-0.032826158639578495,0.032826158639578495,-0.05900147503687592,0.048151306364690616,-0.06112364135054571,0.06112364135054571,-0.048151306364690616,0.06947775512651397,0.036688420348058914,-0.036688420348058914,-0.06947775512651397,0.1042218324075237,-0.3571752135044033,0.3571752135044033,-0.1042218324075237,0.09573431343886185,-0.341980095127703,0.341980095127703,-0.09573431343886185,0.7463002408497961,-0.9547344018545906,0.9547344018545906,-0.7463002408497961,0.1906355399879529,-0.057284505817364106,0.057284505817364106,-0.1906355399879529,0.15520024109331731,-0.24892572291892945,0.24892572291892945,-0.15520024109331731,-0.011710899185711776,0.013767109679901912,-0.013767109679901912,0.011710899185711776,0.20600000000000002,0.113,0.093,0.193,0.108,0.085,0.193,0.108,0.085,0.20600000000000002,0.113,0.093,3.9315068493150687,3.573170731707317,2.6857142857142855,3.3773584905660377,72.3,70.1,65.8,72.9
401778334,2026-01-03 01:00:00+00:00,2025,postseason,1,True,Mississippi State,SEC,,,Wake Forest,ACC,,,0.0,0.0,0.0,,0.12141190137149604,0.05028652571011932,-0.05028652571011932,-0.12141190137149604,0.14140625183870048,0.048528860689608114,-0.048528860689608114,-0.14140625183870048,0.1089385872382641,0.019898054919174457,-0.019898054919174457,-0.1089385872382641,0.07057900454673482,0.05717286914765907,-0.05717286914765907,-0.07057900454673482,0.0844290657439446,0.06757049464398235,-0.06757049464398235,-0.0844290657439446,0.0388012545546792,0.02186681658800732,-0.02186681658800732,-0.0388012545546792,0.42283759221640116,0.645496249908978,-0.645496249908978,-0.42283759221640116,0.23859724152678274,0.19931775789927686,-0.19931775789927686,-0.23859724152678274,0.2807227627499199,-0.2245013415187449,0.2245013415187449,-0.2807227627499199,0.06968188575075773,-0.23450552456866047,0.23450552456866047,-0.06968188575075773,0.07025691455611249,-0.2770581209260088,0.2770581209260088,-0.07025691455611249,0.1632145511701082,-0.10611277029658428,0.10611277029658428,-0.1632145511701082,0.185,0.12,0.065,0.138,0.077,0.061,0.138,0.077,0.061,0.185,0.12,0.065,4.485294117647059,3.1645569620253164,3.642857142857143,3.1948051948051948,71.2,72.4,69.1,69.2
401834618,2025-11-22 17:00:00+00:00,2025,postseason,13,False,Framingham State,MSCAC,,,Lagrange College,USA South,,,21.0,24.0,3.0,,,,,,,,,,,,,,,,,,,,,,,,,,,,,,,,,,,,,,,,,,,,,,,,,,,,,,,,,,,,,,,,,,,,,
401834615,2025-11-22 17:00:00+00:00,2025,postseason,13,False,Muhlenberg,Centennial,,,Union (NY),Liberty League,,,34.0,26.0,8.0,,,,,,,,,,,,,,,,,,,,,,,,,,,,,,,,,,,,,,,,,,,,,,,,,,,,,,,,,,,,,,,,,,,,,
401834635,2025-11-22 17:00:00+00:00,2025,postseason,13,False,Kutztown University,Pennsylvania State Athletic,,,Bentley,Northeast 10,,,52.0,0.0,52.0,,,,,,,,,,,,,,,,,,,,,,,,,,,,,,,,,,,,,,,,,,,,,,,,,,,,,,,,,,,,,,,,,,,,,
401834624,2025-11-22 17:00:00+00:00,2025,postseason,13,False,Springfield,NEWMAC,,,Cortland,Empire 8,,,21.0,7.0,14.0,,,,,,,,,,,,,,,,,,,,,,,,,,,,,,,,,,,,,,,,,,,,,,,,,,,,,,,,,,,,,,,,,,,,,
401834619,2025-11-22 17:00:00+00:00,2025,postseason,13,False,Hanover College,Heartland,,,Grove City College,Presidents',,,23.0,15.0,8.0,,,,,,,,,,,,,,,,,,,,,,,,,,,,,,,,,,,,,,,,,,,,,,,,,,,,,,,,,,,,,,,,,,,,,
401834623,2025-11-22 17:00:00+00:00,2025,postseason,13,False,Susquehanna,Landmark Conference,,,Washington & Jefferson,Presidents',,,38.0,32.0,6.0,,,,,,,,,,,,,,,,,,,,,,,,,,,,,,,,,,,,,,,,,,,,,,,,,,,,,,,,,,,,,,,,,,,,,
401834637,2025-11-22 18:00:00+00:00,2025,postseason,13,False,Johnson C Smith,CIAA,,,Frostburg State,Mountain East,,,7.0,21.0,14.0,,,,,,,,,,,,,,,,,,,,,,,,,,,,,,,,,,,,,,,,,,,,,,,,,,,,,,,,,,,,,,,,,,,,,
401834696,2025-11-22 18:00:00+00:00,2025,postseason,13,False,Findlay,Great Midwest Athletic,,,Minnesota State Mankato,Northern Sun,,,14.0,37.0,23.0,,,,,,,,,,,,,,,,,,,,,,,,,,,,,,,,,,,,,,,,,,,,,,,,,,,,,,,,,,,,,,,,,,,,,
401834639,2025-11-22 18:00:00+00:00,2025,postseason,13,False,Albany State GA,SIAC,,,Valdosta State,Gulf South,,,35.0,30.0,5.0,,,,,,,,,,,,,,,,,,,,,,,,,,,,,,,,,,,,,,,,,,,,,,,,,,,,,,,,,,,,,,,,,,,,,
401834636,2025-11-22 18:00:00+00:00,2025,postseason,13,False,Indiana-Pennsylvania,Pennsylvania State Athletic,,,Assumption,Northeast 10,,,20.0,23.0,3.0,,,,,,,,,,,,,,,,,,,,,,,,,,,,,,,,,,,,,,,,,,,,,,,,,,,,,,,,,,,,,,,,,,,,,
401834642,2025-11-22 18:00:00+00:00,2025,postseason,13,False,Newberry,South Atlantic,,,Kentucky State,SIAC,,,45.0,24.0,21.0,,,,,,,,,,,,,,,,,,,,,,,,,,,,,,,,,,,,,,,,,,,,,,,,,,,,,,,,,,,,,,,,,,,,,
401834621,2025-11-22 18:00:00+00:00,2025,postseason,13,False,Wheaton,CCIW,,,Crown College,Upper Midwest,,,76.0,14.0,62.0,,,,,,,,,,,,,,,,,,,,,,,,,,,,,,,,,,,,,,,,,,,,,,,,,,,,,,,,,,,,,,,,,,,,,
401834675,2025-11-22 18:00:00+00:00,2025,postseason,13,False,Ferris State,GLIAC,,,Northwood (MI),Great Midwest Athletic,,,65.0,14.0,51.0,,,,,,,,,,,,,,,,,,,,,,,,,,,,,,,,,,,,,,,,,,,,,,,,,,,,,,,,,,,,,,,,,,,,,
401834620,2025-11-22 18:00:00+00:00,2025,postseason,13,False,Concordia-Wisconsin,NACC,,,Coe College,American Rivers,,,7.0,44.0,37.0,,,,,,,,,,,,,,,,,,,,,,,,,,,,,,,,,,,,,,,,,,,,,,,,,,,,,,,,,,,,,,,,,,,,,
401834695,2025-11-22 18:00:00+00:00,2025,postseason,13,False,Ashland,Great Midwest Athletic,,,Minnesota Duluth,Northern Sun,,,32.0,7.0,25.0,,,,,,,,,,,,,,,,,,,,,,,,,,,,,,,,,,,,,,,,,,,,,,,,,,,,,,,,,,,,,,,,,,,,,
401834638,2025-11-22 18:00:00+00:00,2025,postseason,13,False,Virginia Union,CIAA,,,PennWest California,Pennsylvania State Athletic,,,24.0,27.0,3.0,,,,,,,,,,,,,,,,,,,,,,,,,,,,,,,,,,,,,,,,,,,,,,,,,,,,,,,,,,,,,,,,,,,,,
401834715,2025-11-22 19:00:00+00:00,2025,postseason,13,False,Harding University,Great American,,,Northwest Missouri St,Mid America,,,38.0,16.0,22.0,,,,,,,,,,,,,,,,,,,,,,,,,,,,,,,,,,,,,,,,,,,,,,,,,,,,,,,,,,,,,,,,,,,,,
401834655,2025-11-22 19:00:00+00:00,2025,postseason,13,False,Indianapolis,Great Lakes,,,Truman State,Great Lakes,,,57.0,14.0,43.0,,,,,,,,,,,,,,,,,,,,,,,,,,,,,,,,,,,,,,,,,,,,,,,,,,,,,,,,,,,,,,,,,,,,,
401834640,2025-11-22 19:00:00+00:00,2025,postseason,13,False,Wingate,South Atlantic,,,Benedict College,SIAC,,,24.0,25.0,1.0,,,,,,,,,,,,,,,,,,,,,,,,,,,,,,,,,,,,,,,,,,,,,,,,,,,,,,,,,,,,,,,,,,,,,
401834716,2025-11-22 19:00:00+00:00,2025,postseason,13,False,Pittsburg St,Mid America,,,Chadron St,Rocky Mountain,,,21.0,17.0,4.0,,,,,,,,,,,,,,,,,,,,,,,,,,,,,,,,,,,,,,,,,,,,,,,,,,,,,,,,,,,,,,,,,,,,,
401834641,2025-11-22 19:00:00+00:00,2025,postseason,13,False,West Florida,Gulf South,,,North Greenville,Carolinas,,,43.0,19.0,24.0,,,,,,,,,,,,,,,,,,,,,,,,,,,,,,,,,,,,,,,,,,,,,,,,,,,,,,,,,,,,,,,,,,,,,
401834718,2025-11-22 20:00:00+00:00,2025,postseason,13,False,CSU Pueblo,Rocky Mountain,,,UT Permian Basin,Lone Star,,,24.0,37.0,13.0,,,,,,,,,,,,,,,,,,,,,,,,,,,,,,,,,,,,,,,,,,,,,,,,,,,,,,,,,,,,,,,,,,,,,
401834622,2025-11-22 20:00:00+00:00,2025,postseason,13,False,Whitworth,Northwest,,,Chapman,So. Cal.,,,16.0,18.0,2.0,,,,,,,,,,,,,,,,,,,,,,,,,,,,,,,,,,,,,,,,,,,,,,,,,,,,,,,,,,,,,,,,,,,,,
401834717,2025-11-22 21:00:00+00:00,2025,postseason,13,False,Central Washington,Lone Star,,,Western Colorado,Rocky Mountain,,,20.0,27.0,7.0,,,,,,,,,,,,,,,,,,,,,,,,,,,,,,,,,,,,,,,,,,,,,,,,,,,,,,,,,,,,,,,,,,,,,
401834625,2025-11-29 17:00:00+00:00,2025,postseason,14,False,Hope College,Michigan,,,Wisconsin-Lacrosse,Wisconsin,,,7.0,9.0,2.0,,,,,,,,,,,,,,,,,,,,,,,,,,,,,,,,,,,,,,,,,,,,,,,,,,,,,,,,,,,,,,,,,,,,,
401834629,2025-11-29 17:00:00+00:00,2025,postseason,14,False,Franklin & Marshall,Centennial,,,Eastern University,Mid Atlantic,,,24.0,28.0,4.0,,,,,,,,,,,,,,,,,,,,,,,,,,,,,,,,,,,,,,,,,,,,,,,,,,,,,,,,,,,,,,,,,,,,,
401834630,2025-11-29 17:00:00+00:00,2025,postseason,14,False,Salisbury,New Jersey,,,Endicott College,Commonwealth Coast,,,35.0,28.0,7.0,,,,,,,,,,,,,,,,,,,,,,,,,,,,,,,,,,,,,,,,,,,,,,,,,,,,,,,,,,,,,,,,,,,,,
401834616,2025-11-29 17:00:00+00:00,2025,postseason,14,False,John Carroll University,Ohio,,,Randolph-Macon,Old Dominion,,,35.0,6.0,29.0,,,,,,,,,,,,,,,,,,,,,,,,,,,,,,,,,,,,,,,,,,,,,,,,,,,,,,,,,,,,,,,,,,,,,
401834628,2025-11-29 18:00:00+00:00,2025,postseason,14,False,Saint John's (MN),Minnesota,,,Monmouth (IL),Midwest,,,49.0,15.0,34.0,,,,,,,,,,,,,,,,,,,,,,,,,,,,,,,,,,,,,,,,,,,,,,,,,,,,,,,,,,,,,,,,,,,,,
401834626,2025-11-29 18:00:00+00:00,2025,postseason,14,False,Wisconsin-Platteville,Wisconsin,,,Alma,Michigan,,,24.0,7.0,17.0,,,,,,,,,,,,,,,,,,,,,,,,,,,,,,,,,,,,,,,,,,,,,,,,,,,,,,,,,,,,,,,,,,,,,
401834617,2025-11-29 18:00:00+00:00,2025,postseason,14,False,Trinity University TX,Southern Athletic,,,Hardin-Simmons,American Southwest,,,34.0,24.0,10.0,,,,,,,,,,,,,,,,,,,,,,,,,,,,,,,,,,,,,,,,,,,,,,,,,,,,,,,,,,,,,,,,,,,,,
401834627,2025-11-29 18:00:00+00:00,2025,postseason,14,False,Wisconsin-Whitewater,Wisconsin,,,Depauw,North Coast,,,23.0,26.0,3.0,,,,,,,,,,,,,,,,,,,,,,,,,,,,,,,,,,,,,,,,,,,,,,,,,,,,,,,,,,,,,,,,,,,,,
