id,start_date,season,season_type,week,neutral_site,home_team,home_conference,home_elo,home_talent,away_team,away_conference,away_talent,away_elo,spread,home_adjusted_epa,home_adjusted_epa_allowed,away_adjusted_epa,away_adjusted_epa_allowed,home_adjusted_rushing_epa,home_adjusted_rushing_epa_allowed,away_adjusted_rushing_epa,away_adjusted_rushing_epa_allowed,home_adjusted_passing_epa,home_adjusted_passing_epa_allowed,away_adjusted_passing_epa,away_adjusted_passing_epa_allowed,home_adjusted_success,home_adjusted_success_allowed,away_adjusted_success,away_adjusted_success_allowed,home_adjusted_standard_down_success,home_adjusted_standard_down_success_allowed,away_adjusted_standard_down_success,away_adjusted_standard_down_success_allowed,home_adjusted_passing_down_success,home_adjusted_passing_down_success_allowed,away_adjusted_passing_down_success,away_adjusted_passing_down_success_allowed,home_adjusted_line_yards,home_adjusted_line_yards_allowed,away_adjusted_line_yards,away_adjusted_line_yards_allowed,home_adjusted_second_level_yards,home_adjusted_second_level_yards_allowed,away_adjusted_second_level_yards,away_adjusted_second_level_yards_allowed,home_adjusted_open_field_yards,home_adjusted_open_field_yards_allowed,away_adjusted_open_field_yards,away_adjusted_open_field_yards_allowed,home_adjusted_explosiveness,home_adjusted_explosiveness_allowed,away_adjusted_explosiveness,away_adjusted_explosiveness_allowed,home_adjusted_rush_explosiveness,home_adjusted_rush_explosiveness_allowed,away_adjusted_rush_explosiveness,away_adjusted_rush_explosiveness_allowed,home_adjusted_pass_explosiveness,home_adjusted_pass_explosiveness_allowed,away_adjusted_pass_explosiveness,away_adjusted_pass_explosiveness_allowed,home_total_havoc_offense,home_front_seven_havoc_offense,home_db_havoc_offense,away_total_havoc_offense,away_front_seven_havoc_offense,away_db_havoc_offense,home_total_havoc_defense,home_front_seven_havoc_defense,home_db_havoc_defense,away_total_havoc_defense,away_front_seven_havoc_defense,away_db_havoc_defense,home_points_per_opportunity_offense,away_points_per_opportunity_offense,home_points_per_opportunity_defense,away_points_per_opportunity_defense,home_avg_start_offense,home_avg_start_defense,away_avg_start_offense,away_avg_start_defense
401752788,2025-11-28 17:00:00,2025,regular,14,False,Mississippi State,SEC,1492,770.48,Ole Miss,SEC,813.11,1959,7.0,0.14973181455274825,0.15369301343228048,0.28858366319915796,0.14035528339499248,0.09579865150661444,0.13154091889158834,0.1556145031787231,0.16911358232033447,0.23737253069033828,0.21243831319806222,0.383003517079744,0.15926631886665393,0.4329898269042842,0.4121039025408441,0.4831463471756173,0.3870718509620087,0.4874595261898788,0.4707783540151448,0.5002109900256145,0.4595495290582106,0.2990988743837873,0.30093985389699907,0.35220165223325617,0.27802146960435903,2.867291690669589,3.1791052882721034,2.894472793192892,3.0773518899602004,1.0963355421177277,1.13894470570516,1.0799997092126223,1.0591751308840605,1.050611989554254,1.2598141189588672,1.3271561189041097,1.2159877316621948,1.2570413601770805,1.255821774747921,1.295672925731913,1.2511429622432044,0.9441030658175058,0.9533068742290934,0.9747057309221681,0.9948899792845868,1.6004264784513,1.5834933344827367,1.6081583255239456,1.5407127699407959,0.1970310391363023,0.12550607287449392,0.07152496626180836,0.15135135135135136,0.0891891891891892,0.062162162162162166,0.14366197183098592,0.07887323943661972,0.0647887323943662,0.15217391304347827,0.08540372670807453,0.06677018633540373,4.37037037037037,4.602739726027397,3.6721311475409837,3.392156862745098,70.3,72.4,71.9,71.7
401756964,2025-11-28 17:00:00,2025,regular,14,False,Kansas,Big 12,1499,705.32,Utah,Big 12,707.86,1971,12.0,0.2230968372618212,0.23631270814992303,0.314748845968421,0.09166760023031062,0.14390070964367455,0.1317182830129889,0.27225286673226934,0.146103562555923,0.30309779757665867,0.3295939973787737,0.3181221008145822,0.10013260850475059,0.47353574321559894,0.42934023726942416,0.48815651597904464,0.3801720336158664,0.513637127451318,0.4765745102985625,0.5241298897609955,0.43301998550872145,0.3175705404320974,0.3167581004633088,0.3362418817319057,0.2912906053829595,3.2131044256970607,2.9387294539581577,3.378786564087773,2.869308355739012,1.2147617364446475,1.100069775311498,1.3187527848211116,1.1003031363954858,1.2496779941484446,1.496141903115431,1.6672885963532567,1.6059786672312564,1.2249414386610349,1.3028614641530596,1.2558735666146421,1.3169053912063438,0.9483691005727499,1.0023822078857407,1.0403007406234384,1.0554729604739215,1.5368257008779354,1.578424332278526,1.522800340161392,1.5724828706393044,0.15555555555555556,0.09841269841269841,0.05714285714285714,0.12516823687752354,0.0740242261103634,0.05114401076716016,0.17579250720461095,0.10951008645533142,0.06628242074927954,0.16666666666666666,0.09710144927536232,0.06956521739130435,4.1454545454545455,5.03030303030303,4.392857142857143,2.982142857142857,70.7,73.8,71.8,73.3
401756961,2025-11-29 02:00:00,2025,regular,14,False,Arizona State,Big 12,1653,738.52,Arizona,Big 12,651.62,1651,2.0,0.15269973118612037,0.1056355162555976,0.1639844554822791,0.09824178993849111,0.12733625204056973,0.07168511543162179,0.1365002352571544,0.12239974176510758,0.219498155698404,0.17947218182094682,0.19309379546959848,0.1606451962321897,0.4081715805566474,0.3897017340526524,0.4190233362237472,0.3792315930128648,0.46929507151731215,0.4510747202632454,0.47678419097985325,0.4424798357650084,0.2847522102321228,0.2882949552714981,0.29010801780368617,0.278801669680798,2.9987666286927386,2.879320857049891,3.02608044696631,2.892489735801794,1.1616866935850199,0.987756345538931,1.1585252436373592,0.9995790420611992,1.4037092247774632,1.1040616724906123,1.400937510409693,1.0258989756485843,1.236194531614705,1.2450763916245418,1.2808494810416082,1.2350284540225005,0.9476637667624283,0.9503580277444083,1.0127760544162079,0.9511438035524253,1.5773505928687421,1.5504950740453203,1.5380687867961451,1.5908592152572998,0.16955941255006676,0.102803738317757,0.06675567423230974,0.1511111111111111,0.09333333333333334,0.057777777777777775,0.19519519519519518,0.11411411411411411,0.08108108108108109,0.20028612303290416,0.11587982832618025,0.0844062947067239,3.196969696969697,4.029850746268656,3.4262295081967213,3.5833333333333335,72.0,68.3,66.0,72.4
401762519,2025-11-29 17:00:00,2025,regular,14,False,Florida Atlantic,American Athletic,1263,605.22,East Carolina,American Athletic,611.55,1491,7.0,0.1611028295943147,0.20120063333693833,0.16391642821986727,0.12041182889789448,0.061266535126216645,0.16323951515722357,0.10328832579253262,0.05606571882303656,0.2777990984804716,0.24923265713336076,0.2706067158871269,0.22399741238830934,0.38508668137137614,0.44318133445401886,0.44125984223562725,0.3939030535239005,0.44355022561752283,0.501860227481779,0.48299214483740005,0.4602912051930913,0.2964401204863325,0.2871152390414914,0.31666482448277317,0.28220453845726295,2.7416455345719117,2.9462834260413904,2.986794618157705,2.6872983399414965,1.001350034485599,1.083265178608718,0.9247386047698938,1.0759758769221683,1.0347889604350637,1.4867341692451834,0.9699730351568835,1.2675037934871385,1.3389065250704908,1.2594024632411258,1.196919198737586,1.2697273373872964,0.9971724798448168,1.0012166853374005,0.9020242814925761,1.0023799405054905,1.5875897720965546,1.5478792667662484,1.5384919583853753,1.532753261189271,0.17408376963350786,0.09947643979057591,0.07460732984293193,0.1294871794871795,0.07948717948717948,0.05,0.137660485021398,0.09343794579172611,0.0442225392296719,0.17872968980797638,0.12850812407680945,0.050221565731166914,3.462686567164179,3.611940298507463,4.529411764705882,3.4339622641509435,69.8,67.9,70.4,70.8
401762442,2025-11-28 20:30:00,2025,regular,14,False,North Texas,American Athletic,1741,569.15,Temple,American Athletic,507.91,1234,-20.0,0.3173211941514427,0.19371600446396686,0.13398752088716578,0.23555530681589673,0.213305484743266,0.15540949898644313,0.04089825275921348,0.17462198555443065,0.4002531333198684,0.23472367559984583,0.27048055423151796,0.3039990768485347,0.4979435576557606,0.44375003952053077,0.3978219368929658,0.445950382316654,0.5448811421242946,0.48919915569373484,0.4591964783625313,0.49998697236807127,0.32443317289970447,0.303180377117531,0.28987204096082436,0.2997346515991764,3.245397857229248,3.162044957984816,2.5994315079416337,3.140415728340263,1.2163109149449334,1.1207758778456578,0.8964120540700314,1.1289361655266879,1.3267101501441367,1.3024808616688357,1.1848650932289133,1.2564350324578486,1.2827494779226185,1.2531843862966463,1.223200085640741,1.2659634460612352,1.0200685824385292,0.9870776783823216,0.9383794126489747,0.988532251345972,1.5422988403107598,1.579622951396263,1.5168202562760247,1.5864482762315815,0.09745762711864407,0.06073446327683616,0.03672316384180791,0.1582608695652174,0.10434782608695652,0.05391304347826087,0.14479025710419485,0.10013531799729364,0.044654939106901215,0.14580031695721077,0.08874801901743265,0.05705229793977813,5.025974025974026,4.413043478260869,4.0,4.509433962264151,65.1,72.1,72.0,74.3
401752790,2025-11-29 17:00:00,2025,regular,14,False,South Carolina,SEC,1730,833.26,Clemson,SEC,918.43,1725,-3.0,0.14413461419143733,0.07765180381867987,0.18067190388465393,0.14066992347398857,0.1122330258484615,0.007451876506027522,0.09652911037906475,0.08955922047265526,0.23393517659441812,0.22050858704082588,0.2641946090884434,0.21607136525129247,0.41850376308156695,0.395016253036437,0.43339802745637873,0.38484850020050576,0.4723531518137732,0.454061157851168,0.47936467428675494,0.4347866543839423,0.2862845321290607,0.30020467501877224,0.30049590933776466,0.3052806366323362,2.9197493864400865,2.634762102392877,2.963487569509829,2.835232463158454,1.096648209288785,0.9277037651440792,1.01822384067501,1.0936441040817602,1.1503144554376517,1.1896452753090085,0.9237847164239618,1.1158202699764248,1.2802291203334968,1.2128417363928723,1.2285305276634164,1.2873741671023353,1.0162027311368755,0.9348345667107312,0.9353104381133297,0.9780556938210432,1.5530165638853484,1.505954043277119,1.5280296592157596,1.568086461404944,0.18995290423861852,0.13814756671899528,0.05180533751962323,0.14705882352941177,0.08970588235294118,0.057352941176470586,0.16167664670658682,0.10029940119760479,0.061377245508982034,0.18305597579425115,0.10892586989409984,0.07413010590015129,2.843137254901961,4.0,3.3636363636363638,3.0689655172413794,72.7,70.3,69.5,72.5
401752921,2025-11-29 17:00:00,2025,regular,14,False,Michigan,Big Ten,1825,907.22,Ohio State,Big Ten,973.69,2158,10.0,0.23950098391761931,0.08876687657770439,0.29409746336880277,0.029218631442117837,0.20828699795118732,0.053767806918729864,0.11657115834679227,0.03704953260628939,0.27928545400063987,0.18429769627725237,0.4587083815690463,0.11254143678373299,0.47923170610522375,0.39905879031703806,0.5128610457086363,0.35975367498252026,0.5255580477130797,0.45196338745889736,0.5499720026126381,0.4402317836554075,0.31522917661894967,0.2961894197578474,0.3307356153514143,0.2647305996387662,3.2410938083748917,2.726944765806145,2.975163148862276,2.7337404862603742,1.1569524722692714,0.8629774670604712,1.0854441160514847,0.9124367736446132,1.537763286925492,1.031675204969497,1.1446839847300385,0.9123199676099745,1.1998943601218817,1.1735502246682419,1.2000308197734717,1.1666937501820225,0.967305118505636,0.9159675867922624,0.9104747263415746,0.9411666948509412,1.5202538110696637,1.4545810976518256,1.5014104061043299,1.4434271861869925,0.11385459533607682,0.07407407407407407,0.039780521262002745,0.10634920634920635,0.06666666666666667,0.03968253968253968,0.17614424410540916,0.10402219140083217,0.07212205270457697,0.16847826086956522,0.11413043478260869,0.05434782608695652,3.6973684210526314,5.083333333333333,3.6363636363636362,2.5806451612903225,69.1,72.6,70.0,74.0
401756968,2025-11-29 17:00:00,2025,regular,14,False,West Virginia,Big 12,1355,662.33,Texas Tech,Big 12,757.49,1997,24.0,0.10436868560323762,0.15575688284855674,0.21672138143939887,0.00657580939001759,0.040033959138774125,0.056704619544935476,0.11941497227612945,-0.006142709468561491,0.2031159314346751,0.2873170293749193,0.32989600605691816,0.11014520315036189,0.3839568924255471,0.40707274125491294,0.4357074472204596,0.33466117340951995,0.43172707696405926,0.44394620104276705,0.4828946425951319,0.39443797191655716,0.28202565288322107,0.3188512222760607,0.31721733999274965,0.27239021071733066,2.7510720070631054,2.581019010976504,2.7961931590602815,2.5459790948757757,0.9093276186116136,0.9783075288510175,1.0568118570534142,0.908271271131792,0.9723801920277437,1.1969110868269421,1.3096392507344137,1.0156423951448341,1.2412992542765193,1.3013747367432786,1.266449231433698,1.2242357762350928,0.943641811491262,0.9625684453443729,0.9781396055787948,0.9238724598043642,1.5956679009096009,1.6055487386834522,1.5618195034103077,1.5198707751211444,0.16550764951321278,0.1043115438108484,0.061196105702364396,0.1483957219251337,0.08422459893048129,0.06417112299465241,0.1736111111111111,0.1111111111111111,0.0625,0.2314540059347181,0.14540059347181009,0.08605341246290801,3.611111111111111,3.8875,3.7222222222222223,2.5609756097560976,71.4,69.4,63.6,73.6
401762872,2025-11-29 17:00:00,2025,regular,14,False,Central Michigan,Mid-American,1291,481.16,Toledo,Mid-American,620.13,1642,10.5,0.1404455553655762,0.15461418749065448,0.18195124048392372,0.03076443422583927,0.07401158566166735,0.10565165600847946,0.09787299297593406,0.06789536146037727,0.3367565483819096,0.215495697875574,0.3167075889224928,0.0801739153952491,0.37984110934099014,0.44687029230283054,0.41620159277126084,0.38437856445471225,0.45228383479824485,0.4887641036860453,0.471828970712884,0.4394534734811234,0.28233544729707705,0.2969405108161192,0.30736947549591126,0.2639201903924426,2.7956853896499902,2.987874744150509,2.9594003329361223,2.72422148410413,0.9446108372998725,1.162357717736939,1.088201853820338,0.8581716911249011,1.167376813794546,1.324291406471699,1.1922331465241833,0.920061811705777,1.239882437997573,1.2235810028191862,1.2493726201368154,1.2241053826011195,0.9675308543017759,0.9518309990514193,0.9315998117279846,0.9200011809208677,1.5891233201414894,1.518513043015947,1.5700556351226156,1.5905679546194844,0.14215686274509803,0.10784313725490197,0.03431372549019608,0.1163141993957704,0.0770392749244713,0.03927492447129909,0.1581259150805271,0.09224011713030747,0.06588579795021962,0.18769230769230769,0.11538461538461539,0.07230769230769231,3.8214285714285716,3.7868852459016393,3.2241379310344827,2.5217391304347827,69.9,71.5,69.0,72.4
401762875,2025-11-29 17:00:00,2025,regular,14,False,Miami (OH),Mid-American,1451,592.1,Ball State,Mid-American,495.35,1018,-17.5,0.09514518566569065,0.15593807029338555,0.011972436974032191,0.1895972217072749,0.07008067028522819,0.11342254478064354,0.04339725922111447,0.12124849572435417,0.21224857135464256,0.2309032065863204,0.06320595069585933,0.3145668944305998,0.3738502544932955,0.4335110755040135,0.29366216416610325,0.45937427203957126,0.43629474170415633,0.47802271550589365,0.3632571246238423,0.4890591562964895,0.29065879843264847,0.30708407522177517,0.2572340205868793,0.32171718723665405,2.898200145419696,2.766193934604458,2.5257765394058267,2.879037501927008,0.9783874651781205,1.0239778333450547,0.9176655530196236,1.016142425513331,1.066551502225776,1.1908236216203647,1.179797406157074,1.4591298749868238,1.2456992106528848,1.2415527612798345,1.2817126407789374,1.2748095715513315,0.9452492286207946,0.9502116030881712,0.9908099441426083,0.9890809726690337,1.5759917987833632,1.5370122412920504,1.574845823202566,1.5697285807413377,0.1345514950166113,0.06976744186046512,0.06478405315614617,0.21061093247588425,0.15755627009646303,0.05305466237942122,0.18345864661654135,0.10526315789473684,0.07819548872180451,0.13257575757575757,0.08257575757575758,0.05,3.543859649122807,2.196078431372549,3.7755102040816326,3.6666666666666665,67.4,74.1,72.2,69.0
401757310,2025-11-29 18:00:00,2025,regular,14,False,Delaware,Conference USA,1266,242.85,UTEP,Conference USA,551.88,1208,-5.5,0.15552934159388485,0.2488343169403346,0.00014886697177340924,0.1265191294276679,0.07872451316392302,0.1784415666945826,0.08131312128645321,0.06571385546866029,0.2298596370357987,0.309504375522832,0.03662470238318358,0.22619911787228203,0.4127215330965766,0.4449118343219929,0.32096794107839094,0.41374531498813666,0.4809671148298951,0.4743764351593117,0.38242254193127934,0.47329252394288224,0.29385705616886476,0.3249869486686336,0.2645287085520644,0.2823609393053124,2.785923416785633,2.9503044747761713,2.393348353568325,2.809180850992798,0.9034621575768373,1.0620906505584908,1.0169763866011374,1.0388161027069944,1.1586060136249585,1.614142302556726,1.0174339902400034,1.2065044311957567,1.2579371254392904,1.3315504990043965,1.2934654543587953,1.2078759943575272,0.9677100239521772,1.0721557155918497,1.0159223687585377,0.9531645698436403,1.49710143799039,1.5505871596577596,1.5507248646734308,1.5178988276827772,0.16421895861148197,0.10146862483311081,0.06275033377837116,0.17450682852807284,0.09559939301972686,0.07890743550834597,0.13636363636363635,0.09090909090909091,0.045454545454545456,0.15893587994542974,0.10982264665757162,0.04911323328785812,3.515151515151515,3.2708333333333335,4.3538461538461535,3.9272727272727272,72.7,69.5,71.9,70.3
401761663,2025-11-29 18:30:00,2025,regular,14,False,Marshall,Sun Belt,1495,590.64,Georgia Southern,Sun Belt,574.48,1250,-9.0,0.14809325678472773,0.1601587912108832,0.17860572339166467,0.3049767008881765,0.06248505647668835,0.07382960224169369,0.13499813739514663,0.2405897512183291,0.29656129873759113,0.2943770902575388,0.2494840433702688,0.3548989750329993,0.42541181989061266,0.3923622317813166,0.4035533013689383,0.5036637010276419,0.4855752183396081,0.44590600647707906,0.4467206594850056,0.5417603299370136,0.2968066254845486,0.2911647784476832,0.3157361919004063,0.3439208577484726,2.9722614297881695,2.7613357977167983,3.064731910275058,3.2505602208653053,1.0796731716017531,0.9722624372716442,1.0186088880094388,1.3818221799553496,1.1544974059584714,1.2130897388957769,1.1361363799982704,1.5154198934829681,1.1949211888076734,1.3186684038631762,1.2643663235280358,1.26091064367551,0.9217058864225066,0.965739222815593,0.9554507130601442,1.0262178727185107,1.5307149598833232,1.646494139819327,1.5601433759008905,1.5419686425001111,0.12635135135135134,0.0831081081081081,0.043243243243243246,0.14820359281437126,0.09880239520958084,0.04940119760479042,0.1476510067114094,0.09395973154362416,0.053691275167785234,0.13911290322580644,0.08803763440860216,0.051075268817204304,4.016666666666667,4.120689655172414,3.7818181818181817,4.757142857142857,67.6,72.5,71.0,71.8
401757314,2025-11-29 19:00:00,2025,regular,14,False,Missouri State,Conference USA,1366,426.1,Louisiana Tech,Conference USA,493.5,1407,-2.5,0.14450471203413157,0.2283366093077009,0.13920500410066022,0.12320985897378402,0.04964635187636965,0.1564755724141381,0.12332005224507243,0.08789140455051334,0.2758627125690389,0.29352545287721465,0.21949244536612358,0.19196444245803354,0.3843381198857515,0.4516392660457915,0.40222636512034005,0.4058535268722352,0.44706784684693995,0.5114314597078179,0.4620317442800362,0.43953004828654463,0.2897283759450847,0.2978455829415073,0.28806106393284897,0.31158940684237313,2.6335251423545447,2.839807007901146,2.9443924805686374,2.80450163730297,1.122610968982059,1.088623812889003,1.06564545837548,1.1470568440624265,1.269611845142293,1.2491841393038738,1.1605845882928494,1.4088356441256178,1.3214394959256615,1.2506666104228799,1.2378604419574264,1.298173088363447,0.9724096015701669,0.9895787500008965,0.9850338728827873,1.0209690594440928,1.6028086457580784,1.5136692101407763,1.5455338348195247,1.5512967678133047,0.23766816143497757,0.15097159940209268,0.08669656203288491,0.14390602055800295,0.08223201174743025,0.06167400881057269,0.15074626865671642,0.07462686567164178,0.07611940298507462,0.1757532281205165,0.0781922525107604,0.0975609756097561,3.3275862068965516,3.3035714285714284,3.8333333333333335,3.309090909090909,69.7,71.0,71.3,73.5
401761664,2025-11-29 19:00:00,2025,regular,14,False,Old Dominion,Sun Belt,1635,477.45,Georgia State,Sun Belt,611.97,1104,-27.0,0.1926259465767722,0.06489240489072659,0.10362373776041041,0.26195402885966906,0.12186728647681398,0.052365888571873194,0.0658675919684023,0.1563089852021027,0.31287518881547227,0.147545789892636,0.20690085117375698,0.38016483982952,0.45139927290450627,0.3975740808921317,0.39348148561484425,0.4666448844812941,0.4971969884420138,0.4514268412944532,0.44216324062923845,0.49772945329317747,0.3250391075159242,0.2819702501408217,0.3031642678308777,0.34545532799674583,3.1033441999512394,2.8839160981218184,2.8737339285561387,3.092834304543212,1.2185094545632509,1.0235549761067662,1.0191129895602786,1.0951822002069238,1.51387290667862,1.0222356296363726,1.0781226881348513,1.2969573937180785,1.2393348495105323,1.1826287552583175,1.2520790931305124,1.2647418533813692,0.9330999943182618,0.904227508777633,0.9344235112941777,0.9667454458114211,1.6280286473402343,1.533096761545731,1.5537826373454697,1.58817824299587,0.15052160953800298,0.10581222056631892,0.044709388971684055,0.16301369863013698,0.10136986301369863,0.06164383561643835,0.17348377997179126,0.11283497884344147,0.06064880112834979,0.11874105865522175,0.07439198855507868,0.044349070100143065,3.857142857142857,3.163265306122449,3.327272727272727,4.628205128205129,69.7,71.0,74.3,68.7
401761661,2025-11-29 19:30:00,2025,regular,14,False,App State,Sun Belt,1252,611.31,Arkansas State,Sun Belt,591.27,1302,-3.0,0.09278850101537439,0.20411394132164057,0.0378700765716688,0.18182941959902227,0.06678272633546722,0.10934219871485812,0.02529839133541821,0.12665470620156094,0.18691336574449174,0.2981868832636478,0.1412873996819623,0.25918119938384426,0.3816681114313292,0.4603227358878018,0.39192361772830236,0.45234503282572736,0.43393910121654394,0.5085694298553759,0.4531417044591406,0.5005190310918229,0.30073301612576514,0.31924076335128543,0.2898626171665142,0.310575194980682,2.769545455060141,2.912368079633469,2.6839425362190497,2.809062257027792,0.9581762624129657,1.0843054321493808,0.9258403216225405,1.1333198254759538,1.0162721124149634,1.1727532067449762,0.9901106542565669,1.4491002919787852,1.2552689123764325,1.2370347849720518,1.1688703132870093,1.2444042306417291,0.926375575630725,0.9473136974696117,0.9059652697336185,0.9910151589272879,1.5579728942633293,1.5220588024305106,1.4483856065606706,1.5225702572408062,0.1793628808864266,0.08518005540166206,0.09418282548476455,0.18701298701298702,0.10779220779220779,0.07922077922077922,0.14945652173913043,0.08695652173913043,0.0625,0.14992721979621543,0.0975254730713246,0.05240174672489083,3.78125,2.911764705882353,4.074626865671642,4.016393442622951,72.2,68.9,70.4,72.2
401757315,2025-11-29 20:00:00,2025,regular,14,False,New Mexico State,Conference USA,1188,402.9,Middle Tennessee,Conference USA,520.55,1148,-4.0,0.05513779411925228,0.1414295548776109,0.141514246115414,0.2443118967384545,0.02968934891240979,0.06132241618292123,0.08761626021813881,0.08656745302291174,0.15524353301666527,0.2797689835224121,0.20846456207107836,0.393692189012269,0.36246527100168124,0.44475142903573234,0.41643051251716723,0.46662183071589725,0.41685730595403264,0.5069897172092307,0.4774968693759851,0.5070107970021862,0.29190984761693034,0.2845113898246818,0.2974544628036825,0.31027729905847623,2.517340583595176,3.0373821548056625,2.8014764414946054,2.7100177186699947,0.9245356761193775,1.048850953246574,1.007473383028008,1.0336562521852803,1.0782543242121727,1.2399220250340097,1.23117134818716,1.2627432374125582,1.2716309320563277,1.2202645735864768,1.2411237316424724,1.2884245616131604,0.9878521776323677,0.9537114759300838,0.9528451378865054,0.9485377927055103,1.5120354183857367,1.5238901295759892,1.4962715936120965,1.5865921168891894,0.21224489795918366,0.11292517006802721,0.09931972789115646,0.17236467236467237,0.08547008547008547,0.0868945868945869,0.14893617021276595,0.0797872340425532,0.06914893617021277,0.15749235474006115,0.0963302752293578,0.06116207951070336,3.1864406779661016,3.1607142857142856,3.4776119402985075,3.9838709677419355,70.6,70.5,72.2,70.0
401761665,2025-11-29 20:00:00,2025,regular,14,False,Louisiana,Sun Belt,1354,585.82,UL Monroe,Sun Belt,473.34,1013,-10.0,0.11845738909474049,0.21872783929160577,0.07503301384427803,0.22039810610240235,0.11401347981211313,0.1708109248669734,0.028649783976326906,0.09231078700718892,0.19081533575995555,0.27977760097942755,0.2176018743386782,0.35265637397171234,0.3899661925667004,0.48031137045132066,0.3495315467322233,0.43544369006931294,0.4602476492661814,0.5237845493013364,0.4155701922397197,0.4743025919669901,0.277534735185595,0.30642933792907734,0.2779330341913539,0.31631670035447507,2.9315998840958173,3.2507011063820994,2.638670348968203,2.9036727566623113,1.077916118255155,1.133118319380031,1.1019072095292586,0.9543210783093243,1.2776176927693865,1.1888494127755054,1.297832352035971,1.249358898754881,1.2283756218949735,1.208458801245693,1.305895916334752,1.3126068274435243,0.9634534231783392,0.9648502868133666,1.0050597832407766,0.9936961874391862,1.5722515978042326,1.5104457449475406,1.5999119666445083,1.6059496635832546,0.16905901116427433,0.11323763955342903,0.05582137161084529,0.21247892074198987,0.13490725126475547,0.0775716694772344,0.128698224852071,0.08136094674556213,0.047337278106508875,0.14326241134751774,0.09645390070921986,0.04680851063829787,3.543859649122807,3.022222222222222,3.4696969696969697,4.260273972602739,72.5,69.6,73.3,66.4
401761667,2025-11-29 20:00:00,2025,regular,14,False,Texas State,Sun Belt,1533,612.16,South Alabama,Sun Belt,544.87,1375,-9.0,0.26073590654337075,0.23096314885320723,0.13764136692083434,0.22391383227311512,0.1988561775378873,0.13298707184026468,0.12224822947664074,0.14440714917114053,0.3186275524471295,0.2998545857816505,0.2096629731854649,0.31094040841584175,0.44621488026152534,0.4538965244973915,0.39254586257790625,0.4356255033738364,0.4842748652277958,0.4871437406839144,0.46120429875766616,0.4971459119867898,0.33177667825928087,0.3292174998580357,0.28151538934389936,0.2916771391895588,2.937004017010649,2.9474022819739147,2.939792037817234,3.07330931694845,1.1140871775686143,1.1361540716745193,1.001633378709764,1.1163983308695844,1.4985951495708043,1.2432423654695446,1.098624433999499,1.079146509622101,1.2976547759631432,1.278517771404997,1.230519359896068,1.261718211518046,1.0528665103933206,0.985071846758305,0.9957644286957208,0.9467017999544013,1.5561221029283379,1.5597196891167322,1.5300023944162786,1.6129114601475063,0.13306982872200263,0.09090909090909091,0.04216073781291173,0.12534059945504086,0.0885558583106267,0.03678474114441417,0.135752688172043,0.09274193548387097,0.043010752688172046,0.1409090909090909,0.07727272727272727,0.06363636363636363,4.475409836065574,3.983050847457627,4.384615384615385,4.258620689655173,73.6,69.2,71.7,70.1
401762517,2025-11-29 20:00:00,2025,regular,14,False,Tulsa,American Athletic,1119,594.78,UAB,American Athletic,540.93,1175,-9.0,0.08494337937279904,0.17410624870581082,0.12357586469575184,0.2550445464787578,0.06009414520208409,0.08252501931803763,0.09911067834491472,0.1640495690365143,0.1468878599617308,0.2927935625066627,0.2136492437505569,0.3471873197609988,0.3869727495947744,0.4373913550235669,0.39705233967635833,0.4705954768558491,0.44019704262329984,0.4836299476704391,0.45377837707546315,0.528511594122082,0.29602013935678084,0.3080923091161171,0.30305468391121243,0.2969826117656636,2.8272303994341725,2.920842945591628,2.951721072557778,3.194911383414124,1.098554115331052,0.9871045478768041,1.0048567654510545,1.0771781753620844,1.1845548579830256,1.223535704012312,1.240347987722504,1.0655704001664044,1.2550746666892487,1.239002075779172,1.2791528629623932,1.2481599904537597,1.0026179364965904,0.9488381697237579,0.9853097629675043,0.9401404334169611,1.517410216401206,1.5652948487712517,1.5272105372248381,1.6255544244216669,0.17897371714643304,0.11514392991239049,0.06382978723404255,0.1642651296829971,0.0994236311239193,0.06484149855907781,0.1222366710013004,0.08062418725617686,0.04161248374512354,0.11330049261083744,0.0722495894909688,0.041050903119868636,3.274193548387097,3.3035714285714284,3.8333333333333335,4.776119402985074,73.3,65.4,71.4,65.1
401757313,2025-11-29 20:30:00,2025,regular,14,False,Liberty,Conference USA,1457,599.12,Kennesaw State,Conference USA,338.87,1385,2.0,0.16442888130207786,0.20651591152728305,0.16642133911709847,0.18913473962077731,0.16111896095584935,0.15233534340385613,0.1175516380718602,0.11931855522149926,0.22854870001453453,0.25778934514276824,0.2875657903882145,0.25900046143634736,0.43280973209505136,0.4497351539456449,0.4086695534839242,0.44520152718389056,0.486918895771833,0.48451010422080626,0.453027792917263,0.5082329767105879,0.30417444541846456,0.31327939781727204,0.31472964350277066,0.27886731161895767,2.9027646131144316,3.135535268702182,2.8725484268085406,3.0604426379362892,1.0873352345733613,1.0744836687288941,1.06093934812872,1.0717122337800857,1.238555575367454,1.1511200023937636,0.9116169773111397,1.3363079972651049,1.2229117932481604,1.2217612734022667,1.2799316477639047,1.235206757860349,0.9714446892672581,0.9454515288597792,0.9808977687136723,0.9813255402759138,1.5488120566735237,1.542245852284355,1.6006527955966021,1.511715587651656,0.1648854961832061,0.0916030534351145,0.0732824427480916,0.14033850493653033,0.08674188998589563,0.0535966149506347,0.1308980213089802,0.0700152207001522,0.060882800608828,0.1603905160390516,0.09205020920502092,0.06834030683403068,3.58,3.2238805970149254,3.5074626865671643,3.7758620689655173,71.6,70.0,70.1,74.2
401761666,2025-11-29 20:30:00,2025,regular,14,False,Southern Miss,Sun Belt,1297,602.53,Troy,Sun Belt,561.87,1362,-6.5,0.13898718479142366,0.1467473194548204,0.06510427692511174,0.15937639630080397,0.0877654188223593,0.13736634949451992,0.019073919401457348,0.10642849010335854,0.2450357785044356,0.20761253173187008,0.17700406995690043,0.23851309318684508,0.378609920080592,0.44318740633311815,0.3586216259671392,0.42804273989344155,0.4359535464031595,0.4993006732126393,0.41625563911828467,0.47292323877977543,0.29983834780868823,0.2911483448767524,0.28799270723741077,0.3063814043216848,2.918770364261507,3.041508399687298,2.7577728354195994,2.9521559262258843,0.943771735006254,1.0289343867920862,0.9049994392657331,0.9987880799651093,0.8485992328200941,1.129320347909157,0.9260739695508741,1.3647601546252224,1.2846851362643703,1.2175472650901535,1.2764230353628376,1.269202836431896,0.9502148092243614,0.9752541735791802,0.9261473987380335,0.9695250272758301,1.6152408487200611,1.512899376527097,1.6049059118849935,1.5943044954974068,0.15429403202328967,0.08005822416302766,0.07423580786026202,0.19790104947526238,0.13193403298350825,0.06596701649175413,0.16621983914209115,0.08579088471849866,0.08042895442359249,0.15988372093023256,0.10319767441860465,0.056686046511627904,3.901639344262295,3.5510204081632653,3.796875,3.1666666666666665,70.5,72.9,69.1,72.1
401761662,2025-11-29 20:45:00,2025,regular,14,False,Coastal Carolina,Sun Belt,1228,610.88,James Madison,Sun Belt,459.53,1874,21.5,0.10506484671142852,0.22067069439857628,0.18244690064200067,0.055424283345991254,0.09940796562984136,0.17501045561085804,0.1458978989372327,0.03719156115272618,0.15886208069865831,0.28276475126947803,0.2820386364030685,0.15712026913287663,0.37613848549422907,0.4567837148187386,0.42436418274164306,0.31750701937788717,0.4257461406325793,0.5018148593307309,0.48221937677689264,0.3657185405607673,0.29873783803194925,0.3203051532069695,0.30858076931596146,0.27486203126844,2.796435893239601,3.0315850408489595,2.9845051011487493,2.596097919394581,1.087440933759851,1.2155884996303186,1.1197430023510728,0.8603584309978535,1.3519001418145673,1.5206454598785073,1.3864186056735959,0.9267630842150236,1.257114291738314,1.273258316887681,1.281453274518599,1.305060778245585,0.9850566202214579,1.0149049158649164,1.0027007662214027,0.9871686676808207,1.5837786855468834,1.5327666218839424,1.5959001987238064,1.6014114239458637,0.1883614088820827,0.12098009188361408,0.06738131699846861,0.12034383954154727,0.07020057306590258,0.050143266475644696,0.14732724902216426,0.09778357235984354,0.04954367666232073,0.18959731543624161,0.10738255033557047,0.08221476510067115,3.9622641509433962,3.73972602739726,3.5316455696202533,3.5142857142857142,69.5,70.2,67.6,72.9
401752946,2025-11-29 23:30:00,2025,regular,14,False,Washington State,Pac-12,1508,569.46,Oregon State,Pac-12,667.99,1175,-13.5,0.1504684082918455,0.11555245612778738,0.09068382237662241,0.214790174845115,0.09430291614077849,0.09831821475536717,0.027197437841875963,0.11904547789915294,0.23382892473438258,0.18201803285248352,0.19245751734421457,0.3245392815757498,0.43071225506398797,0.4174933126853245,0.41837557949122867,0.4090205192968575,0.49816086413591576,0.4948129403252905,0.4687969595291454,0.45191752405841207,0.28751365376278637,0.2718568648315241,0.2992689421530687,0.30405522289021825,2.849850535111384,2.9379289756548346,2.7366238402199197,2.818281491480146,0.9484860551026639,1.107125770397914,0.9214668851147343,1.1136948971500353,1.0038971475061065,1.1254721961541148,0.9248099122603934,1.3091299321897831,1.1855346478575761,1.1870295077299313,1.1900875232954655,1.332769873495623,0.9212908352855461,0.9344704071179993,0.8792627891309114,0.9642167247739584,1.5085509204397036,1.5025619035795232,1.5115062214184811,1.695541960132975,0.15821812596006143,0.08755760368663594,0.0706605222734255,0.1590594744121715,0.08990318118948824,0.06915629322268327,0.1345514950166113,0.09800664451827243,0.036544850498338874,0.1674641148325359,0.09728867623604466,0.07017543859649122,3.96,2.864406779661017,3.357142857142857,3.306451612903226,72.2,68.8,71.1,69.4
401760425,2025-11-30 02:00:00,2025,regular,14,False,Nevada,Mountain West,1303,488.69,UNLV,Mountain West,700.54,1663,7.5,0.07493977606537637,0.16136691023543728,0.24776697187876956,0.2392509945616932,0.07302795325651104,0.15204833225946143,0.1808352524869158,0.18284638321927615,0.14056615847756504,0.20227487203430375,0.30832765416328056,0.275793938823079,0.3693868562276805,0.42675233779160415,0.44988970366319214,0.4514614786860949,0.42882459735673595,0.5006424043174487,0.4977324053447581,0.499851036564221,0.2829996804336767,0.2740580884783988,0.322986996411296,0.3142812113328059,2.8829210686613123,2.927060097735385,3.044424061485883,3.1436397340223325,1.0541832437657865,1.0630925555847313,1.1578834879501734,1.2395618832161306,1.1685725668056355,1.0711692397374324,1.505084088173195,1.5054313775335721,1.245536326383222,1.1933076976701278,1.3015558604271433,1.3112031101077948,0.9502624961091014,0.9747717551163939,1.0138592521400027,1.0220257486404045,1.5663267974823343,1.4590914921944593,1.5763443017319703,1.573610075762293,0.17966101694915254,0.1135593220338983,0.06610169491525424,0.16516516516516516,0.1021021021021021,0.06306306306306306,0.14666666666666667,0.08888888888888889,0.057777777777777775,0.1519756838905775,0.08966565349544073,0.06231003039513678,2.7547169811320753,4.6440677966101696,4.035087719298246,3.819672131147541,69.3,72.6,71.4,72.0
401760426,2025-11-28 20:30:00,2025,regular,14,False,New Mexico,Mountain West,1491,378.8,San Diego State,Mountain West,594.27,1530,1.5,0.17291613279488305,0.13738542195401188,0.10492437408072716,0.04968374255566693,0.08660584579285921,0.056670308400124894,0.09676294428484315,0.048938995124503,0.29887388396349607,0.259428633619139,0.17714765649583125,0.10729965743472367,0.41638934599088406,0.39620278261104086,0.40262174566347164,0.392543208116564,0.45989694958522037,0.44835178368441614,0.48554259908388137,0.45209828927150875,0.3137170253614001,0.2950367046292779,0.25347387929192017,0.27653501975891565,2.9393834719683216,2.633052494302887,3.0797333500659954,2.9082421157651606,0.9686572248045371,0.9318045122194938,1.0448428192562622,0.9303094087543653,1.1262945636840072,1.0295378825081438,1.1014449344708288,0.937753028916342,1.2573654739612852,1.2726894221124425,1.2113895176598724,1.191238774380687,0.9539928202561285,0.9915160256794636,0.9255386216716651,0.9101301650644182,1.5685081070010416,1.5369183074233401,1.5886628758412724,1.5249521860650153,0.14285714285714285,0.09262166405023547,0.05023547880690738,0.12337662337662338,0.07467532467532467,0.048701298701298704,0.18098159509202455,0.11503067484662577,0.06595092024539877,0.15946348733233978,0.08345752608047691,0.07600596125186289,4.051724137931035,3.418181818181818,3.4545454545454546,2.0681818181818183,70.9,71.6,68.4,74.5
401756962,2025-11-29 17:00:00,2025,regular,14,False,Baylor,Big 12,1526,726.3,Houston,Big 12,656.74,1479,-2.5,0.22554982025668532,0.1703567667064497,0.12278893802100903,0.1653349434882482,0.1380724629231784,0.12022064663129917,0.02955764681551741,0.10798663488887811,0.2856422576098231,0.2678749430130264,0.2770776750139755,0.269472079830947,0.4577811875254862,0.43856844769406306,0.4334168921835234,0.43374284939770835,0.4984370273061344,0.4947504877159818,0.5102818145011923,0.49901653739333257,0.3238460377131047,0.29448922232131525,0.2605309186148429,0.28334286245879575,3.001439130718256,3.037905840180523,2.7560403119527805,2.926256099827203,0.9500852330138725,1.034036183566761,0.9617906862328401,1.0162157858251337,1.2145721499783508,1.2381361901997738,1.0768140804168536,1.027572010331724,1.2868836527387044,1.2152068938621507,1.2290758651663667,1.1914377837223569,0.9579093048624882,0.9645421554332414,0.9007630106506622,0.9033106547385992,1.5644627879862492,1.5149735245857492,1.5968710420885854,1.5476018658929256,0.15354330708661418,0.09055118110236221,0.06299212598425197,0.13873626373626374,0.08241758241758242,0.05631868131868132,0.11416184971098266,0.059248554913294796,0.05491329479768786,0.1509433962264151,0.0899854862119013,0.06095791001451379,3.716417910447761,3.283582089552239,4.419354838709677,4.0588235294117645,72.1,70.2,68.6,71.3
401756965,2025-11-29 17:00:00,2025,regular,14,False,Kansas State,Big 12,1680,705.85,Colorado,Big 12,755.2,1338,-17.0,0.20536860484243336,0.11501900037297336,0.1216594302017904,0.17704563488162284,0.14564071780856058,0.11191281644178844,0.07016567567141646,0.11705787336498855,0.24895672625236565,0.17303644534342816,0.20449746253470477,0.2975017404079113,0.4106267712269137,0.3911105907467868,0.36663878175846953,0.41387128312383276,0.46619442919217713,0.4568672238913627,0.40645905796908904,0.47616027633782065,0.2990716070339154,0.2822417160065243,0.29930543203050963,0.2895908222267143,2.760778197239339,2.869001298416842,2.7868666067501833,2.920583684913608,1.1039865070386994,1.0858248497705743,1.066369385485041,1.1370286776529288,1.6801740500228848,1.2533542696491855,1.1926168899555565,1.6312830922335628,1.3290011969099131,1.2686245338129123,1.299795252074447,1.3021304197228811,1.0535751462634866,1.0012158586279163,0.9746901085694344,1.0121445025170894,1.5743337140684135,1.5540014919898149,1.5996270340934942,1.6295464763521854,0.189792663476874,0.12280701754385964,0.06698564593301436,0.20441988950276244,0.1408839779005525,0.06353591160220995,0.16575342465753426,0.09452054794520548,0.07123287671232877,0.1543450064850843,0.0946822308690013,0.05966277561608301,3.909090909090909,3.607142857142857,3.328125,3.9027777777777777,69.8,70.2,71.1,70.4
401756967,2025-11-29 20:30:00,2025,regular,14,False,TCU,Big 12,1602,745.01,Cincinnati,Big 12,644.1,1569,-3.5,0.17170331961362365,0.10470661827507746,0.2533768496831885,0.19472419695322352,0.05591761322180243,0.044563660020411434,0.16358532121313585,0.13859495175919717,0.3097746507458059,0.24711458511556533,0.3548507006577223,0.25316705452667676,0.4370283065071891,0.3937881861986952,0.4664217376053854,0.4354106986867861,0.4896564211527046,0.43724908706164417,0.5090741135457804,0.4830182103262133,0.30788838762902665,0.3045207230410346,0.32473169339464586,0.31375693353791856,2.6985846038286008,2.7622571049260363,3.2700493097985417,3.0667198525059876,0.9722955538997704,0.9381944324101008,1.2532213732424644,1.0080772078833704,1.2183624342394042,0.9685718640283016,1.2009286626394788,1.1437348323483807,1.2568335969027213,1.2463608852636388,1.262880409850789,1.216897243336611,0.9127915332736349,0.9309462097932966,0.974177853118776,0.9485712232679188,1.5695506206709613,1.5562022604385317,1.5670132411104318,1.5236828095407868,0.16975748930099857,0.09985734664764621,0.06990014265335236,0.12218649517684887,0.06430868167202572,0.05787781350482315,0.15211267605633802,0.09436619718309859,0.057746478873239436,0.12990527740189445,0.07983761840324763,0.05006765899864682,3.7096774193548385,4.333333333333333,3.359375,3.929824561403509,70.0,70.7,70.0,73.9
401754611,2025-11-29 17:00:00,2025,regular,14,False,Pittsburgh,ACC,1691,681.21,Miami,ACC,874.57,1907,7.0,0.1525734078453523,0.09780279122784256,0.22681898525506197,0.044608367717854674,0.08043513809083327,0.02803360426649168,0.09816795809097797,0.028328274941321646,0.26598524787229616,0.20904493651219774,0.39222294973791133,0.1612073763774494,0.4022019582893717,0.3552468125425652,0.4722236606551978,0.352627098034239,0.4560210848524354,0.4133417213490563,0.5140789959799542,0.4051108749325524,0.2941147678486755,0.28753349313063004,0.3083910715628538,0.2975354752642912,2.842765923881034,2.528284756658193,3.0228681927688514,2.586985412546435,1.0514758031626543,0.9040729891051709,0.9819860446513974,0.936232187242061,1.1646181100969288,1.0426361215872793,0.8739338658672398,1.0348158169980963,1.2885084789003196,1.297049324419513,1.2061162764921212,1.251042071224573,0.9591892650498393,0.9706915308323911,0.8914287309924178,0.9776210073477003,1.5850350092846563,1.572557082419553,1.563923073461488,1.5242315951396208,0.17579250720461095,0.0994236311239193,0.07636887608069164,0.10766961651917405,0.05309734513274336,0.05457227138643068,0.1856115107913669,0.11654676258992806,0.06906474820143885,0.19692307692307692,0.11538461538461539,0.08153846153846153,3.7012987012987013,4.485294117647059,4.173076923076923,2.784313725490196,64.7,70.8,69.6,74.6
401756966,2025-11-29 17:00:00,2025,regular,14,False,Oklahoma State,Big 12,1084,702.74,Iowa State,Big 12,648.93,1655,14.0,0.0280973830861809,0.23459398845205204,0.17245426648187173,0.11031135003895651,0.020866677110278356,0.10861013927266586,0.1297319585966821,0.06696243958662398,0.0941936088495049,0.3812481845350425,0.2548380835956506,0.2515261110835768,0.3551324254543399,0.43075342565891156,0.44513486371194777,0.398393470324876,0.4190395881396862,0.4788529909855113,0.496102080153414,0.4485678474120472,0.2642121240432173,0.3119079480236424,0.3057290147504746,0.3001710210729914,2.805314959954255,2.803204904865618,2.93174567269375,2.883778785526307,1.0020484079686047,1.0252969685446227,1.0195189129462987,1.0920496171159573,1.0881253458150637,1.2493586956868847,1.1675849735802293,1.131795853833592,1.2296534838177255,1.316416490647626,1.2402150638756828,1.2370721168368741,0.9383071162397196,1.0126318499376317,0.9611855229783101,0.9322994649066572,1.531037592545457,1.5909423224834143,1.5559727048587104,1.5530791244283002,0.18501529051987767,0.10091743119266056,0.08409785932721713,0.15660919540229884,0.08477011494252873,0.07183908045977011,0.14534883720930233,0.09738372093023256,0.04796511627906977,0.15396113602391628,0.08520179372197309,0.0687593423019432,2.6511627906976742,3.3142857142857145,4.173913043478261,3.0806451612903225,74.6,68.9,69.9,73.1
401756963,2025-11-29 18:00:00,2025,regular,14,False,BYU,Big 12,1781,649.36,UCF,Big 12,709.99,1464,-17.5,0.2113428971152671,0.06692120305095078,0.11220881757294185,0.1221030590281674,0.17170905108265944,0.07723706996724893,0.0961108480789806,0.14684142114686338,0.27632331397451443,0.13874309790104797,0.17012958936542028,0.15348106913185197,0.45746925434893937,0.38625548260238707,0.39115626388727553,0.4254019530449271,0.5208388597211593,0.4648531516179904,0.4622229859989424,0.4982339062442153,0.2905394303674496,0.26676414533894593,0.2742126273514233,0.28035652634678365,3.0336663149245378,2.91887488149964,2.764716549608961,3.0356080656807083,1.1289334220300065,0.9988010989924818,1.0827430651942704,1.078880773899566,1.040975841743083,1.2750745842398972,1.3463508099268393,1.080476419410719,1.2154130687201816,1.2253945790117486,1.2759558960537178,1.1922728536600151,0.958050101273866,0.953073483537136,1.0281376512910922,0.9538902271666386,1.5420943410506744,1.5226864186317335,1.5154531375601028,1.5040958005443081,0.13275613275613277,0.07647907647907648,0.05627705627705628,0.18222222222222223,0.11259259259259259,0.06962962962962962,0.15119760479041916,0.08682634730538923,0.06437125748502993,0.15657311669128507,0.0930576070901034,0.06351550960118169,3.8484848484848486,3.0384615384615383,3.1818181818181817,3.6,71.6,72.1,71.5,72.1
401757311,2025-11-29 18:00:00,2025,regular,14,True,Sam Houston,Conference USA,1068,477.35,Florida International,Conference USA,562.61,1343,10.5,0.018134952436798107,0.21649835025939618,0.11117426171121839,0.1510876641652622,0.0808508190066447,0.14586871112303817,0.08381746688634226,0.11339055485254058,0.0666777875204865,0.32025900775979543,0.2204483148808186,0.23888977052983731,0.3564851789597046,0.4789757046598193,0.37304546156512675,0.421301399666021,0.4438105551185508,0.5224950240556417,0.4428092374739754,0.4754926621203832,0.2564440522938998,0.32113424532250906,0.28221860785417074,0.2928973443619101,2.6755575800309415,2.9420140359528477,2.6983658720420536,3.151434072120493,1.0411284787690889,1.2365563967362707,1.0008627297009471,1.19199851653355,1.5387661007454168,1.4153800111410486,1.341386636067235,1.308267842951898,1.240741742165652,1.2487075921134934,1.2857813319765572,1.2546561830226455,0.9998254485781747,0.9746186246430999,1.0313325699625553,0.9562407581309422,1.4907051224711991,1.5394444496409931,1.5172275984114816,1.5674943258328546,0.19869942196531792,0.12644508670520233,0.07225433526011561,0.16477272727272727,0.09232954545454546,0.07244318181818182,0.1460823373173971,0.099601593625498,0.04648074369189907,0.16381766381766383,0.08404558404558404,0.07977207977207977,2.612244897959184,3.966666666666667,3.7857142857142856,3.4242424242424243,73.2,70.2,70.0,69.6
401754608,2025-11-29 20:00:00,2025,regular,14,False,Syracuse,ACC,1230,727.83,Boston College,ACC,650.12,1311,3.0,0.0598331156024928,0.216310817667368,0.14282637512032437,0.2596498004612356,0.05980852566019313,0.1371955844001073,0.0814901217252474,0.15265462152446135,0.12062999431768409,0.3225022073437679,0.2108251629405003,0.3725984003458309,0.3905266777588449,0.4296619684757614,0.4305081477168845,0.43534130684550204,0.44047778093540685,0.4867400862676014,0.4738699686002222,0.463380924885348,0.28522668259775596,0.3085847855931248,0.3104466945437483,0.3411114663292506,2.780993296604772,2.9110456510393306,2.8187963133273186,2.980343957139887,1.0450389313221016,1.2513804415980305,0.9883025705228778,1.076919162684318,1.041817762860486,1.7144707898021587,1.1287023235892657,1.5711727944934883,1.2196682881735024,1.2664989970383558,1.218179429010584,1.3336621801823432,0.9385679698008416,1.0185414962134391,0.923189311051527,1.0183739932934404,1.534539470734299,1.5228244007032543,1.4948517058784943,1.6251241578879483,0.21015514809590974,0.11706629055007052,0.0930888575458392,0.1717877094972067,0.10335195530726257,0.06843575418994413,0.130568356374808,0.08755760368663594,0.043010752688172046,0.11304347826086956,0.06521739130434782,0.04782608695652174,2.358490566037736,2.8703703703703702,4.311475409836065,3.8208955223880596,72.1,70.8,72.9,69.0
401754610,2025-11-29 20:30:00,2025,regular,14,False,Duke,ACC,1573,669.18,Wake Forest,ACC,627.16,1542,-1.5,0.19780181702206648,0.220946172865384,0.11444369353460478,0.04468460173424671,0.07534989004574946,0.11072917584589116,0.10132099472585106,0.03830437480536214,0.32771959849577414,0.3416256335078902,0.18343320694980897,0.13516433323514127,0.4419063809590253,0.43294203020446137,0.37210985563677274,0.347687823643954,0.49080044274775725,0.4847756330508175,0.4346143798051041,0.40778288664252266,0.31562942334780475,0.31705853415857654,0.2731670432911392,0.27708682847206534,2.860757394472843,2.7192179605697193,2.81483180275747,2.6558503309780903,1.1233552784680767,1.0660042653770174,0.969997402098626,0.9683030859430057,1.4572788296743275,1.4198989495116319,1.1882508384048152,1.0673638222257003,1.2867967400384004,1.3032340632025898,1.3142406629603303,1.2183251342187162,0.9616357027558793,0.9980093432337107,1.0148942375922718,0.9355923018758758,1.5757506600566296,1.5804850443653111,1.5921131451982196,1.5515457979633993,0.15601783060921248,0.09806835066864784,0.05794947994056464,0.15303030303030302,0.0893939393939394,0.06363636363636363,0.1738484398216939,0.1188707280832095,0.0549777117384844,0.16666666666666666,0.10310734463276836,0.0635593220338983,4.209677419354839,3.09375,4.576271186440678,2.921875,70.1,72.2,68.6,70.4
401754613,2025-11-30 00:00:00,2025,regular,14,False,Virginia,ACC,1604,666.74,Virginia Tech,ACC,712.19,1409,-10.0,0.1638603948972477,0.1002833091166799,0.18966756073971186,0.261881776770308,0.1399696978590178,0.09128379609490764,0.19439973296542062,0.1410872545973627,0.2542971152523528,0.18557729924249586,0.18156880386770238,0.3937305652171646,0.4165234800320455,0.3938548461168409,0.4389675957391946,0.4434458105445936,0.4562882612374161,0.455220972454739,0.4998958206178478,0.48946194345948735,0.3124233367986605,0.2836425775966548,0.2886952904900307,0.325319203620286,2.9435415129447144,2.863985396211562,3.273713806539205,2.9269281149997526,0.9858541532658238,1.0039706696400843,1.2509507370170423,1.0912994536596818,1.2689973607100635,1.0766130866249084,1.3935626136883452,1.1591432502974823,1.2732912375351726,1.2137723825538032,1.2565038909912996,1.2586313614571687,1.0085997687436914,0.9505003215817107,0.9813596066933332,0.9680375367673383,1.5471144301908193,1.5098259228735853,1.5864121128076192,1.5546410700561704,0.13972602739726028,0.0821917808219178,0.057534246575342465,0.16944024205748864,0.1043872919818457,0.06505295007564296,0.1951588502269289,0.09984871406959153,0.09531013615733737,0.11265432098765432,0.07253086419753087,0.040123456790123455,3.5454545454545454,3.6470588235294117,3.2264150943396226,4.629032258064516,69.6,73.5,72.9,70.4
401754612,2025-11-30 00:30:00,2025,regular,14,False,NC State,ACC,1481,707.51,North Carolina,ACC,753.2,1364,-7.5,0.21672574732179667,0.20457923086563978,0.08864971715541752,0.18751423568295006,0.11189031531614058,0.12244701316802777,0.016743215262742694,0.13264882409726023,0.3111609289080816,0.29741164119603225,0.23149676703871352,0.2265210421522484,0.42944152696245286,0.39226811393930605,0.39289472104182915,0.4286373347041617,0.4722360891707593,0.44799217979155426,0.4387367062727771,0.48353735238379913,0.3085856393351989,0.30640034852597886,0.29156503823527624,0.2950928363611182,2.8665951690146763,2.875618894018778,2.8413740618291206,2.8707658532979257,1.062164689033987,1.015638606774858,1.008346543499702,0.9582655401063144,1.3256170814097903,1.2732648015553303,0.9518489691630148,1.0955169028343172,1.3013790943476453,1.3326231573090506,1.215846463610077,1.2389219292451157,0.9956615299424943,1.0091396732112483,0.9149183186251759,0.9643171099793975,1.5806813139395455,1.5969484880121536,1.5216143565829863,1.5138294793779232,0.17182662538699692,0.11145510835913312,0.06037151702786378,0.16946308724832215,0.11577181208053691,0.053691275167785234,0.13532763532763534,0.07264957264957266,0.06267806267806268,0.1511627906976744,0.09738372093023256,0.05377906976744186,4.3061224489795915,3.090909090909091,3.914285714285714,3.5454545454545454,72.8,69.9,70.5,72.1
401754609,2025-11-30 01:00:00,2025,regular,14,False,California,ACC,1351,726.21,SMU,ACC,766.67,1860,13.5,0.07499579532998815,0.1807719787837974,0.23461728557255265,0.050526110550553296,-0.012358168341939313,0.15544024141631463,0.10795218362983777,0.0015809762133242033,0.18943365700554793,0.205627651423292,0.3590286926899544,0.20581527419430926,0.3818596805620204,0.4183924165760596,0.4299093844153062,0.3887904472512861,0.4268159266567129,0.4812263178483597,0.47569620089278214,0.4284915393603959,0.3022202659621385,0.2927935954938094,0.3076616079422961,0.31123464579104065,2.582376050683458,3.14017700006157,2.9081615968141374,2.8644797353598075,0.8104800040244994,1.0868829796600596,0.9849767867257301,1.0047677401642,1.0095779634596875,1.2036671559664378,1.3263764846362207,0.8886510060123716,1.2631970557004268,1.2272839237736295,1.3301701859885275,1.2443472676136036,0.9378195902053891,0.9613730050609535,0.9886264431235072,0.9290210864999416,1.5299576023141925,1.5394043455322057,1.6014423212416493,1.5363205405178402,0.18523878437047755,0.10709117221418235,0.07814761215629522,0.17293233082706766,0.10075187969924812,0.07218045112781955,0.16691505216095381,0.08643815201192251,0.08047690014903129,0.20026702269692923,0.11348464619492657,0.08678237650200267,3.693877551020408,3.71875,3.6379310344827585,2.526315789473684,73.0,70.2,72.1,70.0
401762868,2025-11-25 21:30:00,2025,regular,14,False,Massachusetts,Mid-American,748,488.73,Bowling Green,Mid-American,527.31,1230,15.0,-0.025218269168073654,0.29070220025085225,0.019509358422689194,0.1815264407535834,0.01899278178336554,0.1616700856432721,0.053552938609959376,0.09869165751682184,0.04550244072903403,0.3996483721776013,0.10312829786775937,0.2865145302894141,0.3065387302403399,0.5222966022551108,0.33347530593856556,0.43670729131025915,0.3808401190716602,0.5443372527536984,0.3967233377442596,0.48293052607501796,0.26060356326353823,0.34015383823679946,0.27805153953468276,0.3024790017194378,2.401997348798312,3.28824594585572,2.7519890349120053,2.851670187386015,0.8552351326835905,1.168482009710911,0.9513956711598606,1.1204079940994673,1.241139614071222,1.2000217160563216,1.1089334981367576,1.331097211804764,1.2273678256502765,1.1896130401653797,1.2618635081495087,1.2851169817219243,0.9810937046262439,0.9030131293067742,0.9828124326952317,1.0107513386295985,1.4786255259500438,1.562083213013132,1.555838556489857,1.5724241892342772,0.2082018927444795,0.1309148264984227,0.07728706624605679,0.17492260061919504,0.10990712074303406,0.06501547987616099,0.08356940509915015,0.06657223796033994,0.0169971671388102,0.19312602291325695,0.12111292962356793,0.07201309328968904,2.026315789473684,2.8823529411764706,4.8533333333333335,3.492063492063492,73.7,68.6,69.9,70.6
401762869,2025-11-26 00:30:00,2025,regular,14,False,Eastern Michigan,Mid-American,1246,572.9,Western Michigan,Mid-American,534.35,1407,7.0,0.1800978515878951,0.25154557864792143,0.07985030606940577,0.10579692151030791,0.126702225487471,0.17517017699883733,0.081747873826025,0.09865745571845493,0.26575859889074654,0.31790042409072317,0.15195533700293234,0.13969885875422564,0.40865016329745296,0.4731952956010648,0.39824553601837215,0.4037252741477534,0.4676689640187517,0.5145203137379387,0.4919069413462612,0.45679095409998044,0.30774392534427886,0.3104490957840433,0.2615008088930397,0.2821341318254544,2.9949781518334175,3.1489665056299803,2.9726600305407285,2.8217418696358445,1.0999757707172821,1.16369217885473,1.0055297973730895,1.0483633073036844,1.0338762631943283,1.4866733634666838,0.9417219005938363,1.160690115767576,1.236149640368167,1.2589803221549514,1.1410108348658583,1.2298687343343992,0.9557268734141171,0.9936489882368189,0.901184365525342,0.9848745222325483,1.5506046407402718,1.5590560726823113,1.5183195674762617,1.5007238273216794,0.12797619047619047,0.06547619047619048,0.0625,0.13616398243045388,0.09809663250366032,0.03806734992679356,0.10526315789473684,0.06616541353383458,0.039097744360902256,0.15689381933438987,0.1045958795562599,0.05229793977812995,4.0,3.2142857142857144,3.8615384615384616,3.38,74.8,70.2,69.3,70.8
401762516,2025-11-28 00:30:00,2025,regular,14,False,Memphis,American Athletic,1660,668.63,Navy,American Athletic,0.0,1485,-5.0,0.2413884835320302,0.19776432600721985,0.25279813723116384,0.23855750021143146,0.22661889943956418,0.06755771313465897,0.24556877931166393,0.1288306608148105,0.2370549049356625,0.3205810213203404,0.28848873614097703,0.3708471148702588,0.44781927203780325,0.41960100695410224,0.4642949052684329,0.44475190193045167,0.512375787448272,0.47674367032643505,0.5152314113469876,0.4825571814116878,0.30767034590489334,0.2963522422499456,0.30433905872257416,0.3230244760083592,3.0619277138141623,2.6279496830706135,3.301691928013717,2.883442367621218,1.2640361364958466,0.934594041876266,1.249581618970122,1.0381553456759698,1.507485266149118,1.2213513366055535,1.6246990461085153,1.1570871519681734,1.2894525316846241,1.277903592033992,1.282869078635499,1.279222469852185,1.0648717724303525,0.9827464450431522,1.0600329552823096,0.9864719840833738,1.513570182099332,1.5517084482348094,1.6190137527506463,1.572860786709386,0.1402002861230329,0.10157367668097282,0.03862660944206009,0.09285714285714286,0.06964285714285715,0.023214285714285715,0.17612809315866085,0.10480349344978165,0.07132459970887918,0.11726384364820847,0.0749185667752443,0.04234527687296417,4.538461538461538,3.982456140350877,3.9772727272727275,4.333333333333333,70.3,74.7,68.6,72.6
401762870,2025-11-28 17:00:00,2025,regular,14,False,Buffalo,Mid-American,1288,513.33,Ohio,Mid-American,469.99,1572,7.0,0.017828954064571023,0.16464704432078092,0.14934425611762792,0.14771954720212632,-0.019957061347513114,0.09099592878119873,0.14824091530626915,0.09942323219560156,0.14585907809013457,0.24887493370154018,0.2242543576131695,0.21576689574872257,0.3347434706605871,0.43283283344447004,0.40373953468894036,0.4467360976535809,0.41235550104524366,0.4703727339361695,0.4657287549465516,0.49508229379478313,0.26978247699476254,0.2992726758166193,0.2988697184427247,0.29437478022291086,2.5954919588634047,2.943064523400737,3.0792578342672607,3.061840951020188,0.8837420522959027,1.006252837879857,1.0860282247565696,1.2619171473634745,1.1774823586119938,1.0950628121496344,1.347594180277479,1.3417898786938367,1.2218276878466454,1.2612355002001139,1.2523156456402753,1.2440412434153048,0.9399856875830342,0.9629749470745013,1.0427295415097881,0.973531894062489,1.4975203036197386,1.5654470121155906,1.4962682922045223,1.533626303086804,0.18313953488372092,0.10610465116279069,0.07703488372093023,0.12816691505216096,0.07451564828614009,0.05365126676602087,0.15804195804195803,0.1048951048951049,0.05314685314685315,0.1529790660225443,0.09017713365539452,0.06280193236714976,3.0384615384615383,3.3692307692307693,3.05,2.6206896551724137,70.4,71.6,69.6,71.3
401762871,2025-11-28 17:00:00,2025,regular,14,False,Northern Illinois,Mid-American,1260,471.01,Kent State,Mid-American,456.24,974,-5.0,0.07540066642107676,0.23149819088995005,0.07874145629450949,0.243781468559648,0.1023073352820177,0.1572763267713327,0.0203481351649836,0.14753543676561226,0.13868969231399864,0.26248001072606564,0.2397609409157502,0.32154290259422613,0.3200783343683463,0.480770284412964,0.33988321278237743,0.4763587004398857,0.3908788533661654,0.5036490167962586,0.42195877440550633,0.5133550304423774,0.2615871516451006,0.33328524832056605,0.25750228576890577,0.3216605122402223,2.7793046367106946,3.152684792589844,2.5213592571128007,3.004189990712267,0.9546702521580583,1.109053026642843,0.8390973829750852,1.1011579532039064,1.4184893314196267,1.0417807610203023,0.8736077358431178,1.231453971575008,1.2780120082241693,1.2183311386114317,1.29894152879348,1.2649038546283191,1.034126134981359,0.9547716238303732,0.9548412078630125,0.9735765701457858,1.5717135395640274,1.529986110866793,1.6275540147618737,1.5596764457320134,0.1371900826446281,0.10578512396694215,0.03140495867768595,0.18663194444444445,0.13975694444444445,0.046875,0.09523809523809523,0.05627705627705628,0.03896103896103896,0.1411451398135819,0.09187749667110519,0.0492676431424767,2.7,3.236842105263158,3.40625,4.352112676056338,72.8,68.3,71.6,68.4
401752786,2025-11-28 20:30:00,2025,regular,14,True,Georgia Tech,ACC,1573,715.56,Georgia,ACC,1002.98,2048,13.5,0.23962602748068923,0.20659625253762992,0.2651008572347283,0.11403361453721357,0.17062468526107744,0.1352159365928803,0.1525052897384824,0.06225119234353889,0.3262794713899516,0.2956199396317066,0.3341537115264091,0.22849648833963682,0.5046535499643506,0.45047165698939234,0.4912576218559816,0.358471805516305,0.5397228790919161,0.51779855986747,0.5404620533454741,0.4208559111842776,0.3311084324089104,0.2895742775939746,0.30522147803922894,0.2853864130008668,3.283022664101716,3.008176160254888,3.0388163137851336,2.676320640793769,1.1487517107123466,1.0766528960722146,1.0824499409189585,0.8256709708894394,1.2179071820553753,1.6013742459688773,1.1150720075971128,0.9175894925607467,1.1902847813823194,1.2496686511433899,1.2226530785324468,1.2316634897986631,0.9272321163283126,0.9883959948629646,0.9671118309994674,0.9366569954559298,1.5378151124837605,1.5307947768563583,1.5017245703295938,1.526564921923255,0.11644832605531295,0.08442503639010189,0.03202328966521106,0.12154696132596685,0.0787292817679558,0.04281767955801105,0.1238390092879257,0.07739938080495357,0.04643962848297214,0.13906752411575563,0.0747588424437299,0.06430868167202572,4.196969696969697,4.890625,3.943396226415094,4.128205128205129,70.9,73.2,71.2,73.1
401752792,2025-11-29 00:30:00,2025,regular,14,False,Texas,SEC,1880,973.54,Texas A&M,SEC,917.29,1896,2.5,0.17168373978094534,0.09269727595857659,0.2811741568813937,0.13426067025269223,0.065843116242366,0.01549964435160199,0.13894924161777653,0.12533619856860762,0.2962761800449982,0.22491419112310568,0.40166740954532254,0.17674800592864526,0.42095375711784205,0.3707173287294072,0.4935503316844857,0.3447261671226689,0.4555795444635402,0.4339999459233411,0.5551609532706673,0.42785753114895814,0.3147911963254404,0.2870873439695266,0.291098802150745,0.26622073182750616,2.9044531658200805,2.5486073285778184,3.0260839154598043,2.764910521029715,1.0170726854158654,0.9464416403069906,1.1608168892060493,1.0950946968658686,0.9498088633429588,0.9626688240882153,1.3310758919863095,1.4484280888937584,1.2807599101383,1.2240722157762818,1.2573212434779966,1.316858051891654,0.904576136678322,0.9201922203589986,0.9611498661615141,1.042001942138692,1.6196479712707241,1.5252557903050303,1.5792521679954912,1.5652336672914373,0.15155807365439095,0.09631728045325778,0.05524079320113314,0.10850439882697947,0.05718475073313783,0.051319648093841645,0.18488529014844804,0.11875843454790823,0.06612685560053981,0.2108626198083067,0.15335463258785942,0.05750798722044728,3.305555555555556,4.383561643835616,3.8627450980392157,4.325581395348837,68.2,74.5,66.4,74.3
401752924,2025-11-29 00:30:00,2025,regular,14,False,Purdue,Big Ten,1276,687.74,Indiana,Big Ten,645.34,2142,28.5,0.1277503673673533,0.18101423220847795,0.294777412243192,0.06005907253266761,0.13116071147996908,0.1105875367767712,0.18960857890290728,0.028772357179488978,0.1688411701635285,0.3229696150851773,0.3979565258967345,0.18802025151616542,0.41864618290232114,0.4287547007606292,0.50828296041919,0.33952265418436184,0.4547185094097788,0.4952900794585978,0.5300666150776736,0.40918663590584337,0.3213198715944102,0.2951245078980417,0.3467535588071754,0.2693563263518395,2.997482132712213,3.0318505548233774,3.1888648567394617,2.573957235640531,1.0849369282185102,1.0934821993134674,1.18353203499704,0.8826265576656319,1.222915815848743,1.065220244194698,1.3808006703761673,1.3531934002686539,1.2563075882542334,1.2436706679703868,1.2422353707513312,1.2943618297729238,0.9989170209439453,0.9223243229568353,0.9638019160022864,1.0054375088880612,1.506257227679621,1.591432296558944,1.5462428172292004,1.547077734972768,0.1529968454258675,0.0946372239747634,0.0583596214511041,0.12034383954154727,0.06876790830945559,0.05157593123209169,0.15479876160990713,0.09752321981424149,0.05727554179566564,0.2318840579710145,0.15760869565217392,0.07427536231884058,3.0,4.783783783783784,3.7049180327868854,1.9142857142857144,72.1,73.0,68.3,73.0
401752787,2025-11-29 17:00:00,2025,regular,14,False,Louisville,ACC,1631,700.77,Kentucky,ACC,763.18,1578,-3.0,0.14462582221919673,0.10649161536022009,0.11545375800532709,0.12303302309507277,0.16565452500112626,0.0959759556138787,0.08526274425122111,0.05894741111998305,0.16647651217133239,0.154902700359772,0.2124843149763446,0.24061349706760327,0.4419663576072218,0.38529949236353156,0.44174307309058014,0.3873422278720245,0.5100834388323712,0.4475854519949349,0.4911449023118891,0.4484889895646284,0.2762358138215245,0.282597550811085,0.30117508030754053,0.30037741184506583,2.8739068250173396,2.7661153135267416,3.0593017101086586,2.7516370027667234,1.1356357284696348,0.9885560373374063,1.0542108076160217,0.9332926990823106,1.6807847950620267,1.0669513246865576,1.113454043164404,0.9301287821662555,1.2329249565264524,1.2305132267337306,1.2138063397888204,1.2695967582889227,1.008764571992991,0.9805155309728567,0.9091341190141202,0.9688769516905624,1.4776027277719919,1.486567817666326,1.5608526570935013,1.547901058217697,0.16793893129770993,0.10381679389312977,0.06412213740458016,0.17851959361393324,0.11320754716981132,0.06531204644412192,0.15875370919881307,0.09198813056379822,0.06676557863501484,0.14413075780089152,0.09658246656760773,0.0475482912332838,3.3076923076923075,3.7735849056603774,3.509433962264151,4.055555555555555,68.5,71.4,69.2,73.9
401757312,2025-11-29 19:00:00,2025,regular,14,False,Jacksonville State,Conference USA,1501,519.93,Western Kentucky,Conference USA,561.36,1401,3.0,0.15490448051145167,0.2173879496544724,0.13545095800072213,0.14835421970263238,0.15007695784826192,0.11689634371279048,0.06675816899382596,0.09183984243308851,0.1894528199690105,0.30709074621893473,0.21985241278168008,0.225360728863651,0.4095519923933373,0.4503425392986305,0.41855060221561585,0.40404014865491655,0.4663224775405468,0.497254567370697,0.4641910814041704,0.45906353232929736,0.30244209619754675,0.30809723298570335,0.31737955299383797,0.2823052322606697,2.9693956490108406,2.861586968798242,2.942057060743914,2.9596866001457456,1.12307460141516,1.1073444895942575,1.0529577592710877,1.076236735573789,1.4218657684156017,1.3630577880660737,1.2200305121848776,1.6000064827440406,1.2600802248333416,1.3084568050486918,1.2213817090497918,1.2774212597697059,1.0415874320465859,1.0116515611471588,0.9271725093491373,0.9973964958072526,1.541157477043972,1.5886773693057414,1.518970790668098,1.5566723221727445,0.13872832369942195,0.0953757225433526,0.04335260115606936,0.15558698727015557,0.0891089108910891,0.06647807637906648,0.1627565982404692,0.09824046920821114,0.06451612903225806,0.15214384508990317,0.07883817427385892,0.07330567081604426,3.7096774193548385,3.8666666666666667,4.0,2.7142857142857144,71.6,72.9,72.7,71.0
401752783,2025-11-29 20:30:00,2025,regular,14,False,Arkansas,SEC,1588,772.64,Missouri,SEC,804.77,1748,3.0,0.31307702028178064,0.21607671519413243,0.19552097350044395,0.06180544789959937,0.24821857016040588,0.1273493951447714,0.19544084409763765,0.058591182117669824,0.33656794400596807,0.36724254092596276,0.19664104390917336,0.15107642974328894,0.5121970696333153,0.4322796594163982,0.4539096726928634,0.33231561804915233,0.5414658816830645,0.47579566769514336,0.4908930746615197,0.38788375329113967,0.3450061137483066,0.3358997528114533,0.3245275076335545,0.28008461693367975,3.3223005251043127,2.963154962855191,3.080939330694509,2.70840891018,1.4267222251154688,1.134796742337147,1.1884922696496136,0.8637101159825449,1.9673811792983218,1.2302303596807544,1.6358917828769108,1.4032477259654763,1.28997949912878,1.282170482253112,1.2516281808712744,1.2524932742565975,1.027720867367334,0.9687010610712051,1.028164057187338,0.9694402790639939,1.5702584464673104,1.6133686519835653,1.5144829264984774,1.5437127216377426,0.1702127659574468,0.09422492401215805,0.07598784194528875,0.13956639566395665,0.09620596205962059,0.04336043360433604,0.15472779369627507,0.08739255014326648,0.0673352435530086,0.205,0.12666666666666668,0.07833333333333334,4.1940298507462686,3.8688524590163933,4.408450704225352,4.121951219512195,73.0,71.2,71.9,72.7
401752789,2025-11-29 20:30:00,2025,regular,14,False,Oklahoma,SEC,1824,882.59,LSU,SEC,920.05,1690,-10.0,0.131047938564416,0.010621719717575223,0.07960094436593045,0.04476422868975044,0.09501443602097664,-0.001208072769441848,0.049130926215464374,0.06497759001426548,0.1917404992125704,0.12335645380680237,0.18622119500615913,0.13720889101540373,0.43238789521230886,0.3041799461823681,0.40396762219226756,0.3546163133167458,0.4915249985008201,0.3537582732886619,0.44934561038883297,0.4266376236916649,0.28747683251182404,0.28232092172836754,0.29841875421730324,0.28244653468519376,2.9583581890067077,2.3086723902279522,2.68991551017252,2.7333458393199535,1.0965758094763753,0.8024631659556096,0.9595118156723038,1.0340900216478546,1.1588965358032812,1.054515781501017,1.382552019526942,1.1233081878166715,1.2223706340864156,1.287371482382343,1.2182683269399621,1.2332541202221567,0.9571170035827126,1.0082837500079824,0.9379523346500332,0.9496541605340818,1.509151452772446,1.53565751066017,1.5052223981460264,1.5428149039630743,0.17371601208459214,0.10120845921450151,0.07250755287009064,0.18421052631578946,0.11455108359133127,0.0696594427244582,0.2344213649851632,0.17359050445103857,0.06083086053412463,0.16946564885496182,0.08396946564885496,0.08549618320610687,3.736842105263158,2.7540983606557377,2.5416666666666665,3.0784313725490198,68.5,74.8,70.3,72.6
401752918,2025-11-29 20:30:00,2025,regular,14,False,Minnesota,Big Ten,1491,711.04,Wisconsin,Big Ten,763.17,1521,-1.0,0.1132502008213351,0.21097244668474993,0.08777107923475887,0.13807914861187426,0.029838723301323145,0.13419940290437468,0.09829522035525458,0.0550358461915843,0.22118741022627825,0.29137119754726537,0.13575903666576372,0.2705492187836498,0.3927424623318826,0.4476496534636321,0.3883639796279964,0.4218841644924226,0.4440479335902391,0.4933975757887914,0.443111529197242,0.4953918862825676,0.29349320530965145,0.3218264780708634,0.276318159431462,0.2921745073280356,2.704169331434263,2.9097306708548896,2.9713314546223124,2.746144626715494,0.848365467695241,1.153938276016342,0.9936417345398905,0.9357321786521045,1.097040286407743,1.257215269523689,0.9769457770743735,1.0203888977086737,1.2182762036936527,1.2614897555859703,1.2338325280379567,1.188576189105868,0.9244139968732846,0.9775150195342073,0.9966345113449033,0.8986544156654139,1.4983312412172947,1.5299807341229161,1.514344469472148,1.4977708328758426,0.17569786535303777,0.09359605911330049,0.08210180623973727,0.18238021638330756,0.11746522411128284,0.06491499227202473,0.16614906832298137,0.12577639751552794,0.040372670807453416,0.13478260869565217,0.09420289855072464,0.04057971014492753,3.8260869565217392,2.3333333333333335,3.983050847457627,3.225806451612903,70.8,72.9,71.1,73.0
401752920,2025-11-29 20:30:00,2025,regular,14,False,Rutgers,Big Ten,1445,689.22,Penn State,Big Ten,910.42,1975,13.0,0.1993250511161893,0.2924176458663512,0.2382606097021931,0.11493241681477079,0.10075888973021742,0.19873472653989271,0.15413759444882688,0.12723334827959443,0.2812016691896356,0.37239159709887726,0.29993812660668806,0.18134367761555742,0.4515773415461902,0.46222900110642834,0.476193911595968,0.39167788489691885,0.4908305966730154,0.5159659789433846,0.5164885877019341,0.44051225177192604,0.32266992886249324,0.315467664083638,0.31230576677808713,0.30197162303964464,2.9049573993770164,3.0534125103152077,3.0105176092178203,2.8856160417078645,0.9789121437543999,1.2921385564486534,1.0436799538735633,1.0705821137974008,1.0473616319449799,1.988258602235664,1.167860157760049,1.2500410284709045,1.2326668364354243,1.3031327654570222,1.2294005462587934,1.2214527985866823,0.9314009695929304,1.0311801001902132,0.9752557839725348,0.9739084618397564,1.5214814220036061,1.5720607574905787,1.5127375995017773,1.5148295209615883,0.16942148760330578,0.08953168044077135,0.07988980716253444,0.1464968152866242,0.1035031847133758,0.042993630573248405,0.11677631578947369,0.0805921052631579,0.03618421052631579,0.15409309791332262,0.10914927768860354,0.0449438202247191,3.2,4.410714285714286,4.569230769230769,3.6346153846153846,71.5,73.3,67.4,72.9
401762441,2025-11-29 20:30:00,2025,regular,14,False,UTSA,American Athletic,1585,662.09,Army,American Athletic,23.66,1504,-7.5,0.17948112898750657,0.1468110402284744,0.14713926692192314,0.17983145046596727,0.11525202139147434,0.09546824966331707,0.11895208383978864,0.07361916070287698,0.27844888521160005,0.25044931175725454,0.2743567569286863,0.31516882072335384,0.430492416683356,0.38359835516169577,0.3959837062643535,0.465163158394715,0.4774908400898969,0.44503101465933664,0.4453328097525303,0.5254598133271793,0.31405313543951097,0.2865571671644185,0.2944329318763043,0.2980342714457171,2.7185722194564765,2.868431557730759,2.9388662155945275,3.083733673547258,1.0584428897791651,1.014834762309625,0.7681906131932179,1.0456476776182384,1.695205962720611,1.3682456216673418,0.876674917079898,1.013920728521412,1.278282413754393,1.3296118040326226,1.1914543603574468,1.1727686436445615,1.0435022618922698,1.0004885256360694,0.9514449965766593,0.8924086567141211,1.5108955821240306,1.6339939869212654,1.6340611770551803,1.508331877951965,0.16941529235382308,0.10944527736131934,0.05997001499250375,0.06957928802588997,0.06310679611650485,0.006472491909385114,0.171875,0.1046875,0.0671875,0.11433756805807622,0.06896551724137931,0.045372050816696916,3.9636363636363634,3.489795918367347,4.326923076923077,3.693877551020408,69.6,73.6,69.6,70.1
401752919,2025-11-29 21:30:00,2025,regular,14,False,USC,Big Ten,1898,847.53,UCLA,Big Ten,766.62,1313,-22.0,0.3310113964135827,0.12011168859117549,0.1499120365405662,0.19036513134515332,0.17713102278878515,0.10018166190347619,0.15616629281253752,0.16771471241286595,0.43835059886362754,0.18285379801720364,0.18096272032862296,0.26269791441048335,0.49946548967853127,0.42784432272658235,0.4259545086088622,0.4566359560147272,0.5290083011812354,0.4842672596198008,0.46869232522975873,0.4960088945056808,0.3443113458548889,0.3052080188074432,0.30638822373779895,0.34230604256105224,3.116196444970787,3.076437450056254,2.962823020004609,3.1308835477919605,1.1951692157493283,1.1324362826306509,1.0828838063213548,1.1367699677222565,1.5053609586444894,1.0501349924185237,1.36853520905011,1.1532999684626344,1.3098106593348202,1.2078980876604801,1.217591092962058,1.2000535985148315,0.9989651314197786,0.9025539998672412,0.993359869219244,0.9477002531677795,1.5773904317789686,1.5635530525725132,1.4774313895506017,1.5262911934866918,0.13397790055248618,0.07458563535911603,0.05939226519337017,0.15946348733233978,0.09239940387481371,0.06706408345752608,0.15875370919881307,0.10979228486646884,0.04896142433234421,0.12,0.06758620689655172,0.05241379310344828,4.756756756756757,3.0689655172413794,3.491228070175439,4.633802816901409,73.1,72.4,73.4,69.1
401752923,2025-11-30 00:00:00,2025,regular,14,True,Michigan State,Big Ten,1382,717.42,Maryland,Big Ten,699.31,1414,-4.0,0.12230501479948042,0.15173892568920846,0.075784468361938,0.11232578521380761,0.0665501886854147,0.12312514607890337,0.022114445144480716,0.12639868548947675,0.23076970661161117,0.25274802109872546,0.17713628303254453,0.18522199248787588,0.4114293440812054,0.4164319033573657,0.36903915401120274,0.42115786282511897,0.47085756273350055,0.48367870479441444,0.40667433697404254,0.4800459193814305,0.28372785546567686,0.287154382622178,0.3054888889917963,0.2990515211505671,2.638560146000582,2.843370000441712,2.7610891765955667,3.0281210349371186,1.06185358441197,1.0656572248867837,0.914264208260394,1.0540428217310034,1.2851695348412557,1.220594688685736,1.2357315675771678,1.2571814583042882,1.234372536729107,1.212729269778459,1.269536147623658,1.230410187500291,0.9619048901074201,0.9460591705229633,0.9744862725187037,0.956354739318547,1.5057667915426893,1.5292425510224383,1.5209937390323984,1.5554641176551676,0.18307692307692308,0.14461538461538462,0.038461538461538464,0.15107361963190183,0.06671779141104295,0.0843558282208589,0.14084507042253522,0.09389671361502347,0.046948356807511735,0.13593539703903096,0.07940780619111709,0.05652759084791386,3.2941176470588234,3.0576923076923075,3.8225806451612905,3.626865671641791,72.9,68.2,70.0,70.7
401762520,2025-11-30 00:00:00,2025,regular,14,False,South Florida,American Athletic,1751,666.89,Rice,American Athletic,530.06,1144,-27.5,0.260221370791575,0.10494700477039579,0.03385382553278672,0.21108075014320193,0.1584905267302054,0.035611085339495335,0.02988271017054779,0.1252921000875083,0.3642902511349454,0.21999624815231777,0.16341468094306935,0.3100497491993953,0.4560252667583243,0.3864627913926275,0.3343319072479709,0.40598777245554696,0.5183972911374045,0.43768923947981775,0.4133369048903323,0.4434726417131054,0.2943603267208399,0.30268188843922894,0.24768344472187404,0.3082420324222589,3.179897750560343,2.763553172437276,2.7068193375441005,2.9226673565065475,1.2247600253273914,1.0351077322036857,0.9551212943538132,1.054137184995082,1.536036320136129,1.0884711688987851,1.1922168821076993,1.2484561775221565,1.2711555815490228,1.2710641977635904,1.2249644024243316,1.362674655969233,0.9838957962912425,0.9576141498515618,0.9882048151617332,1.0336440336540376,1.5811680288333663,1.573026339560983,1.5676898231146277,1.6430381118228485,0.13623595505617977,0.07865168539325842,0.05758426966292135,0.171875,0.140625,0.03125,0.16819973718791065,0.10643889618922471,0.06176084099868594,0.13097072419106318,0.08012326656394453,0.05084745762711865,4.582089552238806,3.4871794871794872,3.453125,3.5245901639344264,70.6,70.5,73.0,70.7
401752784,2025-11-30 00:30:00,2025,regular,14,False,Auburn,SEC,1661,891.84,Alabama,SEC,993.55,1964,5.5,0.16668133548772307,0.053546975964809715,0.2731473441970549,0.07119878720849529,0.18699521425592308,-0.060029948844563655,0.09415640953482887,0.0920785666245264,0.16138333770425173,0.27546125945944366,0.3989396053632419,0.1402468708115725,0.4554264438533265,0.3539581468200764,0.476206108855528,0.3633719308386273,0.5203543827827632,0.40042272486659763,0.5059459397985719,0.42433835699282507,0.28274461394271166,0.30260507815582743,0.33111694772016875,0.2914546335351097,3.09001010893563,2.2981190378443976,2.9437336082751533,2.778595669193848,1.2231611408387784,0.8265566561932994,0.9883061784028658,1.0151070105176656,1.2699244618659358,0.8787488679785437,0.9769123140324376,1.326208883356982,1.1667634785901304,1.27436613774669,1.293840314691628,1.2529498468780458,0.9744522406602479,0.9414096039639571,0.9372029459111195,1.009977824463621,1.433659624909744,1.568720354695909,1.5901884658020722,1.5175976780483151,0.16305916305916307,0.11255411255411256,0.050505050505050504,0.12884333821376281,0.08052708638360176,0.048316251830161056,0.16946564885496182,0.11908396946564885,0.050381679389312976,0.17457627118644067,0.1152542372881356,0.059322033898305086,4.04,4.190476190476191,3.309090909090909,3.4651162790697674,73.1,71.7,68.4,72.4
401760423,2025-11-30 03:30:00,2025,regular,14,False,San José State,Mountain West,1185,522.91,Fresno State,Mountain West,586.84,1478,2.5,0.1816100455894301,0.21401082152748055,0.07297178335520708,0.15858180215774786,0.10698899449404843,0.10973676011782083,0.022508287158509166,0.11132798295507644,0.25620048251810335,0.3161634088615667,0.2109051273472854,0.22699406123034516,0.4268638279182905,0.4484654608466086,0.3737615330243947,0.4135176865843391,0.4852019137552614,0.509868100568694,0.428993845823846,0.47226855714729693,0.30536082262825226,0.28994220165024487,0.2881574084605374,0.28735156731982253,3.022834645316463,2.978783858421058,2.734747827645966,2.945490455946384,1.1415353077225243,0.9913187542840087,1.0178873556530594,1.116436669214767,1.1251842869796598,0.9953106848931073,1.4222220586531396,1.1905360673034073,1.2613722014386226,1.2602492662158638,1.2479358886301948,1.2376621907851724,0.9462840253481177,0.9388842083346717,0.9900300684831105,0.9389056487773226,1.532695086778767,1.5939961381972974,1.5176626292012316,1.5619335908885292,0.150354609929078,0.06382978723404255,0.08652482269503546,0.1743119266055046,0.11009174311926606,0.06422018348623854,0.12148148148148148,0.07555555555555556,0.045925925925925926,0.16568047337278108,0.09763313609467456,0.06804733727810651,2.6206896551724137,2.913793103448276,3.9696969696969697,3.611111111111111,73.2,69.3,67.1,72.1
401760424,2025-11-30 04:00:00,2025,regular,14,False,Hawai'i,Mountain West,1421,481.2,Wyoming,Mountain West,489.33,1333,-7.5,0.12878500033118168,0.18695772160672885,0.03997654952953297,0.10739510321735514,0.04054291273765924,0.132487081668345,0.03297370905002285,0.1032192615922871,0.24394032527815865,0.2490338211996985,0.14444418343409954,0.1737192591903483,0.39308362923186463,0.4351462989614205,0.3529015240500043,0.39917845485995085,0.43094930351158733,0.4909352712146673,0.4197395698063239,0.45723112659870796,0.32206579673098656,0.30085899525033377,0.27505567444467177,0.28671952290086455,2.7901189813247527,3.18529509730416,2.764777532250007,2.970609472891419,1.0113414991934027,1.152346693242762,1.0169731201988492,1.1128027901346973,1.0446698479862382,1.3184151071814325,1.013067688038885,1.222955180402188,1.2844236229671502,1.2706921642491054,1.2211396886395212,1.2290132729647731,0.9493349057133409,0.9784863197002509,0.9602904464777479,0.9612656565504218,1.5500323144570072,1.5830630958941256,1.5128909105061192,1.553516369483476,0.12780898876404495,0.07443820224719101,0.05337078651685393,0.18541033434650456,0.09422492401215805,0.0911854103343465,0.1461038961038961,0.08928571428571429,0.056818181818181816,0.1390532544378698,0.07988165680473373,0.05917159763313609,3.564516129032258,2.953488372093023,3.689655172413793,2.8333333333333335,70.3,70.5,74.3,69.9
401762518,2025-11-30 00:30:00,2025,regular,14,False,Tulane,American Athletic,1575,650.87,Charlotte,American Athletic,526.3,1035,-30.0,0.19816835854726886,0.14989490722386795,0.0023610043428395067,0.1944822093833357,0.09801001255397936,0.09844712730488529,-0.009850745883788453,0.16002242560471366,0.3305994148142249,0.24849932695311885,0.12806521781478147,0.25844302508910577,0.43169249675620364,0.4405720366222539,0.3406187130477963,0.49816018295546594,0.47687810558188604,0.48784314246970917,0.4038987548630387,0.5549198676656516,0.31384436898616574,0.3114352959052753,0.2667172450599613,0.3103786840262713,3.094822223912595,3.011731849101048,2.511518479507792,3.1535194705013883,1.0962234870600929,1.106557296503562,0.9199127524915234,1.2275065504762572,1.1106140508244362,0.9412715351985386,0.8920364861647805,1.2864510827460565,1.2478204191797078,1.2158971859609122,1.2420387013622773,1.1660190514792514,0.9589359065660258,0.9462699558340716,0.8900084167106624,0.9252318435858942,1.550372043669258,1.508896644303758,1.5913292217089983,1.485535657587928,0.12292817679558012,0.06767955801104972,0.055248618784530384,0.19141914191419143,0.1188118811881188,0.07260726072607261,0.156289707750953,0.0940279542566709,0.062261753494282084,0.10292072322670376,0.06815020862308763,0.03477051460361613,3.9571428571428573,2.6216216216216215,3.753623188405797,4.111111111111111,63.6,73.4,72.7,68.0
401752916,2025-11-28 17:00:00,2025,regular,14,False,Nebraska,Big Ten,1611,821.39,Iowa,Big Ten,710.0,1902,6.5,0.15897716381640245,0.1609501750879851,0.12604139197573033,0.04688765177115353,0.0877782779927926,0.18914982426987076,0.1279582169951856,0.04519614210231285,0.2515106225219982,0.17043282908007834,0.18847682532752072,0.17698821406706405,0.4480161103439826,0.4058108738957884,0.42051490812990766,0.3815994193115223,0.48741077778336184,0.4548057970002004,0.4872047779721948,0.4461583107285754,0.31831212819309024,0.30998062151735817,0.270939858080418,0.2745841522211836,2.976601861294462,3.0724715611067674,3.1722111644758253,2.763518699473569,1.0458249208291974,1.1855287285895084,1.0501858535482431,0.925395406144428,1.0646522157407046,1.4326361336454323,0.9978451491096226,0.9015926453700205,1.2088197729843522,1.2597136123121346,1.1748050315056042,1.1653449094005057,0.9179264635570881,1.0272258876464986,0.9258615029816569,0.9185817139332071,1.516435542305428,1.5200789148659806,1.5248987792411124,1.4828720705434308,0.13884555382215288,0.10140405616224649,0.0374414976599064,0.11947626841243862,0.0867430441898527,0.03273322422258593,0.145,0.095,0.05,0.1766612641815235,0.10372771474878444,0.07293354943273905,3.8548387096774195,4.067796610169491,4.02,3.2727272727272725,67.0,73.1,67.2,73.2
401760421,2025-11-28 20:00:00,2025,regular,14,False,Colorado State,Mountain West,1191,583.71,Air Force,Mountain West,0.0,1350,1.5,0.1274960624086195,0.22597855069693212,0.21411125542786677,0.35286658032016066,0.07989965476863072,0.15390594254979106,0.15690973321003948,0.22943634262642232,0.22616996178484006,0.3151476970768579,0.33740759383363195,0.4111084345213058,0.3925068992852745,0.45353501734580953,0.43811911653221447,0.49931875246326385,0.44424490560601787,0.4928553450094654,0.48686777823723904,0.5267072323023044,0.29498736297591527,0.3209273160821189,0.3052051524508572,0.3498684140712882,2.8584834806418686,3.2323452426426647,3.0009358284989265,3.142002068367903,1.0664799818534398,1.1508360220389755,0.9913690149089067,1.1967720477870039,1.0552453000813804,1.4796124161712425,1.1114003624585242,1.4769043734358103,1.2573289851132539,1.277765633239094,1.2413400159328598,1.3118719942316133,0.9570663838289714,0.9710873574954649,0.9730900076442642,1.0596333006388536,1.5588377305326537,1.5987130423309033,1.6511150680917086,1.5270801882955007,0.2006220839813375,0.12752721617418353,0.07309486780715396,0.10144927536231885,0.07246376811594203,0.028985507246376812,0.13583815028901733,0.0708092485549133,0.06502890173410404,0.09882747068676717,0.05695142378559464,0.04187604690117253,3.3636363636363638,4.233333333333333,3.791044776119403,4.209677419354839,73.8,69.8,72.0,71.1
401752922,2025-11-30 00:30:00,2025,regular,14,False,Illinois,Big Ten,1576,662.13,Northwestern,Big Ten,677.97,1531,-7.0,0.19185208036906545,0.1916100982040181,0.15740808217309862,0.16072131335862866,0.061003661876221776,0.10030118284705139,0.13002757744403623,0.14017475643828808,0.3508089797455609,0.29335696112119497,0.2159420166438494,0.23532419967927257,0.46075116072675015,0.43901168349396996,0.4308269799532624,0.4281059390152213,0.49850935309118166,0.4846091190558403,0.47147901430197137,0.4693964021794875,0.3239205213537448,0.32753276807755816,0.31670455565688116,0.32832248040448314,2.8615890019127295,2.919119636915543,2.917388382496908,2.979641138324039,1.0688356330289175,0.9436847750686193,1.0366900665739875,1.0512040899000477,0.9721911075344503,1.1348644089170894,1.2451524584127773,1.3812579981204636,1.229198603627505,1.2166694794472162,1.2166646799316714,1.2424543729812059,0.9068352441687102,0.9541941505866962,0.9471431562297103,0.9926329695371672,1.562784067753791,1.4668171287264167,1.5307725641118122,1.5222337908699133,0.15692307692307692,0.1,0.05692307692307692,0.15325077399380804,0.07585139318885449,0.07739938080495357,0.13421828908554573,0.07964601769911504,0.05457227138643068,0.13114754098360656,0.07704918032786885,0.054098360655737705,4.338983050847458,3.5283018867924527,4.452830188679245,3.603448275862069,70.0,71.1,72.4,71.3
401752791,2025-11-29 20:30:00,2025,regular,14,False,Tennessee,SEC,1856,866.57,Vanderbilt,SEC,685.42,1827,-3.0,0.28834676825158145,0.11982858296311188,0.35715744014493733,0.18953171729244866,0.18327489702248467,0.0484998074945777,0.2118041650626105,0.04931902700086906,0.3601461890173657,0.23311201255219208,0.4281512856909653,0.32292323155079256,0.5076025690348036,0.4254814420185321,0.513806085820067,0.41568817352428516,0.5538026751047099,0.49904920297728556,0.5222128113815027,0.47359364170531987,0.3163556890185203,0.28473407493115105,0.3726993413505051,0.3122919419372249,3.011821933738263,2.7513693723847377,3.0601788138942054,2.8058100957621863,1.0479950414026842,0.998270445236215,1.167231263497608,1.089604831619307,1.251963752358452,1.1291968221775874,1.6532567598225365,1.125001008500679,1.252090040333771,1.1912123336890237,1.3330532984028078,1.2605960704538488,0.9516005608293886,0.8870965973072561,1.0656537873432224,0.9385806567527425,1.5613973624036155,1.5422071638699604,1.5547097243826897,1.5350964406979823,0.12039660056657224,0.0679886685552408,0.05240793201133145,0.12980769230769232,0.08333333333333333,0.046474358974358976,0.18281036834924966,0.12005457025920874,0.06275579809004093,0.16138763197586728,0.10558069381598793,0.05580693815987934,4.514705882352941,5.0,3.9672131147540983,3.789473684210526,71.6,72.7,69.9,72.2
401752785,2025-11-29 21:30:00,2025,regular,14,False,Florida,SEC,1543,898.58,Florida State,SEC,828.45,1606,-1.0,0.14218199319910205,0.14571460397909702,0.24545784710943158,0.1378770102735516,0.10873522970386922,0.11312631480879914,0.21276942602373072,0.09212013761930737,0.20764022579867997,0.22993109233673537,0.26635414103573507,0.2128318130599465,0.4418530971870902,0.40182020203104873,0.4752231434142676,0.40605763323536054,0.4952293866030362,0.4771182860783073,0.5112719857932541,0.46458744484110065,0.28033169909143735,0.285363365020353,0.33357923769940534,0.2936224575389254,3.1126765442708266,2.838250097737707,3.3455992197861675,2.9238630228463816,1.0323887144230617,0.8905422128186735,1.192738733253919,0.9040765011847536,0.9793907003621225,1.2009305388016318,1.2944045665594577,0.9147056022645891,1.1805319384210013,1.248879432744546,1.2744217739584596,1.2200969909870827,0.8865692547546368,0.9716612537312822,0.9949297349439141,0.929995790877573,1.5344313442632578,1.5405214464112562,1.6183642266525273,1.5463070192989872,0.16260162601626016,0.0959349593495935,0.06666666666666667,0.14145658263305322,0.08543417366946779,0.056022408963585436,0.13062409288824384,0.0783744557329463,0.05224963715529753,0.1515601783060921,0.10698365527488855,0.04457652303120357,3.5853658536585367,3.927536231884058,3.608695652173913,3.979591836734694,73.0,69.4,70.6,70.2
401754614,2025-11-30 03:30:00,2025,regular,14,False,Stanford,ACC,1315,707.27,Notre Dame,ACC,912.11,2263,32.5,0.09359881446776863,0.14397507948021632,0.2745317227300595,0.013205065276354344,0.03916903416758541,0.01657695824989623,0.17880862410456794,0.054809489461977064,0.21409054344625042,0.29076803592148337,0.3391246693823806,0.07638133791787494,0.3853178855895222,0.41437046966553004,0.47448695316889977,0.3482164456471243,0.44171664474051825,0.4629806333221488,0.49486697054132395,0.4170021397160526,0.27704695705508703,0.31715442608409117,0.3524005491531005,0.2765001472585761,2.7038273802939994,2.822520465483657,2.9163477583277393,2.780658729594427,0.8523959039673812,1.003836879070032,1.1823388898017988,0.9114014276097463,0.9740211337634601,1.146901896030792,1.7907507413928412,0.8327676374087829,1.2240218156388474,1.2580231400359012,1.3522666226071325,1.2349572565100786,0.9071406104527242,0.9288137209018216,1.0830925191054221,0.9339447182064448,1.5417802069150808,1.555749150757062,1.5865524781125115,1.5539003084382488,0.17379310344827587,0.10344827586206896,0.0703448275862069,0.1345875542691751,0.085383502170767,0.049204052098408106,0.1456953642384106,0.08874172185430464,0.05695364238410596,0.188,0.09866666666666667,0.08933333333333333,2.9272727272727272,4.712328767123288,3.223684210526316,2.459016393442623,74.3,69.9,67.5,73.2
401760422,2025-11-28 21:00:00,2025,regular,14,False,Utah State,Mountain West,1455,503.59,Boise State,Mountain West,610.65,1621,3.5,0.17688655011857277,0.19221894839434686,0.17019100108581758,0.10583071131385786,0.1381960989125652,0.18439370816560913,0.1170160488442176,0.15761004085652758,0.2511829842752611,0.20427879745000263,0.25806843930353524,0.10494985290940967,0.40477394636352837,0.4393677019461752,0.41055890891462576,0.36395177792688826,0.45265135000763834,0.49033118774267964,0.4658154942647534,0.4182360175551488,0.30848141908496834,0.30579863137791796,0.30172726438078806,0.28672740948075565,2.8325216185061874,3.1501987516412555,2.9357051695890264,2.891102269883513,1.136839970703978,1.1310139149559404,1.006607328580116,1.0856256995442404,1.435750655615129,1.37573928240714,1.3147184125317455,1.42792198905244,1.301861767784166,1.2311432287641753,1.2534370342144552,1.3052931594270196,1.036913833558571,0.9776757856872971,0.9800620053781438,1.0492371926177848,1.5508745495727234,1.5089218797488189,1.5554641931180755,1.5714251912501782,0.16715976331360946,0.12130177514792899,0.04585798816568047,0.1487603305785124,0.09228650137741047,0.05647382920110193,0.12978142076502733,0.06830601092896176,0.06147540983606557,0.15920398009950248,0.1011608623548922,0.05804311774461028,4.339285714285714,3.888888888888889,4.133333333333333,4.211538461538462,72.1,71.6,69.5,71.4
401752917,2025-11-29 20:30:00,2025,regular,14,False,Washington,Big Ten,1802,720.56,Oregon,Big Ten,941.22,2086,6.5,0.25717772510795683,0.0845628732000273,0.3136395299629656,0.016861794521929957,0.16381807011778282,0.0362726452021855,0.24127534815199247,0.06343448484931502,0.3482776190510842,0.19780135888773853,0.34861629002514893,0.10582208031772242,0.47934801590336873,0.3808584228438222,0.49369139009704016,0.3423228028434925,0.5238737131663446,0.4363001571980787,0.5558726103371294,0.4066431574035966,0.31905145804715856,0.2972274129038158,0.29573382592550346,0.2762157777267347,2.8876485275869546,2.8439354066880638,3.2283296817231917,2.7156484532622103,1.103380042722614,0.9182799954794485,1.23975982575049,0.8211882109331856,1.335350383761057,1.0476006555581772,1.7209989437105973,0.8945023425694919,1.2510824162983114,1.2366154100290414,1.2892635086270594,1.2255513134952687,1.0013604382365169,0.925679905886428,1.0277044410602547,0.9427467787492058,1.5080845071820337,1.5365000955005432,1.573033734105542,1.5607656444744595,0.13987138263665594,0.1045016077170418,0.03536977491961415,0.10815047021943573,0.07210031347962383,0.03605015673981191,0.1441578148710167,0.07435508345978756,0.06980273141122914,0.19110378912685339,0.09555189456342669,0.09555189456342669,4.292307692307692,4.230769230769231,3.087719298245614,3.756756756756757,71.8,69.0,69.0,73.6
