id,start_date,season,season_type,week,neutral_site,home_team,home_conference,home_elo,home_talent,away_team,away_conference,away_talent,away_elo,spread,home_adjusted_epa,home_adjusted_epa_allowed,away_adjusted_epa,away_adjusted_epa_allowed,home_adjusted_rushing_epa,home_adjusted_rushing_epa_allowed,away_adjusted_rushing_epa,away_adjusted_rushing_epa_allowed,home_adjusted_passing_epa,home_adjusted_passing_epa_allowed,away_adjusted_passing_epa,away_adjusted_passing_epa_allowed,home_adjusted_success,home_adjusted_success_allowed,away_adjusted_success,away_adjusted_success_allowed,home_adjusted_standard_down_success,home_adjusted_standard_down_success_allowed,away_adjusted_standard_down_success,away_adjusted_standard_down_success_allowed,home_adjusted_passing_down_success,home_adjusted_passing_down_success_allowed,away_adjusted_passing_down_success,away_adjusted_passing_down_success_allowed,home_adjusted_line_yards,home_adjusted_line_yards_allowed,away_adjusted_line_yards,away_adjusted_line_yards_allowed,home_adjusted_second_level_yards,home_adjusted_second_level_yards_allowed,away_adjusted_second_level_yards,away_adjusted_second_level_yards_allowed,home_adjusted_open_field_yards,home_adjusted_open_field_yards_allowed,away_adjusted_open_field_yards,away_adjusted_open_field_yards_allowed,home_adjusted_explosiveness,home_adjusted_explosiveness_allowed,away_adjusted_explosiveness,away_adjusted_explosiveness_allowed,home_adjusted_rush_explosiveness,home_adjusted_rush_explosiveness_allowed,away_adjusted_rush_explosiveness,away_adjusted_rush_explosiveness_allowed,home_adjusted_pass_explosiveness,home_adjusted_pass_explosiveness_allowed,away_adjusted_pass_explosiveness,away_adjusted_pass_explosiveness_allowed,home_total_havoc_offense,home_front_seven_havoc_offense,home_db_havoc_offense,away_total_havoc_offense,away_front_seven_havoc_offense,away_db_havoc_offense,home_total_havoc_defense,home_front_seven_havoc_defense,home_db_havoc_defense,away_total_havoc_defense,away_front_seven_havoc_defense,away_db_havoc_defense,home_points_per_opportunity_offense,away_points_per_opportunity_offense,home_points_per_opportunity_defense,away_points_per_opportunity_defense,home_avg_start_offense,home_avg_start_defense,away_avg_start_offense,away_avg_start_defense
401756964,2025-11-28 17:00:00,2025,regular,14,False,Kansas,Big 12,1499,705.32,Utah,Big 12,707.86,1971,13.0,0.22309683726182106,0.236312708149923,0.3147488459684213,0.09166760023031062,0.1439007096436745,0.1317182830129889,0.27225286673226995,0.1461035625559232,0.3030977975766585,0.3295939973787737,0.31812210081458203,0.10013260850475067,0.4735357432155988,0.4293402372694245,0.4881565159790441,0.38017203361586666,0.5136371274513182,0.47657451029856013,0.524129889760996,0.4330199855087211,0.3175705404320973,0.3167581004633087,0.3362418817319057,0.2912906053829597,3.213104425697061,2.9387294539581563,3.3787865640877754,2.869308355739011,1.2147617364446486,1.1000697753114974,1.3187527848211107,1.100303136395483,1.2496779941484444,1.4961419031154337,1.6672885963532555,1.6059786672312542,1.224941438661035,1.3028614641530598,1.2558735666146423,1.3169053912063438,0.9483691005727498,1.0023822078857405,1.0403007406234384,1.0554729604739213,1.5368257008779356,1.5784243322785263,1.5228003401613923,1.5724828706393046,0.15555555555555556,0.09841269841269841,0.05714285714285714,0.12516823687752354,0.0740242261103634,0.05114401076716016,0.17579250720461095,0.10951008645533142,0.06628242074927954,0.16666666666666666,0.09710144927536232,0.06956521739130435,4.1454545454545455,5.03030303030303,4.392857142857143,2.982142857142857,70.7,73.8,71.8,73.3
401756961,2025-11-29 02:00:00,2025,regular,14,False,Arizona State,Big 12,1653,738.52,Arizona,Big 12,651.62,1651,-1.0,0.15269973118612004,0.10563551625559733,0.1639844554822792,0.09824178993849142,0.12733625204056964,0.07168511543162145,0.13650023525715438,0.12239974176510757,0.21949815569840403,0.17947218182094687,0.19309379546959854,0.1606451962321898,0.4081715805566473,0.3897017340526527,0.41902333622374704,0.3792315930128659,0.4692950715173126,0.45107472026324535,0.4767841909798534,0.4424798357650084,0.2847522102321228,0.2882949552714981,0.29010801780368606,0.2788016696807981,2.9987666286927395,2.87932085704989,3.0260804469663105,2.8924897358017927,1.1616866935850205,0.9877563455389305,1.1585252436373594,0.9995790420611987,1.4037092247774603,1.1040616724906114,1.4009375104096928,1.025898975648583,1.2361945316147052,1.245076391624542,1.2808494810416082,1.235028454022501,0.947663766762428,0.9503580277444081,1.0127760544162079,0.9511438035524252,1.5773505928687424,1.5504950740453207,1.5380687867961453,1.5908592152573002,0.16955941255006676,0.102803738317757,0.06675567423230974,0.1511111111111111,0.09333333333333334,0.057777777777777775,0.19519519519519518,0.11411411411411411,0.08108108108108109,0.20028612303290416,0.11587982832618025,0.0844062947067239,3.196969696969697,4.029850746268656,3.4262295081967213,3.5833333333333335,72.0,68.3,66.0,72.4
401760426,2025-11-28 20:30:00,2025,regular,14,False,New Mexico,Mountain West,1491,378.8,San Diego State,Mountain West,594.27,1530,1.5,0.17291613279488297,0.13738542195401182,0.1049243740807271,0.04968374255566718,0.08660584579285939,0.056670308400125,0.09676294428484324,0.048938995124502824,0.2988738839634963,0.259428633619139,0.17714765649583097,0.10729965743472414,0.4163893459908839,0.3962027826110412,0.40262174566347164,0.39254320811656407,0.45989694958522037,0.44835178368441575,0.48554259908388153,0.45209828927150875,0.31371702536140006,0.2950367046292783,0.25347387929192,0.27653501975891553,2.9393834719683207,2.633052494302888,3.079733350065996,2.9082421157651606,0.968657224804537,0.9318045122194937,1.0448428192562622,0.9303094087543655,1.1262945636840067,1.029537882508142,1.1014449344708301,0.9377530289163407,1.2573654739612856,1.2726894221124427,1.2113895176598726,1.1912387743806871,0.9539928202561285,0.9915160256794635,0.925538621671665,0.9101301650644181,1.5685081070010418,1.5369183074233403,1.5886628758412726,1.5249521860650155,0.14285714285714285,0.09262166405023547,0.05023547880690738,0.12337662337662338,0.07467532467532467,0.048701298701298704,0.18098159509202455,0.11503067484662577,0.06595092024539877,0.15946348733233978,0.08345752608047691,0.07600596125186289,4.051724137931035,3.418181818181818,3.4545454545454546,2.0681818181818183,70.9,71.6,68.4,74.5
401752788,2025-11-28 17:00:00,2025,regular,14,False,Mississippi State,SEC,1492,770.48,Ole Miss,SEC,813.11,1959,7.5,0.1497318145527483,0.15369301343228015,0.2885836631991579,0.14035528339499218,0.09579865150661451,0.1315409188915884,0.15561450317872308,0.16911358232033452,0.23737253069033828,0.21243831319806256,0.3830035170797436,0.1592663188666542,0.4329898269042841,0.4121039025408441,0.4831463471756167,0.3870718509620084,0.487459526189879,0.47077835401514473,0.5002109900256148,0.4595495290582113,0.2990988743837872,0.3009398538969988,0.35220165223325667,0.2780214696043587,2.8672916906695898,3.179105288272102,2.8944727931928926,3.0773518899602026,1.0963355421177274,1.1389447057051596,1.0799997092126203,1.059175130884061,1.0506119895542534,1.2598141189588676,1.3271561189041083,1.2159877316621948,1.2570413601770807,1.2558217747479212,1.2956729257319133,1.2511429622432046,0.9441030658175057,0.9533068742290933,0.974705730922168,0.9948899792845867,1.6004264784513003,1.5834933344827369,1.6081583255239458,1.540712769940796,0.1970310391363023,0.12550607287449392,0.07152496626180836,0.15135135135135136,0.0891891891891892,0.062162162162162166,0.14366197183098592,0.07887323943661972,0.0647887323943662,0.15217391304347827,0.08540372670807453,0.06677018633540373,4.37037037037037,4.602739726027397,3.6721311475409837,3.392156862745098,70.3,72.4,71.9,71.7
401762519,2025-11-29 17:00:00,2025,regular,14,False,Florida Atlantic,American Athletic,1263,605.22,East Carolina,American Athletic,611.55,1491,6.5,0.16110282959431482,0.20120063333693833,0.16391642821986707,0.12041182889789445,0.06126653512621663,0.16323951515722357,0.10328832579253269,0.056065718823036605,0.27779909848047174,0.24923265713336076,0.2706067158871267,0.22399741238830942,0.38508668137137614,0.4431813344540192,0.4412598422356275,0.39390305352390037,0.44355022561752283,0.5018602274817792,0.4829921448374001,0.4602912051930918,0.29644012048633245,0.28711523904149133,0.3166648244827733,0.28220453845726273,2.7416455345719113,2.9462834260413895,2.9867946181577056,2.6872983399414965,1.0013500344855994,1.083265178608719,0.9247386047698949,1.075975876922167,1.0347889604350644,1.4867341692451828,0.9699730351568854,1.2675037934871385,1.3389065250704912,1.2594024632411263,1.1969191987375862,1.2697273373872966,0.9971724798448167,1.0012166853374003,0.902024281492576,1.0023799405054903,1.5875897720965548,1.5478792667662487,1.5384919583853756,1.5327532611892711,0.17408376963350786,0.09947643979057591,0.07460732984293193,0.1294871794871795,0.07948717948717948,0.05,0.137660485021398,0.09343794579172611,0.0442225392296719,0.17872968980797638,0.12850812407680945,0.050221565731166914,3.462686567164179,3.611940298507463,4.529411764705882,3.4339622641509435,69.8,67.9,70.4,70.8
401762442,2025-11-28 20:30:00,2025,regular,14,False,North Texas,American Athletic,1741,569.15,Temple,American Athletic,507.91,1234,-19.5,0.31732119415144233,0.19371600446396675,0.13398752088716565,0.2355553068158968,0.2133054847432661,0.15540949898644313,0.04089825275921333,0.17462198555443043,0.40025313331986845,0.23472367559984583,0.2704805542315179,0.30399907684853505,0.49794355765576065,0.44375003952053127,0.3978219368929658,0.4459503823166539,0.544881142124295,0.4891991556937352,0.45919647836253136,0.4999869723680717,0.32443317289970425,0.303180377117531,0.28987204096082425,0.29973465159917634,3.2453978572292486,3.1620449579848153,2.5994315079416315,3.1404157283402623,1.216310914944935,1.1207758778456574,0.8964120540700338,1.1289361655266874,1.326710150144137,1.3024808616688344,1.184865093228913,1.2564350324578482,1.2827494779226187,1.2531843862966467,1.2232000856407412,1.2659634460612355,1.020068582438529,0.9870776783823215,0.9383794126489746,0.9885322513459719,1.5422988403107598,1.5796229513962632,1.516820256276025,1.5864482762315817,0.09745762711864407,0.06073446327683616,0.03672316384180791,0.1582608695652174,0.10434782608695652,0.05391304347826087,0.14479025710419485,0.10013531799729364,0.044654939106901215,0.14580031695721077,0.08874801901743265,0.05705229793977813,5.025974025974026,4.413043478260869,4.0,4.509433962264151,65.1,72.1,72.0,74.3
401752790,2025-11-29 17:00:00,2025,regular,14,False,South Carolina,SEC,1730,833.26,Clemson,SEC,918.43,1725,-2.0,0.14413461419143697,0.07765180381868,0.18067190388465362,0.14066992347398863,0.11223302584846158,0.007451876506027688,0.09652911037906482,0.08955922047265501,0.23393517659441798,0.22050858704082602,0.2641946090884434,0.21607136525129253,0.41850376308156695,0.3950162530364375,0.43339802745637884,0.384848500200506,0.4723531518137735,0.45406115785116824,0.479364674286755,0.43478665438394243,0.2862845321290607,0.30020467501877235,0.30049590933776466,0.3052806366323357,2.9197493864400856,2.634762102392877,2.963487569509829,2.8352324631584533,1.0966482092887848,0.9277037651440794,1.018223840675011,1.093644104081761,1.1503144554376508,1.1896452753090094,0.9237847164239614,1.1158202699764257,1.280229120333497,1.2128417363928727,1.2285305276634166,1.2873741671023358,1.0162027311368753,0.9348345667107311,0.9353104381133297,0.9780556938210431,1.5530165638853486,1.5059540432771192,1.5280296592157598,1.5680864614049441,0.18995290423861852,0.13814756671899528,0.05180533751962323,0.14705882352941177,0.08970588235294118,0.057352941176470586,0.16167664670658682,0.10029940119760479,0.061377245508982034,0.18305597579425115,0.10892586989409984,0.07413010590015129,2.843137254901961,4.0,3.3636363636363638,3.0689655172413794,72.7,70.3,69.5,72.5
401752921,2025-11-29 17:00:00,2025,regular,14,False,Michigan,Big Ten,1825,907.22,Ohio State,Big Ten,973.69,2158,9.5,0.2395009839176193,0.08876687657770421,0.2940974633688028,0.02921863144211795,0.20828699795118727,0.053767806918730066,0.11657115834679234,0.03704953260628935,0.2792854540006398,0.18429769627725245,0.4587083815690468,0.11254143678373349,0.4792317061052229,0.39905879031703806,0.5128610457086361,0.3597536749825201,0.5255580477130798,0.4519633874588975,0.5499720026126383,0.4402317836554068,0.3152291766189498,0.2961894197578474,0.3307356153514142,0.26473059963876616,3.241093808374892,2.7269447658061456,2.9751631488622765,2.733740486260374,1.1569524722692721,0.8629774670604712,1.0854441160514836,0.9124367736446123,1.5377632869254902,1.031675204969497,1.1446839847300365,0.9123199676099734,1.1998943601218817,1.1735502246682419,1.2000308197734717,1.1666937501820227,0.9673051185056359,0.9159675867922623,0.9104747263415744,0.9411666948509411,1.520253811069664,1.4545810976518259,1.50141040610433,1.4434271861869927,0.11385459533607682,0.07407407407407407,0.039780521262002745,0.10634920634920635,0.06666666666666667,0.03968253968253968,0.17614424410540916,0.10402219140083217,0.07212205270457697,0.16847826086956522,0.11413043478260869,0.05434782608695652,3.6973684210526314,5.083333333333333,3.6363636363636362,2.5806451612903225,69.1,72.6,70.0,74.0
401756968,2025-11-29 17:00:00,2025,regular,14,False,West Virginia,Big 12,1355,662.33,Texas Tech,Big 12,757.49,1997,21.0,0.10436868560323731,0.15575688284855688,0.21672138143939887,0.006575809390017312,0.04003395913877403,0.0567046195449353,0.11941497227612956,-0.006142709468561644,0.20311593143467516,0.28731702937491954,0.3298960060569186,0.11014520315036158,0.38395689242554676,0.4070727412549128,0.43570744722045945,0.33466117340952006,0.43172707696405954,0.4439462010427667,0.482894642595132,0.39443797191655666,0.28202565288322096,0.31885122227606066,0.3172173399927497,0.2723902107173305,2.751072007063106,2.5810190109765,2.7961931590602815,2.5459790948757743,0.9093276186116146,0.9783075288510172,1.056811857053414,0.9082712711317915,0.9723801920277431,1.1969110868269417,1.3096392507344141,1.015642395144835,1.2412992542765193,1.3013747367432789,1.2664492314336984,1.224235776235093,0.9436418114912619,0.9625684453443728,0.9781396055787946,0.9238724598043642,1.595667900909601,1.6055487386834524,1.561819503410308,1.5198707751211447,0.16550764951321278,0.1043115438108484,0.061196105702364396,0.1483957219251337,0.08422459893048129,0.06417112299465241,0.1736111111111111,0.1111111111111111,0.0625,0.2314540059347181,0.14540059347181009,0.08605341246290801,3.611111111111111,3.8875,3.7222222222222223,2.5609756097560976,71.4,69.4,63.6,73.6
401762872,2025-11-29 17:00:00,2025,regular,14,False,Central Michigan,Mid-American,1291,481.16,Toledo,Mid-American,620.13,1642,10.5,0.14044555536557615,0.15461418749065453,0.18195124048392344,0.03076443422583905,0.07401158566166757,0.10565165600847937,0.09787299297593419,0.06789536146037739,0.33675654838190977,0.21549569787557404,0.31670758892249296,0.0801739153952494,0.3798411093409901,0.4468702923028307,0.4162015927712609,0.3843785644547129,0.45228383479824513,0.4887641036860452,0.47182897071288393,0.43945347348112357,0.2823354472970774,0.296940510816119,0.30736947549591137,0.26392019039244263,2.795685389649991,2.987874744150509,2.9594003329361227,2.7242214841041297,0.9446108372998728,1.1623577177369386,1.0882018538203375,0.8581716911249011,1.1673768137945468,1.324291406471699,1.1922331465241849,0.9200618117057734,1.2398824379975735,1.2235810028191867,1.2493726201368156,1.2241053826011197,0.9675308543017758,0.9518309990514192,0.9315998117279845,0.9200011809208676,1.5891233201414896,1.5185130430159473,1.5700556351226158,1.5905679546194846,0.14215686274509803,0.10784313725490197,0.03431372549019608,0.1163141993957704,0.0770392749244713,0.03927492447129909,0.1581259150805271,0.09224011713030747,0.06588579795021962,0.18769230769230769,0.11538461538461539,0.07230769230769231,3.8214285714285716,3.7868852459016393,3.2241379310344827,2.5217391304347827,69.9,71.5,69.0,72.4
401762875,2025-11-29 17:00:00,2025,regular,14,False,Miami (OH),Mid-American,1451,592.1,Ball State,Mid-American,495.35,1018,-17.5,0.09514518566569054,0.1559380702933854,0.011972436974032025,0.18959722170727494,0.07008067028522809,0.11342254478064345,0.0433972592211145,0.12124849572435417,0.21224857135464265,0.23090320658632033,0.0632059506958593,0.31456689443059976,0.37385025449329495,0.4335110755040137,0.29366216416610275,0.4593742720395715,0.4362947417041564,0.4780227155058938,0.36325712462384274,0.4890591562964894,0.29065879843264847,0.3070840752217752,0.2572340205868791,0.3217171872366541,2.898200145419697,2.7661939346044573,2.5257765394058262,2.8790375019270065,0.9783874651781211,1.0239778333450549,0.9176655530196235,1.0161424255133316,1.0665515022257754,1.1908236216203643,1.1797974061570735,1.4591298749868205,1.2456992106528848,1.2415527612798345,1.2817126407789377,1.2748095715513315,0.9452492286207945,0.9502116030881711,0.9908099441426081,0.9890809726690335,1.5759917987833632,1.5370122412920506,1.5748458232025662,1.569728580741338,0.1345514950166113,0.06976744186046512,0.06478405315614617,0.21061093247588425,0.15755627009646303,0.05305466237942122,0.18345864661654135,0.10526315789473684,0.07819548872180451,0.13257575757575757,0.08257575757575758,0.05,3.543859649122807,2.196078431372549,3.7755102040816326,3.6666666666666665,67.4,74.1,72.2,69.0
401757310,2025-11-29 18:00:00,2025,regular,14,False,Delaware,Conference USA,1266,242.85,UTEP,Conference USA,551.88,1208,-5.0,0.1555293415938846,0.2488343169403346,0.00014886697177410313,0.1265191294276677,0.07872451316392308,0.1784415666945823,0.0813131212864531,0.06571385546866024,0.22985963703579862,0.3095043755228321,0.036624702383182994,0.22619911787228178,0.41272153309657644,0.44491183432199294,0.32096794107839116,0.41374531498813677,0.48096711482989507,0.4743764351593123,0.3824225419312793,0.4732925239428821,0.2938570561688649,0.3249869486686334,0.2645287085520644,0.28236093930531264,2.785923416785633,2.950304474776171,2.3933483535683235,2.809180850992797,0.9034621575768385,1.0620906505584922,1.0169763866011374,1.0388161027069949,1.1586060136249605,1.6141423025567274,1.0174339902400027,1.2065044311957587,1.2579371254392904,1.3315504990043971,1.2934654543587958,1.2078759943575275,0.967710023952177,1.0721557155918495,1.0159223687585377,0.9531645698436402,1.4971014379903902,1.5505871596577598,1.550724864673431,1.5178988276827774,0.16421895861148197,0.10146862483311081,0.06275033377837116,0.17450682852807284,0.09559939301972686,0.07890743550834597,0.13636363636363635,0.09090909090909091,0.045454545454545456,0.15893587994542974,0.10982264665757162,0.04911323328785812,3.515151515151515,3.2708333333333335,4.3538461538461535,3.9272727272727272,72.7,69.5,71.9,70.3
401761663,2025-11-29 18:30:00,2025,regular,14,False,Marshall,Sun Belt,1495,590.64,Georgia Southern,Sun Belt,574.48,1250,-7.5,0.14809325678472765,0.16015879121088308,0.17860572339166433,0.30497670088817624,0.06248505647668836,0.07382960224169366,0.13499813739514674,0.24058975121832907,0.29656129873759113,0.29437709025753905,0.2494840433702688,0.35489897503299944,0.42541181989061255,0.3923622317813168,0.4035533013689381,0.5036637010276428,0.4855752183396085,0.4459060064770794,0.4467206594850056,0.5417603299370144,0.2968066254845489,0.2911647784476832,0.31573619190040636,0.34392085774847275,2.97226142978817,2.7613357977167983,3.064731910275058,3.2505602208653044,1.0796731716017536,0.9722624372716434,1.0186088880094395,1.3818221799553516,1.1544974059584707,1.2130897388957778,1.1361363799982709,1.5154198934829637,1.1949211888076736,1.3186684038631764,1.264366323528036,1.2609106436755102,0.9217058864225066,0.9657392228155929,0.9554507130601441,1.0262178727185105,1.5307149598833234,1.6464941398193271,1.5601433759008907,1.5419686425001113,0.12635135135135134,0.0831081081081081,0.043243243243243246,0.14820359281437126,0.09880239520958084,0.04940119760479042,0.1476510067114094,0.09395973154362416,0.053691275167785234,0.13911290322580644,0.08803763440860216,0.051075268817204304,4.016666666666667,4.120689655172414,3.7818181818181817,4.757142857142857,67.6,72.5,71.0,71.8
401757314,2025-11-29 19:00:00,2025,regular,14,False,Missouri State,Conference USA,1366,426.1,Louisiana Tech,Conference USA,493.5,1407,-3.0,0.1445047120341315,0.22833660930770092,0.13920500410066008,0.12320985897378432,0.049646351876369565,0.1564755724141379,0.12332005224507255,0.0878914045505134,0.2758627125690388,0.2935254528772146,0.21949244536612367,0.19196444245803349,0.384338119885751,0.4516392660457911,0.4022263651203402,0.405853526872235,0.44706784684694006,0.5114314597078182,0.46203174428003607,0.43953004828654485,0.2897283759450847,0.29784558294150776,0.288061063932849,0.3115894068423732,2.633525142354545,2.839807007901147,2.9443924805686374,2.8045016373029705,1.122610968982059,1.0886238128890025,1.0656454583754797,1.1470568440624265,1.2696118451422922,1.2491841393038716,1.160584588292846,1.4088356441256138,1.3214394959256617,1.25066661042288,1.2378604419574266,1.2981730883634472,0.9724096015701668,0.9895787500008963,0.9850338728827872,1.0209690594440928,1.6028086457580786,1.5136692101407765,1.5455338348195249,1.551296767813305,0.23766816143497757,0.15097159940209268,0.08669656203288491,0.14390602055800295,0.08223201174743025,0.06167400881057269,0.15074626865671642,0.07462686567164178,0.07611940298507462,0.1757532281205165,0.0781922525107604,0.0975609756097561,3.3275862068965516,3.3035714285714284,3.8333333333333335,3.309090909090909,69.7,71.0,71.3,73.5
401761664,2025-11-29 19:00:00,2025,regular,14,False,Old Dominion,Sun Belt,1635,477.45,Georgia State,Sun Belt,611.97,1104,-26.5,0.19262594657677232,0.06489240489072656,0.10362373776041064,0.26195402885966906,0.12186728647681394,0.05236588857187334,0.06586759196840232,0.1563089852021028,0.31287518881547216,0.1475457898926364,0.20690085117375714,0.3801648398295197,0.4513992729045062,0.3975740808921322,0.3934814856148442,0.46664488448129454,0.4971969884420136,0.45142684129445326,0.4421632406292385,0.49772945329317736,0.32503910751592435,0.2819702501408214,0.3031642678308779,0.34545532799674566,3.10334419995124,2.883916098121818,2.8737339285561387,3.0928343045432127,1.2185094545632515,1.0235549761067677,1.019112989560279,1.0951822002069245,1.51387290667862,1.0222356296363697,1.0781226881348513,1.296957393718079,1.2393348495105325,1.1826287552583177,1.2520790931305126,1.2647418533813692,0.9330999943182617,0.9042275087776329,0.9344235112941774,0.966745445811421,1.6280286473402343,1.5330967615457312,1.55378263734547,1.5881782429958702,0.15052160953800298,0.10581222056631892,0.044709388971684055,0.16301369863013698,0.10136986301369863,0.06164383561643835,0.17348377997179126,0.11283497884344147,0.06064880112834979,0.11874105865522175,0.07439198855507868,0.044349070100143065,3.857142857142857,3.163265306122449,3.327272727272727,4.628205128205129,69.7,71.0,74.3,68.7
401761661,2025-11-29 19:30:00,2025,regular,14,False,App State,Sun Belt,1252,611.31,Arkansas State,Sun Belt,591.27,1302,-3.0,0.09278850101537416,0.20411394132164062,0.037870076571669326,0.181829419599022,0.06678272633546745,0.10934219871485806,0.025298391335418155,0.1266547062015611,0.1869133657444917,0.2981868832636482,0.14128739968196208,0.2591811993838442,0.38166811143132867,0.4603227358878019,0.3919236177283024,0.4523450328257281,0.43393910121654394,0.5085694298553759,0.45314170445914065,0.500519031091823,0.3007330161257652,0.31924076335128493,0.28986261716651407,0.31057519498068187,2.76954545506014,2.912368079633469,2.6839425362190514,2.809062257027792,0.9581762624129664,1.0843054321493806,0.9258403216225409,1.1333198254759527,1.0162721124149636,1.1727532067449753,0.9901106542565679,1.4491002919787863,1.2552689123764327,1.237034784972052,1.1688703132870097,1.2444042306417296,0.9263755756307249,0.9473136974696116,0.9059652697336185,0.9910151589272878,1.5579728942633295,1.5220588024305108,1.4483856065606706,1.5225702572408064,0.1793628808864266,0.08518005540166206,0.09418282548476455,0.18701298701298702,0.10779220779220779,0.07922077922077922,0.14945652173913043,0.08695652173913043,0.0625,0.14992721979621543,0.0975254730713246,0.05240174672489083,3.78125,2.911764705882353,4.074626865671642,4.016393442622951,72.2,68.9,70.4,72.2
401757315,2025-11-29 20:00:00,2025,regular,14,False,New Mexico State,Conference USA,1188,402.9,Middle Tennessee,Conference USA,520.55,1148,-5.0,0.055137794119252154,0.1414295548776107,0.14151424611541377,0.2443118967384546,0.02968934891240972,0.06132241618292112,0.08761626021813884,0.08656745302291179,0.1552435330166652,0.27976898352241236,0.20846456207107827,0.393692189012269,0.362465271001681,0.44475142903573217,0.41643051251716756,0.4666218307158972,0.4168573059540326,0.5069897172092312,0.4774968693759852,0.5070107970021869,0.29190984761693045,0.2845113898246819,0.29745446280368254,0.3102772990584763,2.517340583595175,3.037382154805663,2.8014764414946054,2.7100177186699943,0.9245356761193775,1.048850953246574,1.0074733830280076,1.0336562521852795,1.0782543242121745,1.2399220250340104,1.2311713481871582,1.262743237412559,1.271630932056328,1.220264573586477,1.2411237316424726,1.2884245616131604,0.9878521776323675,0.9537114759300837,0.9528451378865053,0.9485377927055101,1.512035418385737,1.5238901295759897,1.4962715936120967,1.5865921168891897,0.21224489795918366,0.11292517006802721,0.09931972789115646,0.17236467236467237,0.08547008547008547,0.0868945868945869,0.14893617021276595,0.0797872340425532,0.06914893617021277,0.15749235474006115,0.0963302752293578,0.06116207951070336,3.1864406779661016,3.1607142857142856,3.4776119402985075,3.9838709677419355,70.6,70.5,72.2,70.0
401761665,2025-11-29 20:00:00,2025,regular,14,False,Louisiana,Sun Belt,1354,585.82,UL Monroe,Sun Belt,473.34,1013,-10.5,0.11845738909474063,0.21872783929160555,0.07503301384427799,0.22039810610240196,0.11401347981211306,0.17081092486697352,0.02864978397632728,0.09231078700718885,0.19081533575995552,0.27977760097942755,0.21760187433867817,0.3526563739717129,0.3899661925667001,0.4803113704513212,0.3495315467322232,0.435443690069313,0.46024764926618156,0.523784549301336,0.41557019223971964,0.4743025919669901,0.277534735185595,0.3064293379290773,0.2779330341913542,0.3163167003544749,2.931599884095816,3.2507011063820968,2.6386703489682044,2.903672756662311,1.077916118255156,1.1331183193800294,1.1019072095292586,0.9543210783093237,1.2776176927693865,1.1888494127755025,1.2978323520359718,1.2493588987548792,1.2283756218949737,1.2084588012456932,1.3058959163347523,1.3126068274435245,0.963453423178339,0.9648502868133665,1.0050597832407766,0.9936961874391861,1.5722515978042328,1.5104457449475408,1.5999119666445085,1.6059496635832549,0.16905901116427433,0.11323763955342903,0.05582137161084529,0.21247892074198987,0.13490725126475547,0.0775716694772344,0.128698224852071,0.08136094674556213,0.047337278106508875,0.14326241134751774,0.09645390070921986,0.04680851063829787,3.543859649122807,3.022222222222222,3.4696969696969697,4.260273972602739,72.5,69.6,73.3,66.4
401761667,2025-11-29 20:00:00,2025,regular,14,False,Texas State,Sun Belt,1533,612.16,South Alabama,Sun Belt,544.87,1375,-9.0,0.26073590654337064,0.23096314885320715,0.13764136692083426,0.2239138322731148,0.1988561775378873,0.13298707184026465,0.12224822947664074,0.14440714917114048,0.31862755244712937,0.29985458578165064,0.20966297318546523,0.3109404084158418,0.446214880261525,0.4538965244973918,0.3925458625779058,0.4356255033738358,0.48427486522779595,0.4871437406839142,0.46120429875766605,0.49714591198678915,0.3317766782592808,0.3292174998580358,0.2815153893438994,0.2916771391895589,2.9370040170106484,2.9474022819739143,2.9397920378172335,3.0733093169484498,1.1140871775686156,1.1361540716745187,1.0016333787097649,1.116398330869584,1.4985951495708048,1.2432423654695455,1.0986244339995,1.0791465096221011,1.2976547759631434,1.2785177714049971,1.2305193598960682,1.261718211518046,1.0528665103933204,0.985071846758305,0.9957644286957206,0.9467017999544011,1.556122102928338,1.5597196891167324,1.5300023944162788,1.6129114601475065,0.13306982872200263,0.09090909090909091,0.04216073781291173,0.12534059945504086,0.0885558583106267,0.03678474114441417,0.135752688172043,0.09274193548387097,0.043010752688172046,0.1409090909090909,0.07727272727272727,0.06363636363636363,4.475409836065574,3.983050847457627,4.384615384615385,4.258620689655173,73.6,69.2,71.7,70.1
401762517,2025-11-29 20:00:00,2025,regular,14,False,Tulsa,American Athletic,1119,594.78,UAB,American Athletic,540.93,1175,-9.5,0.08494337937279918,0.17410624870581082,0.1235758646957518,0.255044546478757,0.060094145202084115,0.08252501931803752,0.09911067834491474,0.16404956903651416,0.14688785996173073,0.29279356250666266,0.213649243750557,0.3471873197609987,0.38697274959477435,0.4373913550235671,0.39705233967635783,0.4705954768558492,0.44019704262329956,0.4836299476704391,0.453778377075463,0.5285115941220823,0.2960201393567808,0.3080923091161169,0.3030546839112124,0.2969826117656633,2.827230399434173,2.9208429455916285,2.9517210725577776,3.194911383414123,1.0985541153310527,0.9871045478768032,1.0048567654510556,1.0771781753620842,1.184554857983028,1.2235357040123156,1.2403479877225052,1.0655704001664055,1.255074666689249,1.2390020757791722,1.2791528629623934,1.2481599904537601,1.0026179364965901,0.9488381697237578,0.9853097629675042,0.940140433416961,1.5174102164012062,1.565294848771252,1.5272105372248383,1.625554424421667,0.17897371714643304,0.11514392991239049,0.06382978723404255,0.1642651296829971,0.0994236311239193,0.06484149855907781,0.1222366710013004,0.08062418725617686,0.04161248374512354,0.11330049261083744,0.0722495894909688,0.041050903119868636,3.274193548387097,3.3035714285714284,3.8333333333333335,4.776119402985074,73.3,65.4,71.4,65.1
401757313,2025-11-29 20:30:00,2025,regular,14,False,Liberty,Conference USA,1457,599.12,Kennesaw State,Conference USA,338.87,1385,2.0,0.16442888130207783,0.2065159115272832,0.1664213391170982,0.18913473962077748,0.16111896095584907,0.15233534340385615,0.11755163807186027,0.11931855522149916,0.22854870001453456,0.2577893451427682,0.2875657903882148,0.2590004614363477,0.4328097320950513,0.44973515394564484,0.40866955348392453,0.44520152718389067,0.48691889577183295,0.4845101042208064,0.45302779291726275,0.5082329767105878,0.30417444541846467,0.3132793978172719,0.3147296435027706,0.27886731161895756,2.902764613114433,3.1355352687021814,2.8725484268085415,3.0604426379362892,1.0873352345733618,1.0744836687288952,1.0609393481287197,1.071712233780086,1.238555575367454,1.1511200023937662,0.911616977311139,1.3363079972651069,1.2229117932481606,1.221761273402267,1.279931647763905,1.2352067578603492,0.971444689267258,0.9454515288597791,0.9808977687136722,0.9813255402759137,1.548812056673524,1.5422458522843552,1.6006527955966023,1.5117155876516561,0.1648854961832061,0.0916030534351145,0.0732824427480916,0.14033850493653033,0.08674188998589563,0.0535966149506347,0.1308980213089802,0.0700152207001522,0.060882800608828,0.1603905160390516,0.09205020920502092,0.06834030683403068,3.58,3.2238805970149254,3.5074626865671643,3.7758620689655173,71.6,70.0,70.1,74.2
401761666,2025-11-29 20:30:00,2025,regular,14,False,Southern Miss,Sun Belt,1297,602.53,Troy,Sun Belt,561.87,1362,-7.0,0.1389871847914241,0.1467473194548203,0.06510427692511182,0.159376396300804,0.08776541882235928,0.1373663494945198,0.019073919401457376,0.10642849010335849,0.24503577850443548,0.20761253173186994,0.17700406995690074,0.2385130931868451,0.3786099200805917,0.4431874063331184,0.3586216259671391,0.42804273989344094,0.4359535464031596,0.49930067321263927,0.41625563911828534,0.4729232387797753,0.2998383478086881,0.29114834487675234,0.2879927072374109,0.3063814043216847,2.9187703642615066,3.0415083996872965,2.7577728354196,2.952155926225884,0.9437717350062543,1.028934386792086,0.9049994392657336,0.9987880799651079,0.848599232820094,1.1293203479091578,0.9260739695508728,1.3647601546252213,1.2846851362643708,1.2175472650901538,1.2764230353628379,1.2692028364318961,0.9502148092243613,0.9752541735791801,0.9261473987380334,0.96952502727583,1.6152408487200614,1.5128993765270973,1.6049059118849938,1.594304495497407,0.15429403202328967,0.08005822416302766,0.07423580786026202,0.19790104947526238,0.13193403298350825,0.06596701649175413,0.16621983914209115,0.08579088471849866,0.08042895442359249,0.15988372093023256,0.10319767441860465,0.056686046511627904,3.901639344262295,3.5510204081632653,3.796875,3.1666666666666665,70.5,72.9,69.1,72.1
401761662,2025-11-29 20:45:00,2025,regular,14,False,Coastal Carolina,Sun Belt,1228,610.88,James Madison,Sun Belt,459.53,1874,22.0,0.10506484671142852,0.22067069439857667,0.18244690064200075,0.05542428334599124,0.09940796562984155,0.17501045561085765,0.1458978989372328,0.037191561152726385,0.15886208069865781,0.2827647512694781,0.2820386364030683,0.1571202691328768,0.3761384854942286,0.4567837148187388,0.42436418274164267,0.3175070193778885,0.42574614063257926,0.5018148593307309,0.48221937677689264,0.36571854056076736,0.29873783803194925,0.3203051532069695,0.30858076931596196,0.2748620312684399,2.7964358932396003,3.0315850408489604,2.9845051011487485,2.596097919394582,1.087440933759851,1.215588499630317,1.1197430023510722,0.8603584309978527,1.351900141814569,1.5206454598785093,1.3864186056735983,0.9267630842150214,1.2571142917383142,1.2732583168876812,1.2814532745185991,1.3050607782455852,0.9850566202214578,1.0149049158649164,1.0027007662214027,0.9871686676808205,1.5837786855468836,1.5327666218839426,1.5959001987238066,1.6014114239458637,0.1883614088820827,0.12098009188361408,0.06738131699846861,0.12034383954154727,0.07020057306590258,0.050143266475644696,0.14732724902216426,0.09778357235984354,0.04954367666232073,0.18959731543624161,0.10738255033557047,0.08221476510067115,3.9622641509433962,3.73972602739726,3.5316455696202533,3.5142857142857142,69.5,70.2,67.6,72.9
401752946,2025-11-29 23:30:00,2025,regular,14,False,Washington State,Pac-12,1508,569.46,Oregon State,Pac-12,667.99,1175,-13.5,0.15046840829184524,0.11555245612778786,0.09068382237662223,0.2147901748451147,0.09430291614077856,0.09831821475536709,0.027197437841876212,0.11904547789915276,0.2338289247343828,0.18201803285248375,0.19245751734421462,0.3245392815757502,0.4307122550639875,0.417493312685325,0.4183755794912286,0.4090205192968573,0.4981608641359155,0.49481294032529044,0.4687969595291454,0.45191752405841273,0.2875136537627863,0.27185686483152427,0.2992689421530688,0.3040552228902183,2.849850535111383,2.937928975654834,2.7366238402199192,2.8182814914801457,0.9484860551026637,1.1071257703979134,0.9214668851147351,1.1136948971500358,1.0038971475061058,1.1254721961541139,0.9248099122603932,1.3091299321897825,1.1855346478575763,1.1870295077299315,1.1900875232954662,1.3327698734956233,0.921290835285546,0.9344704071179992,0.8792627891309113,0.9642167247739583,1.5085509204397038,1.5025619035795235,1.5115062214184813,1.6955419601329753,0.15821812596006143,0.08755760368663594,0.0706605222734255,0.1590594744121715,0.08990318118948824,0.06915629322268327,0.1345514950166113,0.09800664451827243,0.036544850498338874,0.1674641148325359,0.09728867623604466,0.07017543859649122,3.96,2.864406779661017,3.357142857142857,3.306451612903226,72.2,68.8,71.1,69.4
401760425,2025-11-30 02:00:00,2025,regular,14,False,Nevada,Mountain West,1303,488.69,UNLV,Mountain West,700.54,1663,7.5,0.0749397760653761,0.1613669102354372,0.24776697187876956,0.2392509945616933,0.07302795325651111,0.15204833225946127,0.1808352524869159,0.18284638321927613,0.14056615847756515,0.20227487203430397,0.3083276541632808,0.27579393882307923,0.36938685622768064,0.42675233779160415,0.4498897036631919,0.4514614786860951,0.4288245973567358,0.5006424043174486,0.4977324053447579,0.49985103656422114,0.2829996804336767,0.2740580884783988,0.32298699641129597,0.3142812113328057,2.882921068661312,2.927060097735385,3.044424061485883,3.143639734022332,1.0541832437657865,1.0630925555847308,1.157883487950173,1.2395618832161304,1.1685725668056384,1.0711692397374333,1.5050840881731937,1.505431377533573,1.2455363263832222,1.1933076976701278,1.3015558604271436,1.3112031101077952,0.9502624961091013,0.9747717551163938,1.0138592521400025,1.0220257486404045,1.5663267974823345,1.4590914921944593,1.5763443017319705,1.5736100757622933,0.17966101694915254,0.1135593220338983,0.06610169491525424,0.16516516516516516,0.1021021021021021,0.06306306306306306,0.14666666666666667,0.08888888888888889,0.057777777777777775,0.1519756838905775,0.08966565349544073,0.06231003039513678,2.7547169811320753,4.6440677966101696,4.035087719298246,3.819672131147541,69.3,72.6,71.4,72.0
401756965,2025-11-29 17:00:00,2025,regular,14,False,Kansas State,Big 12,1680,705.85,Colorado,Big 12,755.2,1338,-17.0,0.20536860484243336,0.11501900037297341,0.12165943020178993,0.17704563488162298,0.1456407178085606,0.11191281644178831,0.07016567567141643,0.11705787336498862,0.24895672625236578,0.1730364453434281,0.20449746253470472,0.29750174040791166,0.4106267712269135,0.391110590746787,0.3666387817584696,0.4138712831238331,0.466194429192178,0.4568672238913626,0.40645905796908854,0.47616027633782054,0.2990716070339153,0.2822417160065242,0.29930543203050936,0.2895908222267142,2.7607781972393397,2.8690012984168414,2.786866606750185,2.9205836849136064,1.1039865070386996,1.0858248497705738,1.0663693854850411,1.1370286776529293,1.6801740500228852,1.2533542696491855,1.1926168899555605,1.6312830922335584,1.3290011969099131,1.2686245338129125,1.2997952520744471,1.3021304197228816,1.0535751462634866,1.001215858627916,0.9746901085694343,1.0121445025170892,1.5743337140684137,1.554001491989815,1.5996270340934946,1.6295464763521856,0.189792663476874,0.12280701754385964,0.06698564593301436,0.20441988950276244,0.1408839779005525,0.06353591160220995,0.16575342465753426,0.09452054794520548,0.07123287671232877,0.1543450064850843,0.0946822308690013,0.05966277561608301,3.909090909090909,3.607142857142857,3.328125,3.9027777777777777,69.8,70.2,71.1,70.4
401756967,2025-11-29 20:30:00,2025,regular,14,False,TCU,Big 12,1602,745.01,Cincinnati,Big 12,644.1,1569,-4.0,0.17170331961362356,0.10470661827507757,0.2533768496831888,0.19472419695322352,0.055917613221802505,0.0445636600204114,0.163585321213136,0.13859495175919684,0.3097746507458059,0.2471145851155653,0.3548507006577224,0.25316705452667665,0.43702830650718927,0.39378818619869527,0.4664217376053853,0.43541069868678617,0.48965642115270475,0.4372490870616442,0.5090741135457808,0.4830182103262131,0.30788838762902654,0.3045207230410346,0.32473169339464586,0.31375693353791884,2.698584603828601,2.762257104926036,3.2700493097985417,3.066719852505986,0.9722955538997695,0.9381944324101011,1.2532213732424653,1.0080772078833697,1.2183624342394035,0.9685718640283004,1.2009286626394815,1.143734832348382,1.2568335969027216,1.246360885263639,1.2628804098507895,1.2168972433366112,0.9127915332736349,0.9309462097932965,0.9741778531187759,0.9485712232679187,1.5695506206709615,1.556202260438532,1.567013241110432,1.5236828095407873,0.16975748930099857,0.09985734664764621,0.06990014265335236,0.12218649517684887,0.06430868167202572,0.05787781350482315,0.15211267605633802,0.09436619718309859,0.057746478873239436,0.12990527740189445,0.07983761840324763,0.05006765899864682,3.7096774193548385,4.333333333333333,3.359375,3.929824561403509,70.0,70.7,70.0,73.9
401754611,2025-11-29 17:00:00,2025,regular,14,False,Pittsburgh,ACC,1691,681.21,Miami,ACC,874.57,1907,6.5,0.15257340784535212,0.09780279122784277,0.22681898525506228,0.04460836771785494,0.08043513809083332,0.028033604266491957,0.09816795809097806,0.028328274941321632,0.2659852478722964,0.2090449365121978,0.3922229497379113,0.16120737637744942,0.4022019582893718,0.3552468125425643,0.472223660655197,0.3526270980342389,0.45602108485243514,0.4133417213490568,0.5140789959799542,0.4051108749325528,0.29411476784867546,0.28753349313063,0.30839107156285367,0.2975354752642912,2.842765923881034,2.5282847566581945,3.0228681927688523,2.5869854125464347,1.051475803162654,0.9040729891051702,0.9819860446513967,0.9362321872420608,1.1646181100969302,1.042636121587279,0.8739338658672395,1.0348158169980974,1.2885084789003198,1.2970493244195131,1.2061162764921214,1.2510420712245731,0.9591892650498391,0.970691530832391,0.8914287309924177,0.9776210073477002,1.5850350092846566,1.5725570824195532,1.5639230734614882,1.524231595139621,0.17579250720461095,0.0994236311239193,0.07636887608069164,0.10766961651917405,0.05309734513274336,0.05457227138643068,0.1856115107913669,0.11654676258992806,0.06906474820143885,0.19692307692307692,0.11538461538461539,0.08153846153846153,3.7012987012987013,4.485294117647059,4.173076923076923,2.784313725490196,64.7,70.8,69.6,74.6
401756966,2025-11-29 17:00:00,2025,regular,14,False,Oklahoma State,Big 12,1084,702.74,Iowa State,Big 12,648.93,1655,14.0,0.02809738308618065,0.23459398845205176,0.17245426648187154,0.11031135003895605,0.02086667711027823,0.10861013927266598,0.12973195859668207,0.06696243958662401,0.094193608849505,0.3812481845350424,0.2548380835956508,0.25152611108357686,0.3551324254543395,0.4307534256589116,0.44513486371194744,0.39839347032487593,0.4190395881396865,0.4788529909855112,0.49610208015341434,0.4485678474120472,0.26421212404321737,0.3119079480236428,0.30572901475047487,0.3001710210729916,2.8053149599542544,2.8032049048656176,2.9317456726937503,2.8837787855263066,1.0020484079686047,1.0252969685446223,1.0195189129463018,1.0920496171159564,1.0881253458150608,1.2493586956868827,1.1675849735802295,1.13179585383359,1.2296534838177258,1.3164164906476261,1.240215063875683,1.2370721168368743,0.9383071162397195,1.0126318499376314,0.96118552297831,0.9322994649066569,1.5310375925454571,1.5909423224834145,1.5559727048587106,1.5530791244283004,0.18501529051987767,0.10091743119266056,0.08409785932721713,0.15660919540229884,0.08477011494252873,0.07183908045977011,0.14534883720930233,0.09738372093023256,0.04796511627906977,0.15396113602391628,0.08520179372197309,0.0687593423019432,2.6511627906976742,3.3142857142857145,4.173913043478261,3.0806451612903225,74.6,68.9,69.9,73.1
401756963,2025-11-29 18:00:00,2025,regular,14,False,BYU,Big 12,1781,649.36,UCF,Big 12,709.99,1464,-17.0,0.2113428971152671,0.06692120305095046,0.11220881757294172,0.12210305902816729,0.1717090510826597,0.07723706996724891,0.09611084807898079,0.14684142114686338,0.2763233139745145,0.1387430979010475,0.17012958936542047,0.15348106913185192,0.45746925434893915,0.38625548260238735,0.3911562638872753,0.4254019530449272,0.5208388597211592,0.46485315161799,0.46222298599894296,0.4982339062442154,0.29053943036744967,0.26676414533894577,0.2742126273514234,0.28035652634678365,3.033666314924539,2.918874881499639,2.764716549608961,3.035608065680708,1.1289334220300076,0.998801098992481,1.0827430651942707,1.0788807738995667,1.0409758417430839,1.275074584239896,1.346350809926842,1.0804764194107201,1.2154130687201818,1.225394579011749,1.275955896053718,1.1922728536600153,0.9580501012738659,0.9530734835371358,1.0281376512910922,0.9538902271666385,1.5420943410506747,1.5226864186317337,1.515453137560103,1.5040958005443084,0.13275613275613277,0.07647907647907648,0.05627705627705628,0.18222222222222223,0.11259259259259259,0.06962962962962962,0.15119760479041916,0.08682634730538923,0.06437125748502993,0.15657311669128507,0.0930576070901034,0.06351550960118169,3.8484848484848486,3.0384615384615383,3.1818181818181817,3.6,71.6,72.1,71.5,72.1
401757311,2025-11-29 18:00:00,2025,regular,14,True,Sam Houston,Conference USA,1068,477.35,Florida International,Conference USA,562.61,1343,10.0,0.018134952436797774,0.21649835025939618,0.11117426171121837,0.1510876641652622,0.0808508190066446,0.1458687111230382,0.08381746688634238,0.11339055485254065,0.06667778752048667,0.320259007759796,0.22044831488081867,0.23888977052983743,0.3564851789597039,0.4789757046598194,0.37304546156512663,0.4213013996660211,0.4438105551185503,0.5224950240556422,0.4428092374739752,0.4754926621203834,0.2564440522938997,0.3211342453225089,0.2822186078541705,0.29289734436191006,2.675557580030942,2.942014035952846,2.698365872042053,3.1514340721204928,1.041128478769089,1.236556396736271,1.0008627297009478,1.1919985165335494,1.538766100745415,1.4153800111410486,1.3413866360672329,1.308267842951898,1.2407417421656521,1.2487075921134936,1.2857813319765574,1.2546561830226457,0.9998254485781746,0.9746186246430999,1.0313325699625553,0.956240758130942,1.4907051224711994,1.5394444496409934,1.5172275984114818,1.5674943258328549,0.19869942196531792,0.12644508670520233,0.07225433526011561,0.16477272727272727,0.09232954545454546,0.07244318181818182,0.1460823373173971,0.099601593625498,0.04648074369189907,0.16381766381766383,0.08404558404558404,0.07977207977207977,2.612244897959184,3.966666666666667,3.7857142857142856,3.4242424242424243,73.2,70.2,70.0,69.6
401754608,2025-11-29 20:00:00,2025,regular,14,False,Syracuse,ACC,1230,727.83,Boston College,ACC,650.12,1311,3.0,0.05983311560249287,0.21631081766736798,0.14282637512032392,0.25964980046123615,0.05980852566019294,0.13719558440010715,0.08149012172524735,0.15265462152446113,0.12062999431768404,0.32250220734376805,0.2108251629405002,0.3725984003458309,0.3905266777588449,0.4296619684757615,0.4305081477168842,0.43534130684550215,0.4404777809354068,0.4867400862676015,0.47386996860022235,0.4633809248853481,0.2852266825977561,0.3085847855931248,0.31044669454374835,0.3411114663292505,2.780993296604771,2.9110456510393297,2.8187963133273186,2.9803439571398864,1.0450389313221018,1.2513804415980303,0.9883025705228767,1.0769191626843186,1.0418177628604872,1.7144707898021572,1.128702323589266,1.5711727944934926,1.2196682881735026,1.266498997038356,1.2181794290105843,1.3336621801823436,0.9385679698008415,1.018541496213439,0.9231893110515269,1.0183739932934404,1.5345394707342992,1.5228244007032545,1.4948517058784945,1.6251241578879485,0.21015514809590974,0.11706629055007052,0.0930888575458392,0.1717877094972067,0.10335195530726257,0.06843575418994413,0.130568356374808,0.08755760368663594,0.043010752688172046,0.11304347826086956,0.06521739130434782,0.04782608695652174,2.358490566037736,2.8703703703703702,4.311475409836065,3.8208955223880596,72.1,70.8,72.9,69.0
401754610,2025-11-29 20:30:00,2025,regular,14,False,Duke,ACC,1573,669.18,Wake Forest,ACC,627.16,1542,-2.5,0.19780181702206645,0.22094617286538382,0.11444369353460472,0.04468460173424668,0.07534989004574966,0.11072917584589108,0.10132099472585104,0.03830437480536231,0.3277195984957742,0.3416256335078901,0.18343320694980925,0.13516433323514143,0.4419063809590253,0.4329420302044607,0.3721098556367725,0.3476878236439542,0.490800442747757,0.4847756330508183,0.43461437980510387,0.4077828866425227,0.31562942334780425,0.31705853415857643,0.2731670432911394,0.27708682847206517,2.8607573944728424,2.7192179605697198,2.81483180275747,2.6558503309780903,1.1233552784680771,1.0660042653770194,0.9699974020986255,0.9683030859430056,1.457278829674328,1.4198989495116323,1.1882508384048147,1.0673638222257027,1.2867967400384006,1.30323406320259,1.3142406629603305,1.2183251342187165,0.9616357027558792,0.9980093432337106,1.0148942375922716,0.9355923018758757,1.5757506600566298,1.5804850443653113,1.5921131451982198,1.5515457979633995,0.15601783060921248,0.09806835066864784,0.05794947994056464,0.15303030303030302,0.0893939393939394,0.06363636363636363,0.1738484398216939,0.1188707280832095,0.0549777117384844,0.16666666666666666,0.10310734463276836,0.0635593220338983,4.209677419354839,3.09375,4.576271186440678,2.921875,70.1,72.2,68.6,70.4
401754613,2025-11-30 00:00:00,2025,regular,14,False,Virginia,ACC,1604,666.74,Virginia Tech,ACC,712.19,1409,-10.5,0.16386039489724757,0.10028330911667971,0.1896675607397117,0.2618817767703083,0.13996969785901792,0.09128379609490772,0.1943997329654203,0.14108725459736282,0.25429711525235266,0.18557729924249605,0.18156880386770224,0.3937305652171651,0.4165234800320449,0.3938548461168416,0.438967595739194,0.4434458105445939,0.4562882612374164,0.4552209724547398,0.49989582061784776,0.4894619434594872,0.3124233367986607,0.2836425775966551,0.2886952904900309,0.325319203620286,2.943541512944714,2.863985396211562,3.273713806539206,2.9269281149997517,0.9858541532658236,1.0039706696400839,1.2509507370170438,1.0912994536596823,1.268997360710061,1.076613086624909,1.3935626136883414,1.1591432502974814,1.273291237535173,1.2137723825538034,1.2565038909912998,1.258631361457169,1.0085997687436912,0.9505003215817106,0.9813596066933331,0.9680375367673381,1.5471144301908195,1.5098259228735855,1.5864121128076194,1.5546410700561706,0.13972602739726028,0.0821917808219178,0.057534246575342465,0.16944024205748864,0.1043872919818457,0.06505295007564296,0.1951588502269289,0.09984871406959153,0.09531013615733737,0.11265432098765432,0.07253086419753087,0.040123456790123455,3.5454545454545454,3.6470588235294117,3.2264150943396226,4.629032258064516,69.6,73.5,72.9,70.4
401754612,2025-11-30 00:30:00,2025,regular,14,False,NC State,ACC,1481,707.51,North Carolina,ACC,753.2,1364,-7.0,0.21672574732179645,0.20457923086563987,0.08864971715541761,0.18751423568295006,0.11189031531614049,0.1224470131680278,0.016743215262742486,0.1326488240972601,0.3111609289080817,0.2974116411960324,0.23149676703871347,0.22652104215224836,0.42944152696245236,0.3922681139393059,0.39289472104182904,0.4286373347041617,0.472236089170759,0.4479921797915548,0.4387367062727772,0.4835373523837993,0.3085856393351991,0.3064003485259788,0.2915650382352761,0.29509283636111844,2.8665951690146763,2.8756188940187775,2.8413740618291206,2.8707658532979257,1.062164689033988,1.0156386067748582,1.0083465434997039,0.9582655401063139,1.3256170814097903,1.2732648015553294,0.9518489691630163,1.0955169028343164,1.3013790943476455,1.3326231573090508,1.2158464636100772,1.2389219292451157,0.9956615299424942,1.009139673211248,0.9149183186251758,0.9643171099793973,1.5806813139395457,1.5969484880121538,1.5216143565829865,1.5138294793779234,0.17182662538699692,0.11145510835913312,0.06037151702786378,0.16946308724832215,0.11577181208053691,0.053691275167785234,0.13532763532763534,0.07264957264957266,0.06267806267806268,0.1511627906976744,0.09738372093023256,0.05377906976744186,4.3061224489795915,3.090909090909091,3.914285714285714,3.5454545454545454,72.8,69.9,70.5,72.1
401754609,2025-11-30 01:00:00,2025,regular,14,False,California,ACC,1351,726.21,SMU,ACC,766.67,1860,13.0,0.07499579532998783,0.18077197878379744,0.23461728557255246,0.05052611055055313,-0.012358168341939368,0.1554402414163146,0.1079521836298379,0.0015809762133242033,0.1894336570055479,0.2056276514232922,0.3590286926899543,0.20581527419430914,0.38185968056202024,0.41839241657605974,0.429909384415306,0.38879044725128625,0.42681592665671253,0.4812263178483596,0.4756962008927821,0.42849153936039597,0.3022202659621386,0.2927935954938094,0.3076616079422964,0.31123464579104054,2.5823760506834583,3.14017700006157,2.9081615968141374,2.864479735359807,0.8104800040244987,1.086882979660059,0.9849767867257297,1.0047677401642,1.009577963459689,1.2036671559664391,1.326376484636219,0.8886510060123718,1.2631970557004273,1.2272839237736297,1.3301701859885275,1.2443472676136038,0.937819590205389,0.9613730050609534,0.9886264431235071,0.9290210864999415,1.5299576023141928,1.539404345532206,1.6014423212416495,1.5363205405178404,0.18523878437047755,0.10709117221418235,0.07814761215629522,0.17293233082706766,0.10075187969924812,0.07218045112781955,0.16691505216095381,0.08643815201192251,0.08047690014903129,0.20026702269692923,0.11348464619492657,0.08678237650200267,3.693877551020408,3.71875,3.6379310344827585,2.526315789473684,73.0,70.2,72.1,70.0
401752916,2025-11-28 17:00:00,2025,regular,14,False,Nebraska,Big Ten,1611,821.39,Iowa,Big Ten,710.0,1902,5.5,0.1589771638164023,0.16095017508798495,0.1260413919757302,0.04688765177115381,0.08777827799279261,0.18914982426987068,0.12795821699518584,0.04519614210231322,0.2515106225219982,0.17043282908007806,0.18847682532752036,0.1769882140670641,0.4480161103439821,0.4058108738957885,0.420514908129908,0.38159941931152225,0.48741077778336195,0.4548057970002003,0.4872047779721944,0.44615831072857537,0.31831212819309035,0.30998062151735817,0.2709398580804179,0.2745841522211838,2.9766018612944616,3.072471561106766,3.172211164475826,2.7635186994735683,1.0458249208291974,1.185528728589508,1.0501858535482431,0.9253954061444276,1.0646522157407035,1.4326361336454356,0.9978451491096216,0.9015926453700204,1.2088197729843522,1.2597136123121349,1.1748050315056047,1.1653449094005062,0.917926463557088,1.0272258876464984,0.9258615029816569,0.918581713933207,1.5164355423054283,1.5200789148659808,1.5248987792411126,1.482872070543431,0.13884555382215288,0.10140405616224649,0.0374414976599064,0.11947626841243862,0.0867430441898527,0.03273322422258593,0.145,0.095,0.05,0.1766612641815235,0.10372771474878444,0.07293354943273905,3.8548387096774195,4.067796610169491,4.02,3.2727272727272725,67.0,73.1,67.2,73.2
401760422,2025-11-28 21:00:00,2025,regular,14,False,Utah State,Mountain West,1455,503.59,Boise State,Mountain West,610.65,1621,3.0,0.17688655011857274,0.1922189483943471,0.1701910010858175,0.10583071131385796,0.13819609891256524,0.18439370816560918,0.11701604884421779,0.15761004085652724,0.2511829842752609,0.20427879745000246,0.2580684393035353,0.10494985290940989,0.4047739463635282,0.4393677019461755,0.4105589089146258,0.36395177792688893,0.4526513500076385,0.4903311877426796,0.4658154942647538,0.4182360175551502,0.3084814190849683,0.3057986313779181,0.3017272643807883,0.28672740948075554,2.8325216185061874,3.1501987516412564,2.935705169589026,2.8911022698835125,1.1368399707039787,1.1310139149559406,1.0066073285801167,1.0856256995442397,1.4357506556151292,1.3757392824071448,1.3147184125317413,1.4279219890524384,1.3018617677841662,1.2311432287641755,1.2534370342144554,1.3052931594270198,1.036913833558571,0.977675785687297,0.9800620053781437,1.0492371926177848,1.5508745495727236,1.508921879748819,1.5554641931180757,1.5714251912501784,0.16715976331360946,0.12130177514792899,0.04585798816568047,0.1487603305785124,0.09228650137741047,0.05647382920110193,0.12978142076502733,0.06830601092896176,0.06147540983606557,0.15920398009950248,0.1011608623548922,0.05804311774461028,4.339285714285714,3.888888888888889,4.133333333333333,4.211538461538462,72.1,71.6,69.5,71.4
401762868,2025-11-25 21:30:00,2025,regular,14,False,Massachusetts,Mid-American,748,488.73,Bowling Green,Mid-American,527.31,1230,14.5,-0.025218269168074237,0.2907022002508519,0.019509358422688527,0.18152644075358343,0.018992781783365137,0.16167008564327215,0.053552938609959466,0.09869165751682171,0.04550244072903395,0.3996483721776015,0.10312829786775962,0.286514530289414,0.30653873024033923,0.5222966022551109,0.3334753059385652,0.4367072913102585,0.38084011907165977,0.5443372527536984,0.39672333774425933,0.4829305260750182,0.26060356326353823,0.34015383823679934,0.27805153953468287,0.3024790017194377,2.4019973487983144,3.2882459458557207,2.7519890349120053,2.851670187386014,0.8552351326835907,1.1684820097109097,0.9513956711598613,1.1204079940994685,1.2411396140712219,1.2000217160563218,1.108933498136759,1.3310972118047626,1.2273678256502767,1.18961304016538,1.2618635081495089,1.2851169817219246,0.9810937046262438,0.9030131293067741,0.9828124326952317,1.0107513386295985,1.478625525950044,1.5620832130131321,1.5558385564898571,1.5724241892342774,0.2082018927444795,0.1309148264984227,0.07728706624605679,0.17492260061919504,0.10990712074303406,0.06501547987616099,0.08356940509915015,0.06657223796033994,0.0169971671388102,0.19312602291325695,0.12111292962356793,0.07201309328968904,2.026315789473684,2.8823529411764706,4.8533333333333335,3.492063492063492,73.7,68.6,69.9,70.6
401762869,2025-11-26 00:30:00,2025,regular,14,False,Eastern Michigan,Mid-American,1246,572.9,Western Michigan,Mid-American,534.35,1407,7.0,0.18009785158789499,0.2515455786479215,0.07985030606940513,0.10579692151030826,0.12670222548747095,0.17517017699883708,0.081747873826025,0.09865745571845466,0.2657585988907466,0.3179004240907234,0.15195533700293223,0.13969885875422533,0.40865016329745274,0.4731952956010649,0.39824553601837176,0.40372527414775355,0.46766896401875263,0.5145203137379385,0.4919069413462617,0.4567909540999804,0.3077439253442787,0.3104490957840432,0.26150080889303967,0.2821341318254544,2.994978151833418,3.14896650562998,2.97266003054073,2.821741869635843,1.0999757707172824,1.1636921788547288,1.00552979737309,1.0483633073036853,1.033876263194329,1.4866733634666827,0.9417219005938362,1.1606901157675764,1.2361496403681673,1.2589803221549516,1.1410108348658587,1.2298687343343995,0.955726873414117,0.9936489882368188,0.9011843655253419,0.9848745222325482,1.5506046407402723,1.5590560726823115,1.518319567476262,1.5007238273216796,0.12797619047619047,0.06547619047619048,0.0625,0.13616398243045388,0.09809663250366032,0.03806734992679356,0.10526315789473684,0.06616541353383458,0.039097744360902256,0.15689381933438987,0.1045958795562599,0.05229793977812995,4.0,3.2142857142857144,3.8615384615384616,3.38,74.8,70.2,69.3,70.8
401762516,2025-11-28 00:30:00,2025,regular,14,False,Memphis,American Athletic,1660,668.63,Navy,American Athletic,0.0,1485,-5.0,0.24138848353203052,0.19776432600721944,0.25279813723116434,0.2385575002114313,0.22661889943956381,0.06755771313465894,0.24556877931166388,0.12883066081481065,0.23705490493566275,0.32058102132034005,0.2884887361409771,0.37084711487025895,0.4478192720378034,0.41960100695410246,0.4642949052684331,0.4447519019304518,0.512375787448272,0.4767436703264352,0.5152314113469876,0.48255718141168774,0.3076703459048934,0.29635224224994544,0.30433905872257444,0.32302447600835926,3.0619277138141614,2.6279496830706135,3.3016919280137182,2.883442367621219,1.264036136495847,0.9345940418762659,1.249581618970122,1.038155345675969,1.5074852661491185,1.2213513366055522,1.6246990461085156,1.1570871519681736,1.2894525316846244,1.2779035920339923,1.2828690786354995,1.2792224698521852,1.0648717724303525,0.9827464450431521,1.0600329552823096,0.9864719840833736,1.5135701820993321,1.5517084482348096,1.6190137527506465,1.5728607867093864,0.1402002861230329,0.10157367668097282,0.03862660944206009,0.09285714285714286,0.06964285714285715,0.023214285714285715,0.17612809315866085,0.10480349344978165,0.07132459970887918,0.11726384364820847,0.0749185667752443,0.04234527687296417,4.538461538461538,3.982456140350877,3.9772727272727275,4.333333333333333,70.3,74.7,68.6,72.6
401762870,2025-11-28 17:00:00,2025,regular,14,False,Buffalo,Mid-American,1288,513.33,Ohio,Mid-American,469.99,1572,6.0,0.01782895406457094,0.16464704432078114,0.1493442561176275,0.14771954720212646,-0.01995706134751271,0.09099592878119865,0.14824091530626937,0.0994232321956017,0.14585907809013487,0.24887493370153993,0.22425435761316984,0.2157668957487225,0.33474347066058735,0.4328328334444703,0.40373953468894036,0.4467360976535811,0.41235550104524343,0.4703727339361697,0.4657287549465519,0.49508229379478297,0.26978247699476243,0.2992726758166194,0.2988697184427248,0.29437478022291097,2.5954919588634042,2.943064523400736,3.0792578342672616,3.061840951020187,0.8837420522959026,1.0062528378798574,1.0860282247565698,1.261917147363473,1.1774823586119967,1.0950628121496342,1.3475941802774825,1.341789878693839,1.2218276878466459,1.261235500200114,1.2523156456402755,1.244041243415305,0.9399856875830341,0.9629749470745012,1.0427295415097881,0.9735318940624889,1.4975203036197389,1.565447012115591,1.4962682922045225,1.5336263030868043,0.18313953488372092,0.10610465116279069,0.07703488372093023,0.12816691505216096,0.07451564828614009,0.05365126676602087,0.15804195804195803,0.1048951048951049,0.05314685314685315,0.1529790660225443,0.09017713365539452,0.06280193236714976,3.0384615384615383,3.3692307692307693,3.05,2.6206896551724137,70.4,71.6,69.6,71.3
401762871,2025-11-28 17:00:00,2025,regular,14,False,Northern Illinois,Mid-American,1260,471.01,Kent State,Mid-American,456.24,974,-5.0,0.07540066642107669,0.23149819088994994,0.07874145629450931,0.24378146855964788,0.1023073352820179,0.15727632677133285,0.02034813516498353,0.14753543676561237,0.13868969231399894,0.26248001072606564,0.23976094091574998,0.32154290259422597,0.320078334368346,0.4807702844129644,0.33988321278237676,0.4763587004398858,0.390878853366166,0.5036490167962582,0.42195877440550655,0.5133550304423776,0.26158715164510055,0.33328524832056605,0.25750228576890577,0.3216605122402224,2.7793046367106955,3.152684792589842,2.5213592571127994,3.0041899907122653,0.9546702521580586,1.109053026642843,0.8390973829750858,1.1011579532039055,1.4184893314196285,1.0417807610203005,0.8736077358431185,1.2314539715750032,1.2780120082241695,1.218331138611432,1.2989415287934802,1.2649038546283193,1.0341261349813589,0.9547716238303731,0.9548412078630124,0.9735765701457857,1.5717135395640276,1.5299861108667931,1.627554014761874,1.5596764457320134,0.1371900826446281,0.10578512396694215,0.03140495867768595,0.18663194444444445,0.13975694444444445,0.046875,0.09523809523809523,0.05627705627705628,0.03896103896103896,0.1411451398135819,0.09187749667110519,0.0492676431424767,2.7,3.236842105263158,3.40625,4.352112676056338,72.8,68.3,71.6,68.4
401752786,2025-11-28 20:30:00,2025,regular,14,True,Georgia Tech,ACC,1573,715.56,Georgia,ACC,1002.98,2048,13.5,0.23962602748068906,0.20659625253763003,0.26510085723472876,0.11403361453721356,0.17062468526107757,0.1352159365928803,0.15250528973848254,0.062251192343539014,0.3262794713899517,0.2956199396317067,0.33415371152640894,0.22849648833963696,0.5046535499643502,0.45047165698939245,0.4912576218559815,0.3584718055163051,0.5397228790919161,0.5177985598674703,0.5404620533454743,0.4208559111842771,0.33110843240891064,0.2895742775939746,0.3052214780392291,0.2853864130008664,3.2830226641017157,3.008176160254888,3.0388163137851336,2.676320640793767,1.1487517107123466,1.076652896072215,1.0824499409189583,0.8256709708894416,1.2179071820553782,1.601374245968878,1.115072007597112,0.9175894925607437,1.1902847813823194,1.24966865114339,1.222653078532447,1.2316634897986634,0.9272321163283125,0.9883959948629645,0.9671118309994673,0.9366569954559297,1.5378151124837607,1.5307947768563586,1.501724570329594,1.5265649219232553,0.11644832605531295,0.08442503639010189,0.03202328966521106,0.12154696132596685,0.0787292817679558,0.04281767955801105,0.1238390092879257,0.07739938080495357,0.04643962848297214,0.13906752411575563,0.0747588424437299,0.06430868167202572,4.196969696969697,4.890625,3.943396226415094,4.128205128205129,70.9,73.2,71.2,73.1
401752792,2025-11-29 00:30:00,2025,regular,14,False,Texas,SEC,1880,973.54,Texas A&M,SEC,917.29,1896,2.0,0.17168373978094514,0.09269727595857674,0.2811741568813936,0.13426067025269203,0.06584311624236602,0.015499644351602213,0.13894924161777658,0.1253361985686077,0.2962761800449981,0.2249141911231059,0.40166740954532243,0.17674800592864554,0.42095375711784183,0.3707173287294074,0.4935503316844854,0.34472616712266896,0.4555795444635412,0.4339999459233411,0.5551609532706675,0.4278575311489579,0.31479119632544045,0.28708734396952645,0.29109880215074474,0.2662207318275061,2.9044531658200805,2.548607328577818,3.0260839154598043,2.764910521029716,1.017072685415865,0.946441640306991,1.1608168892060498,1.0950946968658686,0.9498088633429593,0.9626688240882164,1.3310758919863093,1.4484280888937573,1.2807599101383003,1.224072215776282,1.2573212434779968,1.3168580518916544,0.9045761366783219,0.9201922203589985,0.9611498661615139,1.042001942138692,1.6196479712707244,1.5252557903050306,1.5792521679954914,1.5652336672914375,0.15155807365439095,0.09631728045325778,0.05524079320113314,0.10850439882697947,0.05718475073313783,0.051319648093841645,0.18488529014844804,0.11875843454790823,0.06612685560053981,0.2108626198083067,0.15335463258785942,0.05750798722044728,3.305555555555556,4.383561643835616,3.8627450980392157,4.325581395348837,68.2,74.5,66.4,74.3
401752924,2025-11-29 00:30:00,2025,regular,14,False,Purdue,Big Ten,1276,687.74,Indiana,Big Ten,645.34,2142,28.5,0.127750367367353,0.1810142322084782,0.29477741224319143,0.060059072532667485,0.1311607114799689,0.11058753677677124,0.18960857890290694,0.028772357179488783,0.16884117016352881,0.3229696150851775,0.3979565258967344,0.18802025151616558,0.418646182902321,0.4287547007606302,0.5082829604191897,0.3395226541843618,0.45471850940977954,0.4952900794585974,0.5300666150776744,0.4091866359058435,0.3213198715944102,0.2951245078980416,0.3467535588071755,0.2693563263518395,2.9974821327122134,3.0318505548233774,3.1888648567394626,2.5739572356405303,1.0849369282185104,1.0934821993134687,1.1835320349970395,0.8826265576656319,1.2229158158487432,1.0652202441947005,1.3808006703761682,1.3531934002686556,1.2563075882542334,1.243670667970387,1.2422353707513314,1.294361829772924,0.9989170209439452,0.9223243229568352,0.9638019160022863,1.005437508888061,1.5062572276796211,1.5914322965589442,1.5462428172292007,1.5470777349727682,0.1529968454258675,0.0946372239747634,0.0583596214511041,0.12034383954154727,0.06876790830945559,0.05157593123209169,0.15479876160990713,0.09752321981424149,0.05727554179566564,0.2318840579710145,0.15760869565217392,0.07427536231884058,3.0,4.783783783783784,3.7049180327868854,1.9142857142857144,72.1,73.0,68.3,73.0
401752787,2025-11-29 17:00:00,2025,regular,14,False,Louisville,ACC,1631,700.77,Kentucky,ACC,763.18,1578,-3.5,0.14462582221919637,0.10649161536022023,0.11545375800532715,0.12303302309507275,0.16565452500112648,0.09597595561387877,0.0852627442512209,0.05894741111998294,0.16647651217133225,0.1549027003597722,0.2124843149763445,0.2406134970676033,0.44196635760722186,0.38529949236353156,0.4417430730905801,0.3873422278720251,0.5100834388323708,0.4475854519949348,0.49114490231188884,0.44848898956462835,0.2762358138215247,0.282597550811085,0.30117508030754064,0.30037741184506583,2.873906825017339,2.766115313526741,3.0593017101086595,2.7516370027667234,1.1356357284696343,0.9885560373374058,1.0542108076160208,0.9332926990823109,1.6807847950620292,1.0669513246865594,1.1134540431644036,0.9301287821662568,1.2329249565264526,1.2305132267337309,1.2138063397888208,1.269596758288923,1.008764571992991,0.9805155309728566,0.9091341190141201,0.9688769516905623,1.477602727771992,1.4865678176663262,1.5608526570935015,1.5479010582176973,0.16793893129770993,0.10381679389312977,0.06412213740458016,0.17851959361393324,0.11320754716981132,0.06531204644412192,0.15875370919881307,0.09198813056379822,0.06676557863501484,0.14413075780089152,0.09658246656760773,0.0475482912332838,3.3076923076923075,3.7735849056603774,3.509433962264151,4.055555555555555,68.5,71.4,69.2,73.9
401757312,2025-11-29 19:00:00,2025,regular,14,False,Jacksonville State,Conference USA,1501,519.93,Western Kentucky,Conference USA,561.36,1401,2.0,0.15490448051145161,0.21738794965447256,0.1354509580007216,0.14835421970263266,0.15007695784826208,0.11689634371279056,0.06675816899382628,0.09183984243308846,0.18945281996901048,0.30709074621893484,0.21985241278168005,0.22536072886365113,0.4095519923933367,0.45034253929863066,0.4185506022156157,0.40404014865491644,0.4663224775405464,0.4972545673706974,0.46419108140417026,0.4590635323292977,0.3024420961975467,0.30809723298570346,0.3173795529938381,0.28230523226066967,2.969395649010842,2.8615869687982425,2.9420570607439136,2.9596866001457447,1.1230746014151598,1.1073444895942575,1.0529577592710884,1.0762367355737898,1.4218657684156024,1.363057788066074,1.2200305121848753,1.600006482744039,1.2600802248333418,1.308456805048692,1.221381709049792,1.277421259769706,1.0415874320465859,1.0116515611471586,0.9271725093491372,0.9973964958072524,1.5411574770439722,1.5886773693057417,1.5189707906680983,1.5566723221727448,0.13872832369942195,0.0953757225433526,0.04335260115606936,0.15558698727015557,0.0891089108910891,0.06647807637906648,0.1627565982404692,0.09824046920821114,0.06451612903225806,0.15214384508990317,0.07883817427385892,0.07330567081604426,3.7096774193548385,3.8666666666666667,4.0,2.7142857142857144,71.6,72.9,72.7,71.0
401752783,2025-11-29 20:30:00,2025,regular,14,False,Arkansas,SEC,1588,772.64,Missouri,SEC,804.77,1748,2.5,0.31307702028178075,0.21607671519413277,0.19552097350044412,0.06180544789959931,0.24821857016040558,0.1273493951447714,0.1954408440976379,0.058591182117669886,0.3365679440059681,0.36724254092596265,0.19664104390917325,0.15107642974328878,0.5121970696333157,0.432279659416398,0.4539096726928635,0.33231561804915255,0.5414658816830648,0.4757956676951435,0.4908930746615202,0.38788375329113906,0.3450061137483066,0.3358997528114534,0.32452750763355503,0.28008461693367975,3.3223005251043123,2.9631549628551896,3.0809393306945094,2.7084089101799997,1.4267222251154685,1.1347967423371472,1.1884922696496143,0.863710115982544,1.9673811792983211,1.2302303596807536,1.6358917828769093,1.4032477259654763,1.2899794991287803,1.2821704822531124,1.2516281808712746,1.2524932742565977,1.0277208673673337,0.968701061071205,1.028164057187338,0.9694402790639938,1.5702584464673106,1.6133686519835657,1.5144829264984776,1.5437127216377429,0.1702127659574468,0.09422492401215805,0.07598784194528875,0.13956639566395665,0.09620596205962059,0.04336043360433604,0.15472779369627507,0.08739255014326648,0.0673352435530086,0.205,0.12666666666666668,0.07833333333333334,4.1940298507462686,3.8688524590163933,4.408450704225352,4.121951219512195,73.0,71.2,71.9,72.7
401752789,2025-11-29 20:30:00,2025,regular,14,False,Oklahoma,SEC,1824,882.59,LSU,SEC,920.05,1690,-10.0,0.13104793856441588,0.010621719717575084,0.0796009443659303,0.04476422868975173,0.09501443602097658,-0.001208072769441848,0.04913092621546438,0.06497759001426548,0.19174049921257016,0.12335645380680249,0.18622119500615908,0.1372088910154038,0.43238789521230836,0.3041799461823685,0.4039676221922677,0.35461631331674637,0.4915249985008198,0.3537582732886607,0.449345610388833,0.4266376236916648,0.28747683251182404,0.28232092172836776,0.2984187542173033,0.2824465346851936,2.958358189006707,2.308672390227952,2.68991551017252,2.733345839319953,1.0965758094763751,0.80246316595561,0.9595118156723027,1.0340900216478544,1.1588965358032792,1.0545157815010202,1.3825520195269458,1.1233081878166742,1.2223706340864158,1.2873714823823432,1.2182683269399623,1.233254120222157,0.9571170035827125,1.0082837500079824,0.9379523346500331,0.9496541605340817,1.5091514527724461,1.5356575106601702,1.5052223981460267,1.5428149039630745,0.17371601208459214,0.10120845921450151,0.07250755287009064,0.18421052631578946,0.11455108359133127,0.0696594427244582,0.2344213649851632,0.17359050445103857,0.06083086053412463,0.16946564885496182,0.08396946564885496,0.08549618320610687,3.736842105263158,2.7540983606557377,2.5416666666666665,3.0784313725490198,68.5,74.8,70.3,72.6
401752918,2025-11-29 20:30:00,2025,regular,14,False,Minnesota,Big Ten,1491,711.04,Wisconsin,Big Ten,763.17,1521,-1.0,0.11325020082133483,0.21097244668474985,0.08777107923475867,0.13807914861187473,0.029838723301323172,0.1341994029043746,0.09829522035525466,0.05503584619158432,0.2211874102262783,0.2913711975472654,0.13575903666576358,0.27054921878364996,0.39274246233188204,0.44764965346363206,0.3883639796279964,0.4218841644924223,0.4440479335902398,0.49339757578879123,0.4431115291972421,0.49539188628256736,0.29349320530965134,0.3218264780708634,0.27631815943146193,0.29217450732803596,2.704169331434264,2.90973067085489,2.9713314546223124,2.7461446267154943,0.8483654676952417,1.1539382760163412,0.9936417345398904,0.9357321786521053,1.0970402864077422,1.257215269523688,0.9769457770743721,1.0203888977086721,1.218276203693653,1.2614897555859708,1.2338325280379572,1.1885761891058684,0.9244139968732845,0.9775150195342072,0.9966345113449032,0.8986544156654138,1.4983312412172949,1.5299807341229164,1.5143444694721482,1.4977708328758428,0.17569786535303777,0.09359605911330049,0.08210180623973727,0.18238021638330756,0.11746522411128284,0.06491499227202473,0.16614906832298137,0.12577639751552794,0.040372670807453416,0.13478260869565217,0.09420289855072464,0.04057971014492753,3.8260869565217392,2.3333333333333335,3.983050847457627,3.225806451612903,70.8,72.9,71.1,73.0
401752920,2025-11-29 20:30:00,2025,regular,14,False,Rutgers,Big Ten,1445,689.22,Penn State,Big Ten,910.42,1975,12.0,0.1993250511161892,0.29241764586635133,0.23826060970219357,0.11493241681477073,0.10075888973021753,0.19873472653989266,0.15413759444882663,0.12723334827959445,0.2812016691896355,0.37239159709887726,0.29993812660668784,0.18134367761555756,0.45157734154619,0.4622290011064284,0.47619391159596813,0.391677884896919,0.4908305966730156,0.5159659789433838,0.5164885877019343,0.4405122517719261,0.3226699288624931,0.31546766408363797,0.3123057667780872,0.3019716230396446,2.9049573993770164,3.053412510315206,3.01051760921782,2.885616041707864,0.9789121437544013,1.2921385564486552,1.0436799538735633,1.0705821137974016,1.0473616319449808,1.9882586022356663,1.1678601577600478,1.2500410284709036,1.2326668364354243,1.3031327654570224,1.2294005462587936,1.2214527985866828,0.9314009695929303,1.0311801001902132,0.9752557839725347,0.9739084618397563,1.5214814220036064,1.572060757490579,1.5127375995017776,1.5148295209615885,0.16942148760330578,0.08953168044077135,0.07988980716253444,0.1464968152866242,0.1035031847133758,0.042993630573248405,0.11677631578947369,0.0805921052631579,0.03618421052631579,0.15409309791332262,0.10914927768860354,0.0449438202247191,3.2,4.410714285714286,4.569230769230769,3.6346153846153846,71.5,73.3,67.4,72.9
401762441,2025-11-29 20:30:00,2025,regular,14,False,UTSA,American Athletic,1585,662.09,Army,American Athletic,23.66,1504,-7.0,0.1794811289875066,0.14681104022847416,0.14713926692192297,0.1798314504659672,0.11525202139147432,0.09546824966331698,0.11895208383978872,0.07361916070287702,0.27844888521160016,0.2504493117572546,0.2743567569286864,0.31516882072335406,0.43049241668335614,0.38359835516169594,0.3959837062643531,0.46516315839471506,0.47749084008989673,0.44503101465933514,0.44533280975252965,0.5254598133271796,0.31405313543951097,0.2865571671644188,0.2944329318763043,0.29803427144571704,2.7185722194564774,2.868431557730759,2.938866215594528,3.083733673547258,1.0584428897791656,1.0148347623096252,0.7681906131932189,1.0456476776182382,1.6952059627206117,1.3682456216673407,0.8766749170798973,1.0139207285214087,1.2782824137543933,1.3296118040326226,1.191454360357447,1.1727686436445615,1.0435022618922694,1.0004885256360692,0.9514449965766592,0.892408656714121,1.5108955821240309,1.6339939869212654,1.6340611770551803,1.5083318779519652,0.16941529235382308,0.10944527736131934,0.05997001499250375,0.06957928802588997,0.06310679611650485,0.006472491909385114,0.171875,0.1046875,0.0671875,0.11433756805807622,0.06896551724137931,0.045372050816696916,3.9636363636363634,3.489795918367347,4.326923076923077,3.693877551020408,69.6,73.6,69.6,70.1
401752919,2025-11-29 21:30:00,2025,regular,14,False,USC,Big Ten,1898,847.53,UCLA,Big Ten,766.62,1313,-21.0,0.3310113964135827,0.12011168859117546,0.14991203654056606,0.19036513134515343,0.17713102278878518,0.10018166190347629,0.1561662928125377,0.16771471241286562,0.4383505988636276,0.1828537980172038,0.18096272032862293,0.26269791441048335,0.4994654896785312,0.4278443227265824,0.4259545086088618,0.45663595601472745,0.5290083011812355,0.48426725961980077,0.46869232522975884,0.4960088945056802,0.34431134585488843,0.30520801880744325,0.306388223737799,0.34230604256105224,3.116196444970788,3.0764374500562535,2.9628230200046093,3.1308835477919597,1.1951692157493279,1.1324362826306507,1.082883806321355,1.136769967722257,1.5053609586444905,1.0501349924185241,1.3685352090501115,1.1532999684626357,1.3098106593348207,1.2078980876604803,1.2175910929620584,1.2000535985148317,0.9989651314197785,0.902553999867241,0.993359869219244,0.9477002531677794,1.5773904317789689,1.5635530525725134,1.477431389550602,1.526291193486692,0.13397790055248618,0.07458563535911603,0.05939226519337017,0.15946348733233978,0.09239940387481371,0.06706408345752608,0.15875370919881307,0.10979228486646884,0.04896142433234421,0.12,0.06758620689655172,0.05241379310344828,4.756756756756757,3.0689655172413794,3.491228070175439,4.633802816901409,73.1,72.4,73.4,69.1
401752923,2025-11-30 00:00:00,2025,regular,14,True,Michigan State,Big Ten,1382,717.42,Maryland,Big Ten,699.31,1414,-4.0,0.12230501479948057,0.15173892568920852,0.07578446836193753,0.11232578521380805,0.06655018868541489,0.12312514607890339,0.022114445144480938,0.1263986854894766,0.23076970661161128,0.2527480210987256,0.1771362830325445,0.18522199248787577,0.41142934408120535,0.4164319033573664,0.3690391540112027,0.4211578628251199,0.4708575627335006,0.4836787047944144,0.40667433697404254,0.4800459193814305,0.2837278554656768,0.28715438262217813,0.3054888889917963,0.29905152115056705,2.6385601460005828,2.8433700004417117,2.7610891765955667,3.0281210349371186,1.0618535844119703,1.0656572248867835,0.9142642082603942,1.0540428217310027,1.2851695348412553,1.2205946886857355,1.2357315675771714,1.2571814583042895,1.2343725367291072,1.2127292697784593,1.2695361476236582,1.2304101875002913,0.96190489010742,0.9460591705229632,0.9744862725187036,0.9563547393185469,1.5057667915426896,1.5292425510224383,1.5209937390323987,1.5554641176551678,0.18307692307692308,0.14461538461538462,0.038461538461538464,0.15107361963190183,0.06671779141104295,0.0843558282208589,0.14084507042253522,0.09389671361502347,0.046948356807511735,0.13593539703903096,0.07940780619111709,0.05652759084791386,3.2941176470588234,3.0576923076923075,3.8225806451612905,3.626865671641791,72.9,68.2,70.0,70.7
401762520,2025-11-30 00:00:00,2025,regular,14,False,South Florida,American Athletic,1751,666.89,Rice,American Athletic,530.06,1144,-27.5,0.2602213707915747,0.10494700477039559,0.033853825532786874,0.21108075014320188,0.15849052673020544,0.03561108533949543,0.029882710170547944,0.1252921000875083,0.3642902511349455,0.2199962481523177,0.16341468094306935,0.31004974919939543,0.45602526675832417,0.38646279139262696,0.33433190724797063,0.4059877724555468,0.5183972911374047,0.4376892394798175,0.413336904890332,0.4434726417131057,0.2943603267208399,0.30268188843922905,0.24768344472187423,0.3082420324222589,3.1798977505603436,2.763553172437276,2.7068193375441005,2.9226673565065466,1.2247600253273916,1.0351077322036848,0.9551212943538135,1.0541371849950822,1.53603632013613,1.0884711688987865,1.1922168821076997,1.2484561775221559,1.271155581549023,1.2710641977635906,1.2249644024243318,1.3626746559692333,0.9838957962912424,0.9576141498515617,0.9882048151617331,1.0336440336540376,1.5811680288333665,1.5730263395609831,1.567689823114628,1.6430381118228488,0.13623595505617977,0.07865168539325842,0.05758426966292135,0.171875,0.140625,0.03125,0.16819973718791065,0.10643889618922471,0.06176084099868594,0.13097072419106318,0.08012326656394453,0.05084745762711865,4.582089552238806,3.4871794871794872,3.453125,3.5245901639344264,70.6,70.5,73.0,70.7
401760423,2025-11-30 03:30:00,2025,regular,14,False,San Jos State,Mountain West,1185,522.91,Fresno State,Mountain West,586.84,1478,2.5,0.18161004558942995,0.21401082152748063,0.07297178335520668,0.15858180215774784,0.10698899449404847,0.10973676011782084,0.022508287158509402,0.11132798295507643,0.2562004825181034,0.31616340886156685,0.21090512734728548,0.22699406123034535,0.42686382791829003,0.4484654608466089,0.37376153302439413,0.4135176865843393,0.4852019137552614,0.5098681005686937,0.4289938458238461,0.4722685571472968,0.3053608226282522,0.2899422016502453,0.28815740846053733,0.2873515673198226,3.0228346453164625,2.9787838584210578,2.7347478276459634,2.9454904559463833,1.1415353077225245,0.9913187542840093,1.0178873556530585,1.1164366692147656,1.1251842869796616,0.9953106848931071,1.4222220586531358,1.1905360673034064,1.261372201438623,1.260249266215864,1.247935888630195,1.2376621907851726,0.9462840253481176,0.9388842083346715,0.9900300684831104,0.9389056487773225,1.5326950867787672,1.5939961381972974,1.5176626292012318,1.5619335908885295,0.150354609929078,0.06382978723404255,0.08652482269503546,0.1743119266055046,0.11009174311926606,0.06422018348623854,0.12148148148148148,0.07555555555555556,0.045925925925925926,0.16568047337278108,0.09763313609467456,0.06804733727810651,2.6206896551724137,2.913793103448276,3.9696969696969697,3.611111111111111,73.2,69.3,67.1,72.1
401760424,2025-11-30 04:00:00,2025,regular,14,False,Hawai'i,Mountain West,1421,481.2,Wyoming,Mountain West,489.33,1333,-10.0,0.12878500033118107,0.1869577216067292,0.03997654952953261,0.10739510321735504,0.040542912737659254,0.13248708166834505,0.032973709050023184,0.10321926159228703,0.24394032527815834,0.24903382119969855,0.14444418343409943,0.17371925919034845,0.3930836292318644,0.4351462989614214,0.35290152405000397,0.39917845485995074,0.4309493035115875,0.49093527121466723,0.41973956980632426,0.45723112659870807,0.32206579673098656,0.30085899525033366,0.2750556744446715,0.2867195229008648,2.7901189813247527,3.1852950973041594,2.7647775322500077,2.970609472891418,1.011341499193402,1.1523466932427613,1.016973120198849,1.1128027901346982,1.0446698479862397,1.3184151071814327,1.0130676880388867,1.2229551804021879,1.2844236229671502,1.2706921642491054,1.2211396886395216,1.2290132729647734,0.9493349057133408,0.9784863197002508,0.9602904464777478,0.9612656565504217,1.5500323144570074,1.5830630958941259,1.5128909105061192,1.5535163694834762,0.12780898876404495,0.07443820224719101,0.05337078651685393,0.18541033434650456,0.09422492401215805,0.0911854103343465,0.1461038961038961,0.08928571428571429,0.056818181818181816,0.1390532544378698,0.07988165680473373,0.05917159763313609,3.564516129032258,2.953488372093023,3.689655172413793,2.8333333333333335,70.3,70.5,74.3,69.9
401762518,2025-11-30 00:30:00,2025,regular,14,False,Tulane,American Athletic,1575,650.87,Charlotte,American Athletic,526.3,1035,-30.0,0.1981683585472691,0.14989490722386783,0.0023610043428397842,0.19448220938333582,0.09801001255397931,0.09844712730488538,-0.009850745883788231,0.16002242560471347,0.330599414814225,0.2484993269531187,0.12806521781478092,0.2584430250891059,0.4316924967562038,0.44057203662225397,0.34061871304779645,0.4981601829554656,0.476878105581886,0.48784314246970933,0.4038987548630387,0.5549198676656517,0.3138443689861657,0.31143529590527524,0.2667172450599613,0.3103786840262713,3.0948222239125935,3.0117318491010474,2.5115184795077927,3.1535194705013874,1.096223487060093,1.1065572965035602,0.9199127524915235,1.2275065504762561,1.110614050824437,0.941271535198541,0.8920364861647821,1.2864510827460547,1.247820419179708,1.2158971859609125,1.2420387013622776,1.166019051479252,0.9589359065660258,0.9462699558340715,0.8900084167106622,0.925231843585894,1.5503720436692583,1.5088966443037581,1.5913292217089985,1.4855356575879282,0.12292817679558012,0.06767955801104972,0.055248618784530384,0.19141914191419143,0.1188118811881188,0.07260726072607261,0.156289707750953,0.0940279542566709,0.062261753494282084,0.10292072322670376,0.06815020862308763,0.03477051460361613,3.9571428571428573,2.6216216216216215,3.753623188405797,4.111111111111111,63.6,73.4,72.7,68.0
401760421,2025-11-28 20:00:00,2025,regular,14,False,Colorado State,Mountain West,1191,583.71,Air Force,Mountain West,0.0,1350,3.0,0.1274960624086196,0.22597855069693218,0.2141112554278666,0.3528665803201605,0.07989965476863081,0.15390594254979084,0.1569097332100392,0.22943634262642204,0.22616996178484,0.3151476970768581,0.337407593833632,0.4111084345213057,0.3925068992852739,0.45353501734580914,0.43811911653221414,0.49931875246326424,0.444244905606018,0.492855345009465,0.4868677782372395,0.5267072323023043,0.29498736297591527,0.320927316082119,0.30520515245085705,0.34986841407128827,2.8584834806418686,3.232345242642665,3.000935828498925,3.1420020683679035,1.06647998185344,1.1508360220389762,0.9913690149089069,1.196772047787004,1.0552453000813813,1.4796124161712438,1.1114003624585247,1.4769043734358107,1.257328985113254,1.2777656332390945,1.24134001593286,1.3118719942316135,0.9570663838289712,0.9710873574954648,0.9730900076442641,1.0596333006388536,1.558837730532654,1.5987130423309035,1.6511150680917088,1.527080188295501,0.2006220839813375,0.12752721617418353,0.07309486780715396,0.10144927536231885,0.07246376811594203,0.028985507246376812,0.13583815028901733,0.0708092485549133,0.06502890173410404,0.09882747068676717,0.05695142378559464,0.04187604690117253,3.3636363636363638,4.233333333333333,3.791044776119403,4.209677419354839,73.8,69.8,72.0,71.1
401752922,2025-11-30 00:30:00,2025,regular,14,False,Illinois,Big Ten,1576,662.13,Northwestern,Big Ten,677.97,1531,-6.5,0.1918520803690653,0.19161009820401798,0.1574080821730984,0.16072131335862808,0.06100366187622167,0.10030118284705136,0.1300275774440363,0.14017475643828833,0.3508089797455612,0.2933569611211949,0.21594201664384946,0.23532419967927273,0.46075116072675015,0.4390116834939703,0.4308269799532622,0.4281059390152213,0.49850935309118183,0.4846091190558401,0.4714790143019718,0.4693964021794874,0.32392052135374455,0.32753276807755827,0.31670455565688116,0.32832248040448275,2.861589001912729,2.9191196369155423,2.9173883824969074,2.9796411383240375,1.0688356330289177,0.9436847750686195,1.036690066573988,1.0512040899000479,0.9721911075344514,1.1348644089170898,1.2451524584127738,1.381257998120464,1.2291986036275055,1.2166694794472164,1.2166646799316716,1.242454372981206,0.9068352441687101,0.954194150586696,0.9471431562297102,0.9926329695371671,1.5627840677537912,1.466817128726417,1.5307725641118126,1.5222337908699135,0.15692307692307692,0.1,0.05692307692307692,0.15325077399380804,0.07585139318885449,0.07739938080495357,0.13421828908554573,0.07964601769911504,0.05457227138643068,0.13114754098360656,0.07704918032786885,0.054098360655737705,4.338983050847458,3.5283018867924527,4.452830188679245,3.603448275862069,70.0,71.1,72.4,71.3
401752791,2025-11-29 20:30:00,2025,regular,14,False,Tennessee,SEC,1856,866.57,Vanderbilt,SEC,685.42,1827,-3.0,0.28834676825158156,0.11982858296311162,0.35715744014493694,0.18953171729244872,0.183274897022485,0.04849980749457766,0.2118041650626103,0.04931902700086945,0.3601461890173655,0.23311201255219244,0.42815128569096494,0.3229232315507926,0.5076025690348035,0.4254814420185321,0.5138060858200666,0.415688173524285,0.55380267510471,0.49904920297728617,0.5222128113815029,0.4735936417053195,0.31635568901852024,0.284734074931151,0.3726993413505053,0.31229194193722504,3.0118219337382626,2.7513693723847377,3.060178813894206,2.805810095762186,1.047995041402684,0.998270445236215,1.1672312634976068,1.0896048316193083,1.2519637523584508,1.1291968221775879,1.6532567598225334,1.1250010085006785,1.2520900403337711,1.191212333689024,1.3330532984028083,1.260596070453849,0.9516005608293884,0.887096597307256,1.0656537873432224,0.9385806567527424,1.5613973624036157,1.5422071638699608,1.55470972438269,1.5350964406979826,0.12039660056657224,0.0679886685552408,0.05240793201133145,0.12980769230769232,0.08333333333333333,0.046474358974358976,0.18281036834924966,0.12005457025920874,0.06275579809004093,0.16138763197586728,0.10558069381598793,0.05580693815987934,4.514705882352941,5.0,3.9672131147540983,3.789473684210526,71.6,72.7,69.9,72.2
401752785,2025-11-29 21:30:00,2025,regular,14,False,Florida,SEC,1543,898.58,Florida State,SEC,828.45,1606,-1.0,0.1421819931991019,0.14571460397909683,0.24545784710943147,0.13787701027355165,0.10873522970386938,0.11312631480879912,0.21276942602373095,0.09212013761930712,0.20764022579868002,0.22993109233673537,0.26635414103573485,0.21283181305994692,0.44185309718708987,0.40182020203104873,0.4752231434142672,0.40605763323536065,0.4952293866030364,0.47711828607830714,0.5112719857932538,0.4645874448411006,0.28033169909143724,0.28536336502035287,0.33357923769940534,0.29362245753892535,3.112676544270827,2.838250097737707,3.3455992197861697,2.923863022846382,1.032388714423061,0.8905422128186737,1.1927387332539197,0.9040765011847531,0.9793907003621217,1.2009305388016323,1.294404566559458,0.9147056022645876,1.1805319384210016,1.2488794327445463,1.2744217739584598,1.220096990987083,0.8865692547546367,0.9716612537312821,0.994929734943914,0.9299957908775729,1.534431344263258,1.5405214464112564,1.6183642266525275,1.5463070192989876,0.16260162601626016,0.0959349593495935,0.06666666666666667,0.14145658263305322,0.08543417366946779,0.056022408963585436,0.13062409288824384,0.0783744557329463,0.05224963715529753,0.1515601783060921,0.10698365527488855,0.04457652303120357,3.5853658536585367,3.927536231884058,3.608695652173913,3.979591836734694,73.0,69.4,70.6,70.2
401754614,2025-11-30 03:30:00,2025,regular,14,False,Stanford,ACC,1315,707.27,Notre Dame,ACC,912.11,2263,32.5,0.09359881446776858,0.14397507948021634,0.2745317227300592,0.01320506527635451,0.03916903416758548,0.01657695824989623,0.17880862410456783,0.05480948946197733,0.2140905434462504,0.29076803592148376,0.33912466938238106,0.07638133791787458,0.3853178855895219,0.41437046966553076,0.47448695316890016,0.3482164456471251,0.4417166447405184,0.462980633322149,0.4948669705413238,0.41700213971605243,0.27704695705508725,0.3171544260840908,0.35240054915310054,0.27650014725857625,2.703827380294,2.822520465483656,2.9163477583277393,2.780658729594427,0.8523959039673821,1.0038368790700327,1.1823388898017988,0.9114014276097452,0.9740211337634594,1.146901896030792,1.7907507413928438,0.8327676374087846,1.2240218156388476,1.2580231400359014,1.3522666226071325,1.2349572565100788,0.9071406104527241,0.9288137209018215,1.0830925191054221,0.9339447182064446,1.541780206915081,1.5557491507570622,1.5865524781125118,1.553900308438249,0.17379310344827587,0.10344827586206896,0.0703448275862069,0.1345875542691751,0.085383502170767,0.049204052098408106,0.1456953642384106,0.08874172185430464,0.05695364238410596,0.188,0.09866666666666667,0.08933333333333333,2.9272727272727272,4.712328767123288,3.223684210526316,2.459016393442623,74.3,69.9,67.5,73.2
401752917,2025-11-29 20:30:00,2025,regular,14,False,Washington,Big Ten,1802,720.56,Oregon,Big Ten,941.22,2086,6.5,0.25717772510795617,0.08456287320002766,0.3136395299629656,0.01686179452192979,0.1638180701177829,0.03627264520218562,0.2412753481519924,0.06343448484931516,0.3482776190510837,0.19780135888773867,0.3486162900251486,0.10582208031772308,0.4793480159033688,0.3808584228438223,0.4936913900970402,0.3423228028434925,0.5238737131663453,0.43630015719807835,0.5558726103371298,0.4066431574035958,0.31905145804715807,0.2972274129038156,0.2957338259255033,0.27621577772673456,2.8876485275869537,2.8439354066880638,3.2283296817231912,2.7156484532622094,1.1033800427226144,0.9182799954794468,1.2397598257504894,0.821188210933185,1.3353503837610554,1.047600655558177,1.7209989437105988,0.894502342569492,1.2510824162983116,1.2366154100290419,1.2892635086270596,1.225551313495269,1.0013604382365169,0.9256799058864279,1.0277044410602545,0.9427467787492056,1.508084507182034,1.5365000955005435,1.5730337341055423,1.5607656444744598,0.13987138263665594,0.1045016077170418,0.03536977491961415,0.10815047021943573,0.07210031347962383,0.03605015673981191,0.1441578148710167,0.07435508345978756,0.06980273141122914,0.19110378912685339,0.09555189456342669,0.09555189456342669,4.292307692307692,4.230769230769231,3.087719298245614,3.756756756756757,71.8,69.0,69.0,73.6
